,return
2020-03-31 00:00:00+00:00,0.0
2020-04-01 00:00:00+00:00,0.0
2020-04-02 00:00:00+00:00,0.0
2020-04-03 00:00:00+00:00,0.0
2020-04-04 00:00:00+00:00,0.0
2020-04-05 00:00:00+00:00,0.0
2020-04-06 00:00:00+00:00,0.0
2020-04-07 00:00:00+00:00,0.0
2020-04-08 00:00:00+00:00,0.0
2020-04-09 00:00:00+00:00,0.0
2020-04-10 00:00:00+00:00,0.0
2020-04-11 00:00:00+00:00,0.0
2020-04-12 00:00:00+00:00,0.0
2020-04-13 00:00:00+00:00,0.0
2020-04-14 00:00:00+00:00,0.0
2020-04-15 00:00:00+00:00,0.0
2020-04-16 00:00:00+00:00,0.0
2020-04-17 00:00:00+00:00,0.0
2020-04-18 00:00:00+00:00,0.0
2020-04-19 00:00:00+00:00,0.0
2020-04-20 00:00:00+00:00,0.0
2020-04-21 00:00:00+00:00,0.0
2020-04-22 00:00:00+00:00,0.0
2020-04-23 00:00:00+00:00,0.0
2020-04-24 00:00:00+00:00,0.0
2020-04-25 00:00:00+00:00,0.0
2020-04-26 00:00:00+00:00,0.0
2020-04-27 00:00:00+00:00,0.0
2020-04-28 00:00:00+00:00,0.0
2020-04-29 00:00:00+00:00,0.0
2020-04-30 00:00:00+00:00,0.0
2020-05-01 00:00:00+00:00,0.0
2020-05-02 00:00:00+00:00,0.0
2020-05-03 00:00:00+00:00,0.0
2020-05-04 00:00:00+00:00,0.0
2020-05-05 00:00:00+00:00,0.0
2020-05-06 00:00:00+00:00,0.0
2020-05-07 00:00:00+00:00,0.0
2020-05-08 00:00:00+00:00,0.0
2020-05-09 00:00:00+00:00,0.0
2020-05-10 00:00:00+00:00,0.0
2020-05-11 00:00:00+00:00,0.0
2020-05-12 00:00:00+00:00,0.0
2020-05-13 00:00:00+00:00,0.0
2020-05-14 00:00:00+00:00,0.0
2020-05-15 00:00:00+00:00,0.0
2020-05-16 00:00:00+00:00,0.0
2020-05-17 00:00:00+00:00,0.0
2020-05-18 00:00:00+00:00,0.0
2020-05-19 00:00:00+00:00,0.0
2020-05-20 00:00:00+00:00,0.0
2020-05-21 00:00:00+00:00,0.0
2020-05-22 00:00:00+00:00,0.0
2020-05-23 00:00:00+00:00,0.0
2020-05-24 00:00:00+00:00,0.0
2020-05-25 00:00:00+00:00,0.0
2020-05-26 00:00:00+00:00,0.0
2020-05-27 00:00:00+00:00,0.0
2020-05-28 00:00:00+00:00,0.0
2020-05-29 00:00:00+00:00,0.0
2020-05-30 00:00:00+00:00,0.0
2020-05-31 00:00:00+00:00,0.0
2020-06-01 00:00:00+00:00,0.0
2020-06-02 00:00:00+00:00,0.0
2020-06-03 00:00:00+00:00,0.0
2020-06-04 00:00:00+00:00,0.0
2020-06-05 00:00:00+00:00,0.0
2020-06-06 00:00:00+00:00,0.0
2020-06-07 00:00:00+00:00,0.0
2020-06-08 00:00:00+00:00,0.0
2020-06-09 00:00:00+00:00,0.0
2020-06-10 00:00:00+00:00,0.0
2020-06-11 00:00:00+00:00,0.0
2020-06-12 00:00:00+00:00,0.0
2020-06-13 00:00:00+00:00,0.0
2020-06-14 00:00:00+00:00,0.0
2020-06-15 00:00:00+00:00,0.0
2020-06-16 00:00:00+00:00,0.0
2020-06-17 00:00:00+00:00,0.0
2020-06-18 00:00:00+00:00,0.0
2020-06-19 00:00:00+00:00,0.0
2020-06-20 00:00:00+00:00,0.0
2020-06-21 00:00:00+00:00,0.0
2020-06-22 00:00:00+00:00,0.0
2020-06-23 00:00:00+00:00,0.0
2020-06-24 00:00:00+00:00,0.0
2020-06-25 00:00:00+00:00,0.0
2020-06-26 00:00:00+00:00,0.0
2020-06-27 00:00:00+00:00,0.0
2020-06-28 00:00:00+00:00,0.0
2020-06-29 00:00:00+00:00,0.0
2020-06-30 00:00:00+00:00,0.0
2020-07-01 00:00:00+00:00,0.0
2020-07-02 00:00:00+00:00,0.0
2020-07-03 00:00:00+00:00,0.0
2020-07-04 00:00:00+00:00,0.0
2020-07-05 00:00:00+00:00,0.0
2020-07-06 00:00:00+00:00,0.0
2020-07-07 00:00:00+00:00,0.0
2020-07-08 00:00:00+00:00,0.0
2020-07-09 00:00:00+00:00,0.0
2020-07-10 00:00:00+00:00,0.0
2020-07-11 00:00:00+00:00,0.0
2020-07-12 00:00:00+00:00,0.0
2020-07-13 00:00:00+00:00,0.0
2020-07-14 00:00:00+00:00,0.0
2020-07-15 00:00:00+00:00,0.0
2020-07-16 00:00:00+00:00,0.0
2020-07-17 00:00:00+00:00,0.0
2020-07-18 00:00:00+00:00,0.0
2020-07-19 00:00:00+00:00,0.0
2020-07-20 00:00:00+00:00,0.0
2020-07-21 00:00:00+00:00,0.0
2020-07-22 00:00:00+00:00,0.0
2020-07-23 00:00:00+00:00,0.0
2020-07-24 00:00:00+00:00,0.0
2020-07-25 00:00:00+00:00,0.0
2020-07-26 00:00:00+00:00,0.0
2020-07-27 00:00:00+00:00,0.0
2020-07-28 00:00:00+00:00,0.0
2020-07-29 00:00:00+00:00,0.0
2020-07-30 00:00:00+00:00,0.0
2020-07-31 00:00:00+00:00,0.0
2020-08-01 00:00:00+00:00,0.0
2020-08-02 00:00:00+00:00,0.0
2020-08-03 00:00:00+00:00,0.0
2020-08-04 00:00:00+00:00,0.0
2020-08-05 00:00:00+00:00,0.0
2020-08-06 00:00:00+00:00,0.0
2020-08-07 00:00:00+00:00,-0.000475
2020-08-08 00:00:00+00:00,-0.05773497573234518
2020-08-09 00:00:00+00:00,-0.01965785952732191
2020-08-10 00:00:00+00:00,-0.022959033615491467
2020-08-11 00:00:00+00:00,0.013291663677047415
2020-08-12 00:00:00+00:00,-0.014506546832148208
2020-08-13 00:00:00+00:00,0.025588819390845025
2020-08-14 00:00:00+00:00,-0.028024958554332555
2020-08-15 00:00:00+00:00,-0.002448645301190582
2020-08-16 00:00:00+00:00,-0.04837742430439099
2020-08-17 00:00:00+00:00,0.03773319236727056
2020-08-18 00:00:00+00:00,0.005034641716549096
2020-08-19 00:00:00+00:00,0.024951910589278307
2020-08-20 00:00:00+00:00,-0.03948434765106879
2020-08-21 00:00:00+00:00,0.029484692279422964
2020-08-22 00:00:00+00:00,-0.03627731156710961
2020-08-23 00:00:00+00:00,-0.02358545368146902
2020-08-24 00:00:00+00:00,0.006533142610933319
2020-08-25 00:00:00+00:00,0.025174879935192813
2020-08-26 00:00:00+00:00,-0.021605334886182218
2020-08-27 00:00:00+00:00,0.018342313037086833
2020-08-28 00:00:00+00:00,-0.01651762185616823
2020-08-29 00:00:00+00:00,-0.014181546214285792
2020-08-30 00:00:00+00:00,0.006223770736293736
2020-08-31 00:00:00+00:00,0.017633322563811074
2020-09-01 00:00:00+00:00,0.01264315154405727
2020-09-02 00:00:00+00:00,0.018133501469069127
2020-09-03 00:00:00+00:00,0.04310484753940241
2020-09-04 00:00:00+00:00,0.0014229444226203057
2020-09-05 00:00:00+00:00,0.06253337646810035
2020-09-06 00:00:00+00:00,-0.036912111714230034
2020-09-07 00:00:00+00:00,0.01102681339256387
2020-09-08 00:00:00+00:00,0.008483019980347669
2020-09-09 00:00:00+00:00,-0.023348254375596653
2020-09-10 00:00:00+00:00,-0.013137752683710735
2020-09-11 00:00:00+00:00,-0.00990096955253892
2020-09-12 00:00:00+00:00,-0.012683553803943563
2020-09-13 00:00:00+00:00,0.022951163113408782
2020-09-14 00:00:00+00:00,0.004538048364859874
2020-09-15 00:00:00+00:00,0.03466789730896054
2020-09-16 00:00:00+00:00,-0.004227750985820209
2020-09-17 00:00:00+00:00,-0.010145244856679659
2020-09-18 00:00:00+00:00,-0.0038199842450474778
2020-09-19 00:00:00+00:00,0.008029948165114398
2020-09-20 00:00:00+00:00,0.015995651325780347
2020-09-21 00:00:00+00:00,0.0316760432259101
2020-09-22 00:00:00+00:00,-0.007496326778220046
2020-09-23 00:00:00+00:00,0.024396442036323254
2020-09-24 00:00:00+00:00,-0.028909660103467925
2020-09-25 00:00:00+00:00,-0.026665901321760558
2020-09-26 00:00:00+00:00,-0.00696977322174385
2020-09-27 00:00:00+00:00,-0.002107173870468334
2020-09-28 00:00:00+00:00,-0.0057748067203660675
2020-09-29 00:00:00+00:00,-0.003837650731808506
2020-09-30 00:00:00+00:00,-0.00909073541003238
2020-10-01 00:00:00+00:00,0.00749108591468455
2020-10-02 00:00:00+00:00,0.024514946224900185
2020-10-03 00:00:00+00:00,0.007043419838234471
2020-10-04 00:00:00+00:00,0.01970762819506355
2020-10-05 00:00:00+00:00,0.019581046483559118
2020-10-06 00:00:00+00:00,0.0319273383251703
2020-10-07 00:00:00+00:00,-0.00728330237916638
2020-10-08 00:00:00+00:00,-0.0027905650328664423
2020-10-09 00:00:00+00:00,-0.010811332043655555
2020-10-10 00:00:00+00:00,0.010583946556317244
2020-10-11 00:00:00+00:00,-0.020851676050355896
2020-10-12 00:00:00+00:00,-0.0029683483780812165
2020-10-13 00:00:00+00:00,0.003607342150873268
2020-10-14 00:00:00+00:00,0.01574088575056742
2020-10-15 00:00:00+00:00,0.014667000536371695
2020-10-16 00:00:00+00:00,0.012555216146851523
2020-10-17 00:00:00+00:00,-0.00916849413591998
2020-10-18 00:00:00+00:00,-0.004462908415326966
2020-10-19 00:00:00+00:00,0.02422697929601794
2020-10-20 00:00:00+00:00,0.043778914099915425
2020-10-21 00:00:00+00:00,0.019736099424664307
2020-10-22 00:00:00+00:00,-0.015690074456904842
2020-10-23 00:00:00+00:00,0.0018075355856517908
2020-10-24 00:00:00+00:00,0.0034193281193422025
2020-10-25 00:00:00+00:00,0.011578756070940693
2020-10-26 00:00:00+00:00,0.02077574810286199
2020-10-27 00:00:00+00:00,0.022803437394308727
2020-10-28 00:00:00+00:00,0.01022597874701993
2020-10-29 00:00:00+00:00,0.025776669490484638
2020-10-30 00:00:00+00:00,0.0065548675780314
2020-10-31 00:00:00+00:00,0.0039701282330729115
2020-11-01 00:00:00+00:00,-0.01692340648607546
2020-11-02 00:00:00+00:00,0.004679629740637419
2020-11-03 00:00:00+00:00,0.037163976456547815
2020-11-04 00:00:00+00:00,0.006619091068273081
2020-11-05 00:00:00+00:00,0.037202095663387724
2020-11-06 00:00:00+00:00,-0.07095437902617488
2020-11-07 00:00:00+00:00,0.010702136649630609
2020-11-08 00:00:00+00:00,-0.022995030932779513
2020-11-09 00:00:00+00:00,-0.007667656081804297
2020-11-10 00:00:00+00:00,-0.03675694069164131
2020-11-11 00:00:00+00:00,0.014116199433826913
2020-11-12 00:00:00+00:00,0.01692733745387666
2020-11-13 00:00:00+00:00,-0.01711423998779795
2020-11-14 00:00:00+00:00,0.004543113996689374
2020-11-15 00:00:00+00:00,0.002501461970009871
2020-11-16 00:00:00+00:00,0.004319979859850181
2020-11-17 00:00:00+00:00,0.0011941298095830138
2020-11-18 00:00:00+00:00,0.019549789124601088
2020-11-19 00:00:00+00:00,0.0030642235956600487
2020-11-20 00:00:00+00:00,-2.703369736463423e-05
2020-11-21 00:00:00+00:00,-0.060256997763971955
2020-11-22 00:00:00+00:00,0.02239594650815157
2020-11-23 00:00:00+00:00,-0.0603506467750485
2020-11-24 00:00:00+00:00,-0.044635480519208216
2020-11-25 00:00:00+00:00,-0.0005885079745792439
2020-11-26 00:00:00+00:00,0.002043189620028429
2020-11-27 00:00:00+00:00,-0.002456899110785802
2020-11-28 00:00:00+00:00,0.0019401964347515296
2020-11-29 00:00:00+00:00,0.007004061745400965
2020-11-30 00:00:00+00:00,0.020257231290511792
2020-12-01 00:00:00+00:00,0.004646069215609414
2020-12-02 00:00:00+00:00,-0.022913559365696667
2020-12-03 00:00:00+00:00,-0.01647580149357
2020-12-04 00:00:00+00:00,0.03203456189739667
2020-12-05 00:00:00+00:00,-0.021996011783785956
2020-12-06 00:00:00+00:00,0.003363610740851727
2020-12-07 00:00:00+00:00,0.003177508808256484
2020-12-08 00:00:00+00:00,0.01366529774946281
2020-12-09 00:00:00+00:00,-0.010679200790290224
2020-12-10 00:00:00+00:00,0.0006396460746929476
2020-12-11 00:00:00+00:00,0.012389034141318436
2020-12-12 00:00:00+00:00,0.004107085353948393
2020-12-13 00:00:00+00:00,-0.01070581037575416
2020-12-14 00:00:00+00:00,-0.010154658985197738
2020-12-15 00:00:00+00:00,-0.007062323675891887
2020-12-16 00:00:00+00:00,0.03383912803114137
2020-12-17 00:00:00+00:00,0.045985656194518734
2020-12-18 00:00:00+00:00,-0.021328710862462668
2020-12-19 00:00:00+00:00,0.006268097263924908
2020-12-20 00:00:00+00:00,0.012414039051677752
2020-12-21 00:00:00+00:00,0.02352057661401885
2020-12-22 00:00:00+00:00,0.012642109405736495
2020-12-23 00:00:00+00:00,0.07149935242338602
2020-12-24 00:00:00+00:00,-0.053373702349264036
2020-12-25 00:00:00+00:00,0.018257383149692507
2020-12-26 00:00:00+00:00,0.033160866379665206
2020-12-27 00:00:00+00:00,-0.019252014535157708
2020-12-28 00:00:00+00:00,-0.023841788141956827
2020-12-29 00:00:00+00:00,0.009074866483621501
2020-12-30 00:00:00+00:00,0.04425105638831544
2020-12-31 00:00:00+00:00,-0.019268154043660366
2021-01-01 00:00:00+00:00,0.012768364308359469
2021-01-02 00:00:00+00:00,0.034811265259500415
2021-01-03 00:00:00+00:00,-0.04919644751295749
2021-01-04 00:00:00+00:00,-0.04330613421307028
2021-01-05 00:00:00+00:00,0.0012038583297963293
2021-01-06 00:00:00+00:00,-0.003791721111244923
2021-01-07 00:00:00+00:00,0.04461004298503071
2021-01-08 00:00:00+00:00,0.024506494043773207
2021-01-09 00:00:00+00:00,-0.027202568240117655
2021-01-10 00:00:00+00:00,0.0026420071521020276
2021-01-11 00:00:00+00:00,0.026456593575103684
2021-01-12 00:00:00+00:00,-0.003371003471029369
2021-01-13 00:00:00+00:00,-0.013223906140673706
2021-01-14 00:00:00+00:00,-0.004740260608733417
2021-01-15 00:00:00+00:00,-0.0026131180904283065
2021-01-16 00:00:00+00:00,-0.027182940261192483
2021-01-17 00:00:00+00:00,-0.0320865475487604
2021-01-18 00:00:00+00:00,-0.012663295998518183
2021-01-19 00:00:00+00:00,-0.033324902561506387
2021-01-20 00:00:00+00:00,-0.0036690939893383643
2021-01-21 00:00:00+00:00,0.01839171718743478
2021-01-22 00:00:00+00:00,-0.008143058538789716
2021-01-23 00:00:00+00:00,-0.03545386733666615
2021-01-24 00:00:00+00:00,-0.0043756773429428015
2021-01-25 00:00:00+00:00,0.023134317803275566
2021-01-26 00:00:00+00:00,-0.004418783967629792
2021-01-27 00:00:00+00:00,0.017433954313241698
2021-01-28 00:00:00+00:00,-0.0009742438175144939
2021-01-29 00:00:00+00:00,0.006081325193853719
2021-01-30 00:00:00+00:00,-0.009637134529006476
2021-01-31 00:00:00+00:00,0.0031560309082431497
2021-02-01 00:00:00+00:00,-0.026159270637279387
2021-02-02 00:00:00+00:00,0.002085279685786185
2021-02-03 00:00:00+00:00,0.007372447700720092
2021-02-04 00:00:00+00:00,-0.010372393806824235
2021-02-05 00:00:00+00:00,-0.019778259371472474
2021-02-06 00:00:00+00:00,0.0397384540406242
2021-02-07 00:00:00+00:00,0.0017703806254705575
2021-02-08 00:00:00+00:00,0.055085864052229865
2021-02-09 00:00:00+00:00,-0.03416036671746538
2021-02-10 00:00:00+00:00,-0.023478119531695683
2021-02-11 00:00:00+00:00,-0.04337567863285057
2021-02-12 00:00:00+00:00,-0.03390069813648065
2021-02-13 00:00:00+00:00,-0.028989285858027052
2021-02-14 00:00:00+00:00,0.04921069283449001
2021-02-15 00:00:00+00:00,0.02011442788884716
2021-02-16 00:00:00+00:00,0.012916638204435425
2021-02-17 00:00:00+00:00,0.013955963290284923
2021-02-18 00:00:00+00:00,-0.030081302592926545
2021-02-19 00:00:00+00:00,0.023475228418609186
2021-02-20 00:00:00+00:00,0.03650706318485032
2021-02-21 00:00:00+00:00,-0.00014084324504637222
2021-02-22 00:00:00+00:00,0.019443125688228743
2021-02-23 00:00:00+00:00,0.058703821349206334
2021-02-24 00:00:00+00:00,-0.008538316801132775
2021-02-25 00:00:00+00:00,0.008435480664746977
2021-02-26 00:00:00+00:00,-0.009344384998348276
2021-02-27 00:00:00+00:00,-0.025849518131478476
2021-02-28 00:00:00+00:00,0.013868650933371566
2021-03-01 00:00:00+00:00,-0.009284508312038612
2021-03-02 00:00:00+00:00,-0.004894889752245602
2021-03-03 00:00:00+00:00,-0.008142534881209229
2021-03-04 00:00:00+00:00,-0.011139938613589941
2021-03-05 00:00:00+00:00,0.006285687630830048
2021-03-06 00:00:00+00:00,-0.012907144077369695
2021-03-07 00:00:00+00:00,-0.014632693554984423
2021-03-08 00:00:00+00:00,-0.005084116023162864
2021-03-09 00:00:00+00:00,0.0024155519517602307
2021-03-10 00:00:00+00:00,0.03929147336590714
2021-03-11 00:00:00+00:00,0.0001554982567786657
2021-03-12 00:00:00+00:00,0.020988525060735782
2021-03-13 00:00:00+00:00,-0.0021188732223730022
2021-03-14 00:00:00+00:00,-0.015164478631342813
2021-03-15 00:00:00+00:00,-0.032963197318381036
2021-03-16 00:00:00+00:00,-0.010268885052207601
2021-03-17 00:00:00+00:00,0.0012885348239127666
2021-03-18 00:00:00+00:00,-0.005283075586756372
2021-03-19 00:00:00+00:00,-0.01115585782899853
2021-03-20 00:00:00+00:00,0.019270291081323474
2021-03-21 00:00:00+00:00,-0.009979025083319208
2021-03-22 00:00:00+00:00,0.015473076484172366
2021-03-23 00:00:00+00:00,0.012352014411418618
2021-03-24 00:00:00+00:00,0.009309786903280754
2021-03-25 00:00:00+00:00,0.00933450295680985
2021-03-26 00:00:00+00:00,-0.02696929400604332
2021-03-27 00:00:00+00:00,0.005533872584877914
2021-03-28 00:00:00+00:00,-0.04145755409430284
2021-03-29 00:00:00+00:00,-0.008053694805484584
2021-03-30 00:00:00+00:00,-0.0007574764332633159
2021-03-31 00:00:00+00:00,0.008258373230560181
2021-04-01 00:00:00+00:00,-0.0006593757794984044
2021-04-02 00:00:00+00:00,-0.004300606580378279
2021-04-03 00:00:00+00:00,0.023325448390754788
2021-04-04 00:00:00+00:00,-0.019735465234170795
2021-04-05 00:00:00+00:00,0.0009525010761024145
2021-04-06 00:00:00+00:00,-0.00309534066815599
2021-04-07 00:00:00+00:00,0.022257889265249138
2021-04-08 00:00:00+00:00,-0.03243602602399387
2021-04-09 00:00:00+00:00,0.008330797149120711
2021-04-10 00:00:00+00:00,0.012719775994712728
2021-04-11 00:00:00+00:00,0.0033919009013709854
2021-04-12 00:00:00+00:00,-0.009596716249125906
2021-04-13 00:00:00+00:00,0.020126172897113034
2021-04-14 00:00:00+00:00,0.009522460211054972
2021-04-15 00:00:00+00:00,-0.04543570086474349
2021-04-16 00:00:00+00:00,-0.05550127244708593
2021-04-17 00:00:00+00:00,0.005481132016683768
2021-04-18 00:00:00+00:00,0.010806891291075866
2021-04-19 00:00:00+00:00,0.021250558108848048
2021-04-20 00:00:00+00:00,-0.01254638048666703
2021-04-21 00:00:00+00:00,0.01081403210339252
2021-04-22 00:00:00+00:00,0.029188534270733216
2021-04-23 00:00:00+00:00,0.004323826660894033
2021-04-24 00:00:00+00:00,0.03781749966060796
2021-04-25 00:00:00+00:00,-0.006346544859568337
2021-04-26 00:00:00+00:00,-0.0371902712364547
2021-04-27 00:00:00+00:00,-0.016745375698998064
2021-04-28 00:00:00+00:00,-0.006115652466415392
2021-04-29 00:00:00+00:00,-0.00728466697817767
2021-04-30 00:00:00+00:00,0.011847863828604956
2021-05-01 00:00:00+00:00,-0.01208607647012874
2021-05-02 00:00:00+00:00,-0.0028870892669620985
2021-05-03 00:00:00+00:00,-0.0131355448414338
2021-05-04 00:00:00+00:00,-0.004302831488103809
2021-05-05 00:00:00+00:00,-0.021536468318688447
2021-05-06 00:00:00+00:00,-0.005539578956443303
2021-05-07 00:00:00+00:00,-0.012751543532873368
2021-05-08 00:00:00+00:00,0.019024883571198883
2021-05-09 00:00:00+00:00,0.0018854449587295938
2021-05-10 00:00:00+00:00,0.039301715888787274
2021-05-11 00:00:00+00:00,-0.024382298934083592
2021-05-12 00:00:00+00:00,0.021481588638392897
2021-05-13 00:00:00+00:00,-0.025493982154564897
2021-05-14 00:00:00+00:00,-0.018248718596788244
2021-05-15 00:00:00+00:00,-0.0060057367218625275
2021-05-16 00:00:00+00:00,-0.013618885007816176
2021-05-17 00:00:00+00:00,0.0012674098772749252
2021-05-18 00:00:00+00:00,-0.025283130533192682
2021-05-19 00:00:00+00:00,0.11112657916031578
2021-05-20 00:00:00+00:00,-0.03349663119859087
2021-05-21 00:00:00+00:00,0.03643094465574544
2021-05-22 00:00:00+00:00,0.051709110872089445
2021-05-23 00:00:00+00:00,0.029286243382352965
2021-05-24 00:00:00+00:00,-0.08126581679121435
2021-05-25 00:00:00+00:00,-0.00356376236577639
2021-05-26 00:00:00+00:00,-0.03180500792827247
2021-05-27 00:00:00+00:00,0.017374306189387755
2021-05-28 00:00:00+00:00,0.006145391833232357
2021-05-29 00:00:00+00:00,0.012420914580329515
2021-05-30 00:00:00+00:00,0.00012849921338660566
2021-05-31 00:00:00+00:00,-0.020692457513180496
2021-06-01 00:00:00+00:00,0.00633916049147469
2021-06-02 00:00:00+00:00,-0.01983082829663742
2021-06-03 00:00:00+00:00,-0.013339148398733873
2021-06-04 00:00:00+00:00,0.00571676253188178
2021-06-05 00:00:00+00:00,-0.005408255349843563
2021-06-06 00:00:00+00:00,-0.0038609326222071457
2021-06-07 00:00:00+00:00,0.00701328878073226
2021-06-08 00:00:00+00:00,0.004808215946799025
2021-06-09 00:00:00+00:00,0.04527331026398735
2021-06-10 00:00:00+00:00,0.00493419688335031
2021-06-11 00:00:00+00:00,0.0306955324208083
2021-06-12 00:00:00+00:00,-0.019364441372579165
2021-06-13 00:00:00+00:00,0.024803568456107948
2021-06-14 00:00:00+00:00,0.006805527296085242
2021-06-15 00:00:00+00:00,0.006865287943440858
2021-06-16 00:00:00+00:00,-0.008886575325316419
2021-06-17 00:00:00+00:00,-0.008535784189238952
2021-06-18 00:00:00+00:00,-0.0037917593862413362
2021-06-19 00:00:00+00:00,0.014516481509141803
2021-06-20 00:00:00+00:00,-0.00412288056579164
2021-06-21 00:00:00+00:00,0.03971472149561046
2021-06-22 00:00:00+00:00,0.0210911695656665
2021-06-23 00:00:00+00:00,-0.03344578633153759
2021-06-24 00:00:00+00:00,0.007956682156531529
2021-06-25 00:00:00+00:00,-0.0063516826675927545
2021-06-26 00:00:00+00:00,0.005377306633724987
2021-06-27 00:00:00+00:00,0.026061008502635267
2021-06-28 00:00:00+00:00,-0.014130351337727253
2021-06-29 00:00:00+00:00,0.0006319828231826569
2021-06-30 00:00:00+00:00,-0.01861463325992687
2021-07-01 00:00:00+00:00,0.0018355579884637855
2021-07-02 00:00:00+00:00,0.005958439541389951
2021-07-03 00:00:00+00:00,0.007033860629127937
2021-07-04 00:00:00+00:00,-5.7647827232654114e-05
2021-07-05 00:00:00+00:00,-0.022809947484668764
2021-07-06 00:00:00+00:00,-0.01448552029577238
2021-07-07 00:00:00+00:00,-0.0015574668417067561
2021-07-08 00:00:00+00:00,0.01252867161975174
2021-07-09 00:00:00+00:00,0.010230713793556246
2021-07-10 00:00:00+00:00,-0.006103720829187623
2021-07-11 00:00:00+00:00,0.010539654774867995
2021-07-12 00:00:00+00:00,-0.0060208073708295715
2021-07-13 00:00:00+00:00,0.005836813424031139
2021-07-14 00:00:00+00:00,0.00430627257006373
2021-07-15 00:00:00+00:00,-0.002819009272770872
2021-07-16 00:00:00+00:00,0.019802953054633095
2021-07-17 00:00:00+00:00,-0.007006220213796511
2021-07-18 00:00:00+00:00,-0.0017660287703085815
2021-07-19 00:00:00+00:00,0.005087000900942385
2021-07-20 00:00:00+00:00,0.006217360394031293
2021-07-21 00:00:00+00:00,0.00121488012910007
2021-07-22 00:00:00+00:00,-0.0018785303927763412
2021-07-23 00:00:00+00:00,0.011579141049969509
2021-07-24 00:00:00+00:00,0.009220734729989678
2021-07-25 00:00:00+00:00,0.005198280174430184
2021-07-26 00:00:00+00:00,0.03222074687236397
2021-07-27 00:00:00+00:00,0.03550864192440199
2021-07-28 00:00:00+00:00,0.008865553256649016
2021-07-29 00:00:00+00:00,-0.01849022725392616
2021-07-30 00:00:00+00:00,0.03452500344136169
2021-07-31 00:00:00+00:00,-0.028772045250650326
2021-08-01 00:00:00+00:00,-0.013318795263382768
2021-08-02 00:00:00+00:00,-0.013550109885709509
2021-08-03 00:00:00+00:00,-0.006291813475510636
2021-08-04 00:00:00+00:00,0.0014664823475256078
2021-08-05 00:00:00+00:00,0.0019599484052267606
2021-08-06 00:00:00+00:00,0.020037921546564676
2021-08-07 00:00:00+00:00,0.005880929979069285
2021-08-08 00:00:00+00:00,0.015721099532828863
2021-08-09 00:00:00+00:00,0.015871503726414486
2021-08-10 00:00:00+00:00,-0.02896650353407184
2021-08-11 00:00:00+00:00,-0.02658957607392665
2021-08-12 00:00:00+00:00,-0.012192480214428354
2021-08-13 00:00:00+00:00,0.010282833604286815
2021-08-14 00:00:00+00:00,-0.031037281911044583
2021-08-15 00:00:00+00:00,-0.0111231566761404
2021-08-16 00:00:00+00:00,0.0016237805930983896
2021-08-17 00:00:00+00:00,0.01016744986789707
2021-08-18 00:00:00+00:00,0.0038254664414489963
2021-08-19 00:00:00+00:00,-0.01046887615823108
2021-08-20 00:00:00+00:00,0.013946128079455698
2021-08-21 00:00:00+00:00,-0.00431556578698755
2021-08-22 00:00:00+00:00,-0.01122790049096273
2021-08-23 00:00:00+00:00,-0.017547999094870623
2021-08-24 00:00:00+00:00,-0.0014534972452673724
2021-08-25 00:00:00+00:00,-0.0003207402304207324
2021-08-26 00:00:00+00:00,0.011591256105523199
2021-08-27 00:00:00+00:00,-0.008608407642116494
2021-08-28 00:00:00+00:00,0.004959243741481056
2021-08-29 00:00:00+00:00,0.005514438135670232
2021-08-30 00:00:00+00:00,-0.009762853958651431
2021-08-31 00:00:00+00:00,-0.0008929657788657091
2021-09-01 00:00:00+00:00,-0.004645492508143208
2021-09-02 00:00:00+00:00,-0.027746567063085745
2021-09-03 00:00:00+00:00,0.01037204511845221
2021-09-04 00:00:00+00:00,-0.015977536572746774
2021-09-05 00:00:00+00:00,0.011314416646854829
2021-09-06 00:00:00+00:00,0.013690943992674743
2021-09-07 00:00:00+00:00,0.03067206116238627
2021-09-08 00:00:00+00:00,-0.013787512503492054
2021-09-09 00:00:00+00:00,-0.015897015248521756
2021-09-10 00:00:00+00:00,-0.010267651558373085
2021-09-11 00:00:00+00:00,-0.009474395538631913
2021-09-12 00:00:00+00:00,0.0011741911765385175
2021-09-13 00:00:00+00:00,0.012033055076810024
2021-09-14 00:00:00+00:00,0.017956807469629056
2021-09-15 00:00:00+00:00,-0.006200219803656726
2021-09-16 00:00:00+00:00,-0.0027308147783664683
2021-09-17 00:00:00+00:00,0.012074801644564818
2021-09-18 00:00:00+00:00,-0.00989918102207616
2021-09-19 00:00:00+00:00,0.009015675790148725
2021-09-20 00:00:00+00:00,0.020906802194869307
2021-09-21 00:00:00+00:00,-0.009321267920748272
2021-09-22 00:00:00+00:00,-0.027316323644280355
2021-09-23 00:00:00+00:00,0.004257719445515944
2021-09-24 00:00:00+00:00,0.021145894297737576
2021-09-25 00:00:00+00:00,0.009022222502983443
2021-09-26 00:00:00+00:00,0.0044187450627046895
2021-09-27 00:00:00+00:00,0.0011941894811223189
2021-09-28 00:00:00+00:00,0.008523894005747351
2021-09-29 00:00:00+00:00,-0.01949679725603498
2021-09-30 00:00:00+00:00,0.010920560906634565
2021-10-01 00:00:00+00:00,0.020086709151608522
2021-10-02 00:00:00+00:00,-0.015746262018182373
2021-10-03 00:00:00+00:00,-0.004464344076373988
2021-10-04 00:00:00+00:00,0.02250340579608655
2021-10-05 00:00:00+00:00,0.013264433886846365
2021-10-06 00:00:00+00:00,0.05041584519101156
2021-10-07 00:00:00+00:00,-0.013259690840705904
2021-10-08 00:00:00+00:00,-0.020673793909004253
2021-10-09 00:00:00+00:00,0.013010081093609124
2021-10-10 00:00:00+00:00,0.019133870965555896
2021-10-11 00:00:00+00:00,0.029507742536759012
2021-10-12 00:00:00+00:00,-0.010057918776116044
2021-10-13 00:00:00+00:00,0.008691829155662167
2021-10-14 00:00:00+00:00,-0.006970662393644896
2021-10-15 00:00:00+00:00,0.046514384607735035
2021-10-16 00:00:00+00:00,-0.005534447002395249
2021-10-17 00:00:00+00:00,0.015547558322889541
2021-10-18 00:00:00+00:00,0.008714487837573715
2021-10-19 00:00:00+00:00,0.01940581081920762
2021-10-20 00:00:00+00:00,-0.005044980742980491
2021-10-21 00:00:00+00:00,-0.017854633810826505
2021-10-22 00:00:00+00:00,-0.0203920724814857
2021-10-23 00:00:00+00:00,0.0022414125937724972
2021-10-24 00:00:00+00:00,0.014194980197917286
2021-10-25 00:00:00+00:00,-0.003512418267980866
2021-10-26 00:00:00+00:00,-0.022073889161606523
2021-10-27 00:00:00+00:00,0.03094418412142205
2021-10-28 00:00:00+00:00,-0.012265898160102833
2021-10-29 00:00:00+00:00,0.003480364560914944
2021-10-30 00:00:00+00:00,0.004154291692995754
2021-10-31 00:00:00+00:00,-0.018889267335660966
2021-11-01 00:00:00+00:00,-0.0014802645985565114
2021-11-02 00:00:00+00:00,0.01446342341284106
2021-11-03 00:00:00+00:00,-0.017073763762529677
2021-11-04 00:00:00+00:00,-0.006041299294329242
2021-11-05 00:00:00+00:00,-0.001648348937584555
2021-11-06 00:00:00+00:00,0.0015015552171327494
2021-11-07 00:00:00+00:00,0.014979549797354696
2021-11-08 00:00:00+00:00,0.012058959685837691
2021-11-09 00:00:00+00:00,-0.0006687458231534325
2021-11-10 00:00:00+00:00,0.018658786771908287
2021-11-11 00:00:00+00:00,-0.017760305262821026
2021-11-12 00:00:00+00:00,-0.015618762316163584
2021-11-13 00:00:00+00:00,-0.0010225055511890637
2021-11-14 00:00:00+00:00,0.010843192172445138
2021-11-15 00:00:00+00:00,-0.024733286122571155
2021-11-16 00:00:00+00:00,0.006472125557672874
2021-11-17 00:00:00+00:00,-0.009446806669413315
2021-11-18 00:00:00+00:00,-0.00881421418410262
2021-11-19 00:00:00+00:00,-0.016969581285426142
2021-11-20 00:00:00+00:00,-0.001702917267123906
2021-11-21 00:00:00+00:00,-0.00732326840596104
2021-11-22 00:00:00+00:00,-0.009233469440743367
2021-11-23 00:00:00+00:00,-0.003308462079803762
2021-11-24 00:00:00+00:00,-0.01283734021623802
2021-11-25 00:00:00+00:00,0.005990265858604061
2021-11-26 00:00:00+00:00,-0.011252674834449467
2021-11-27 00:00:00+00:00,0.007701251178038083
2021-11-28 00:00:00+00:00,0.023526945862172757
2021-11-29 00:00:00+00:00,-0.004748985368198095
2021-11-30 00:00:00+00:00,0.00041881719556388197
2021-12-01 00:00:00+00:00,0.002616625890731269
2021-12-02 00:00:00+00:00,-0.0061400240592560575
2021-12-03 00:00:00+00:00,0.0011935540867170104
2021-12-04 00:00:00+00:00,0.0226585223648606
2021-12-05 00:00:00+00:00,0.03238801858108127
2021-12-06 00:00:00+00:00,-0.002468911814010962
2021-12-07 00:00:00+00:00,-0.00787790362813216
2021-12-08 00:00:00+00:00,-0.007411904493187756
2021-12-09 00:00:00+00:00,0.01022108521332833
2021-12-10 00:00:00+00:00,0.015537845680901722
2021-12-11 00:00:00+00:00,0.0009808941499797681
2021-12-12 00:00:00+00:00,0.006759182804088072
2021-12-13 00:00:00+00:00,0.020791579424344005
2021-12-14 00:00:00+00:00,-0.0025277248096830566
2021-12-15 00:00:00+00:00,-0.018702609599247497
2021-12-16 00:00:00+00:00,-0.010820562156490457
2021-12-17 00:00:00+00:00,-0.01565952773461899
2021-12-18 00:00:00+00:00,-0.007257876313718857
2021-12-19 00:00:00+00:00,0.0030677364988121658
2021-12-20 00:00:00+00:00,0.017721629118799764
2021-12-21 00:00:00+00:00,-0.004607742331384384
2021-12-22 00:00:00+00:00,-0.03359405908128283
2021-12-23 00:00:00+00:00,-0.01816321745971739
2021-12-24 00:00:00+00:00,-0.009322229432754372
2021-12-25 00:00:00+00:00,-0.01647226699942607
2021-12-26 00:00:00+00:00,-0.002773187958498218
2021-12-27 00:00:00+00:00,-0.00822429600607472
2021-12-28 00:00:00+00:00,0.010868670998117688
2021-12-29 00:00:00+00:00,0.0018986927745849975
2021-12-30 00:00:00+00:00,-0.006032705389903246
2021-12-31 00:00:00+00:00,-0.009302274430754608
2022-01-01 00:00:00+00:00,-0.017216232756744613
2022-01-02 00:00:00+00:00,0.004501990151235079
2022-01-03 00:00:00+00:00,-0.004232662960581724
2022-01-04 00:00:00+00:00,-0.0055905243761085474
2022-01-05 00:00:00+00:00,0.010671728205108626
2022-01-06 00:00:00+00:00,0.0026847379519078984
2022-01-07 00:00:00+00:00,0.016629217106735275
2022-01-08 00:00:00+00:00,0.018575545975336047
2022-01-09 00:00:00+00:00,-0.01305153792574321
2022-01-10 00:00:00+00:00,0.015263204136472856
2022-01-11 00:00:00+00:00,-0.009603536097025212
2022-01-12 00:00:00+00:00,-0.014491436774672808
2022-01-13 00:00:00+00:00,0.0023184432048177672
2022-01-14 00:00:00+00:00,-0.012633169136822543
2022-01-15 00:00:00+00:00,-0.00777295267198228
2022-01-16 00:00:00+00:00,-0.0044360440276349986
2022-01-17 00:00:00+00:00,0.02989592416340015
2022-01-18 00:00:00+00:00,0.01509243173766654
2022-01-19 00:00:00+00:00,0.0183664934946532
2022-01-20 00:00:00+00:00,0.01133461193223067
2022-01-21 00:00:00+00:00,0.009084253142277239
2022-01-22 00:00:00+00:00,0.03023695352007722
2022-01-23 00:00:00+00:00,0.00021088193083407033
2022-01-24 00:00:00+00:00,0.026746366594601393
2022-01-25 00:00:00+00:00,-0.0018212600300581115
2022-01-26 00:00:00+00:00,0.0013788293807925037
2022-01-27 00:00:00+00:00,0.0091088742829721
2022-01-28 00:00:00+00:00,-0.006001105070652067
2022-01-29 00:00:00+00:00,-0.00871941818019596
2022-01-30 00:00:00+00:00,0.013421960196962044
2022-01-31 00:00:00+00:00,-0.00530125783655078
2022-02-01 00:00:00+00:00,-0.006995771033674262
2022-02-02 00:00:00+00:00,0.004460810018841832
2022-02-03 00:00:00+00:00,-0.006206471755110191
2022-02-04 00:00:00+00:00,0.010871924364693907
2022-02-05 00:00:00+00:00,-0.006239485607792916
2022-02-06 00:00:00+00:00,-0.002810500901844931
2022-02-07 00:00:00+00:00,-0.0028190792543814312
2022-02-08 00:00:00+00:00,0.015606453434742125
2022-02-09 00:00:00+00:00,-0.009353944828769854
2022-02-10 00:00:00+00:00,0.017901667797921482
2022-02-11 00:00:00+00:00,0.022053808601389162
2022-02-12 00:00:00+00:00,0.003074243048929496
2022-02-13 00:00:00+00:00,0.019040793313465715
2022-02-14 00:00:00+00:00,-0.0014577196399862345
2022-02-15 00:00:00+00:00,-0.003998778923996691
2022-02-16 00:00:00+00:00,-0.008382147511929712
2022-02-17 00:00:00+00:00,-0.00643871282344606
2022-02-18 00:00:00+00:00,0.0024579368200976855
2022-02-19 00:00:00+00:00,0.004508703903789512
2022-02-20 00:00:00+00:00,0.0039775197963920475
2022-02-21 00:00:00+00:00,0.013671983932873647
2022-02-22 00:00:00+00:00,-0.005086358174249885
2022-02-23 00:00:00+00:00,0.00027829500393091757
2022-02-24 00:00:00+00:00,0.012282211201022693
2022-02-25 00:00:00+00:00,-0.0351183350981517
2022-02-26 00:00:00+00:00,-0.0076923064168480625
2022-02-27 00:00:00+00:00,0.0027341664205823386
2022-02-28 00:00:00+00:00,0.035901956170358955
2022-03-01 00:00:00+00:00,0.017569735907201938
2022-03-02 00:00:00+00:00,-0.0008809287221881912
2022-03-03 00:00:00+00:00,-0.0004172544868348685
2022-03-04 00:00:00+00:00,-0.014479952398143212
2022-03-05 00:00:00+00:00,-0.0034310806990953935
2022-03-06 00:00:00+00:00,0.009958473099377559
2022-03-07 00:00:00+00:00,0.001034377871011769
2022-03-08 00:00:00+00:00,-0.003706521869453729
2022-03-09 00:00:00+00:00,0.013687716676078696
2022-03-10 00:00:00+00:00,-0.013835132133825626
2022-03-11 00:00:00+00:00,0.011663545291523622
2022-03-12 00:00:00+00:00,-0.003676255334052074
2022-03-13 00:00:00+00:00,0.00027609599056546864
2022-03-14 00:00:00+00:00,0.01766302443826751
2022-03-15 00:00:00+00:00,0.006269439262293754
2022-03-16 00:00:00+00:00,-0.004511378847656347
2022-03-17 00:00:00+00:00,0.005858094061250076
2022-03-18 00:00:00+00:00,-0.0021487465554216904
2022-03-19 00:00:00+00:00,-0.010824396255239897
2022-03-20 00:00:00+00:00,0.006436634405676597
2022-03-21 00:00:00+00:00,-0.007752149282471718
2022-03-22 00:00:00+00:00,0.008882116436228972
2022-03-23 00:00:00+00:00,-0.009594127449054876
2022-03-24 00:00:00+00:00,0.0034358511341361885
2022-03-25 00:00:00+00:00,0.006155681764908005
2022-03-26 00:00:00+00:00,-0.021916640192625608
2022-03-27 00:00:00+00:00,-0.007138925496156135
2022-03-28 00:00:00+00:00,0.012442361919183388
2022-03-29 00:00:00+00:00,-0.021417238107004712
2022-03-30 00:00:00+00:00,-0.00631398427433006
2022-03-31 00:00:00+00:00,-0.015521995928334448
2022-04-01 00:00:00+00:00,-0.0015431663695498522
2022-04-02 00:00:00+00:00,0.0050912020917059375
2022-04-03 00:00:00+00:00,-0.016846925105530153
2022-04-04 00:00:00+00:00,0.0031213735670398536
2022-04-05 00:00:00+00:00,0.0017618715053955671
2022-04-06 00:00:00+00:00,0.01935056534722514
2022-04-07 00:00:00+00:00,-0.010580715104232311
2022-04-08 00:00:00+00:00,0.011328919762198623
2022-04-09 00:00:00+00:00,-0.02130524948317447
2022-04-10 00:00:00+00:00,0.0010968569517849991
2022-04-11 00:00:00+00:00,0.005138830204721228
2022-04-12 00:00:00+00:00,-0.012291366351352953
2022-04-13 00:00:00+00:00,-0.009212247187452628
2022-04-14 00:00:00+00:00,-0.0016035401731136299
2022-04-15 00:00:00+00:00,0.004419781385426979
2022-04-16 00:00:00+00:00,0.001109130862258901
2022-04-17 00:00:00+00:00,0.008603977196169853
2022-04-18 00:00:00+00:00,0.0017419475333010277
2022-04-19 00:00:00+00:00,-0.0033314098778010615
2022-04-20 00:00:00+00:00,0.003720473676994628
2022-04-21 00:00:00+00:00,0.0053690642057405355
2022-04-22 00:00:00+00:00,-0.012283684584298977
2022-04-23 00:00:00+00:00,0.004305733244106945
2022-04-24 00:00:00+00:00,-0.0018600109851234605
2022-04-25 00:00:00+00:00,0.020400929450640898
2022-04-26 00:00:00+00:00,0.00512011800255029
2022-04-27 00:00:00+00:00,-0.013913038650661836
2022-04-28 00:00:00+00:00,0.009801422639666359
2022-04-29 00:00:00+00:00,0.016760832585985475
2022-04-30 00:00:00+00:00,0.04059997041164699
2022-05-01 00:00:00+00:00,-0.012546793398772044
2022-05-02 00:00:00+00:00,0.014670670891669164
2022-05-03 00:00:00+00:00,-0.009000441693238876
2022-05-04 00:00:00+00:00,-0.01797430997301509
2022-05-05 00:00:00+00:00,0.012860140378241352
2022-05-06 00:00:00+00:00,-0.0031370555513671595
2022-05-07 00:00:00+00:00,0.013752006728578502
2022-05-08 00:00:00+00:00,-0.014125956471909798
2022-05-09 00:00:00+00:00,0.014823184655919171
2022-05-10 00:00:00+00:00,-0.01348399212444308
2022-05-11 00:00:00+00:00,0.0640408062189596
2022-05-12 00:00:00+00:00,0.0316009910481337
2022-05-13 00:00:00+00:00,-0.03970478516584237
2022-05-14 00:00:00+00:00,-0.001389999367292798
2022-05-15 00:00:00+00:00,-0.012124050991666564
2022-05-16 00:00:00+00:00,0.024181164177472108
2022-05-17 00:00:00+00:00,-0.01648030934055813
2022-05-18 00:00:00+00:00,0.018268529486594125
2022-05-19 00:00:00+00:00,0.008320093629371255
2022-05-20 00:00:00+00:00,-0.007718621776482461
2022-05-21 00:00:00+00:00,-0.007154086869162307
2022-05-22 00:00:00+00:00,-0.006821460291436707
2022-05-23 00:00:00+00:00,-0.014318554414933264
2022-05-24 00:00:00+00:00,-0.008228281780129116
2022-05-25 00:00:00+00:00,0.010457477163840536
2022-05-26 00:00:00+00:00,0.03303740862910401
2022-05-27 00:00:00+00:00,0.010253425696984675
2022-05-28 00:00:00+00:00,-0.01141956212220611
2022-05-29 00:00:00+00:00,0.002864940906844588
2022-05-30 00:00:00+00:00,-0.0014017827226864158
2022-05-31 00:00:00+00:00,0.001601276302789631
2022-06-01 00:00:00+00:00,-0.0036313377608547578
2022-06-02 00:00:00+00:00,0.0007349315100876587
2022-06-03 00:00:00+00:00,0.005380791802002446
2022-06-04 00:00:00+00:00,-0.0009186885370548787
2022-06-05 00:00:00+00:00,0.0012498741548245007
2022-06-06 00:00:00+00:00,0.010923892451778234
2022-06-07 00:00:00+00:00,0.003940667642178441
2022-06-08 00:00:00+00:00,-0.011419680889192128
2022-06-09 00:00:00+00:00,0.00513589448521396
2022-06-10 00:00:00+00:00,-0.01368440310626501
2022-06-11 00:00:00+00:00,0.021130945451578224
2022-06-12 00:00:00+00:00,-0.0067895107187100736
2022-06-13 00:00:00+00:00,-0.05234900267578583
2022-06-14 00:00:00+00:00,-0.02067673185947229
2022-06-15 00:00:00+00:00,-0.027491932441310204
2022-06-16 00:00:00+00:00,-0.007714316106590628
2022-06-17 00:00:00+00:00,-0.009957988434672951
2022-06-18 00:00:00+00:00,-0.016609678127153263
2022-06-19 00:00:00+00:00,0.010866437465019196
2022-06-20 00:00:00+00:00,-0.010589228013574642
2022-06-21 00:00:00+00:00,-0.010056222160575012
2022-06-22 00:00:00+00:00,-0.0034241627254635717
2022-06-23 00:00:00+00:00,-0.012754587654153876
2022-06-24 00:00:00+00:00,-0.007304384783513693
2022-06-25 00:00:00+00:00,-0.0011661436106140382
2022-06-26 00:00:00+00:00,0.013568388032572333
2022-06-27 00:00:00+00:00,-0.008984194516125431
2022-06-28 00:00:00+00:00,0.01191420779686228
2022-06-29 00:00:00+00:00,-0.01105712194692465
2022-06-30 00:00:00+00:00,0.00829496834085496
2022-07-01 00:00:00+00:00,-0.001739692482240166
2022-07-02 00:00:00+00:00,-0.006757570351330131
2022-07-03 00:00:00+00:00,-0.010618784416683453
2022-07-04 00:00:00+00:00,0.011494607784462872
2022-07-05 00:00:00+00:00,0.00814841389917105
2022-07-06 00:00:00+00:00,0.003751068361920252
2022-07-07 00:00:00+00:00,0.017327098270290053
2022-07-08 00:00:00+00:00,0.010721923613673042
2022-07-09 00:00:00+00:00,-0.019613326334500754
2022-07-10 00:00:00+00:00,0.0009209311694191511
2022-07-11 00:00:00+00:00,-0.004384749620294778
2022-07-12 00:00:00+00:00,-0.008027082213692981
2022-07-13 00:00:00+00:00,-0.005557801212927743
2022-07-14 00:00:00+00:00,-0.013370659072464942
2022-07-15 00:00:00+00:00,0.013357516903190966
2022-07-16 00:00:00+00:00,-0.005811720413941341
2022-07-17 00:00:00+00:00,-0.0019392393681076175
2022-07-18 00:00:00+00:00,0.004749506053305413
2022-07-19 00:00:00+00:00,0.025394316676790443
2022-07-20 00:00:00+00:00,0.018853318774886794
2022-07-21 00:00:00+00:00,-0.03248961191551956
2022-07-22 00:00:00+00:00,0.002180487691574259
2022-07-23 00:00:00+00:00,-0.02703092959429163
2022-07-24 00:00:00+00:00,0.009585067848228527
2022-07-25 00:00:00+00:00,0.0023731802699153734
2022-07-26 00:00:00+00:00,-0.003281528129938927
2022-07-27 00:00:00+00:00,0.0008458439843741478
2022-07-28 00:00:00+00:00,0.014722251589415366
2022-07-29 00:00:00+00:00,-0.03797979505143003
2022-07-30 00:00:00+00:00,-0.038130295238847395
2022-07-31 00:00:00+00:00,0.006650087156482679
2022-08-01 00:00:00+00:00,-0.004740464181582804
2022-08-02 00:00:00+00:00,0.0009652067983392987
2022-08-03 00:00:00+00:00,-0.008903770160080857
2022-08-04 00:00:00+00:00,-0.005222990045608874
2022-08-05 00:00:00+00:00,-0.009331446610665569
2022-08-06 00:00:00+00:00,-0.0050135282506509025
2022-08-07 00:00:00+00:00,-0.018229241659805228
2022-08-08 00:00:00+00:00,0.005039016689190038
2022-08-09 00:00:00+00:00,0.006474830185438809
2022-08-10 00:00:00+00:00,-0.007157930611693724
2022-08-11 00:00:00+00:00,0.0046055838553738125
2022-08-12 00:00:00+00:00,-0.006675781474512515
2022-08-13 00:00:00+00:00,0.007238269348013358
2022-08-14 00:00:00+00:00,0.00653635501063024
2022-08-15 00:00:00+00:00,-0.0012733933058212568
2022-08-16 00:00:00+00:00,-0.009244183884285637
2022-08-17 00:00:00+00:00,0.012776771837913406
2022-08-18 00:00:00+00:00,0.023118233451823858
2022-08-19 00:00:00+00:00,-0.025045540819544142
2022-08-20 00:00:00+00:00,0.011335158647567603
2022-08-21 00:00:00+00:00,-0.0043407451933605975
2022-08-22 00:00:00+00:00,-0.009154558693253548
2022-08-23 00:00:00+00:00,-0.015498341995286399
2022-08-24 00:00:00+00:00,0.01138978714402306
2022-08-25 00:00:00+00:00,0.013130296868643298
2022-08-26 00:00:00+00:00,-0.0035207482178773284
2022-08-27 00:00:00+00:00,-0.014679022232476165
2022-08-28 00:00:00+00:00,3.6077766958426266e-05
2022-08-29 00:00:00+00:00,0.009861715916323533
2022-08-30 00:00:00+00:00,0.025710161855696117
2022-08-31 00:00:00+00:00,0.01200250479788513
2022-09-01 00:00:00+00:00,-0.007422639509373033
2022-09-02 00:00:00+00:00,0.005002025905566522
2022-09-03 00:00:00+00:00,-0.00040477203296817644
2022-09-04 00:00:00+00:00,-0.0058795529855489295
2022-09-05 00:00:00+00:00,-0.00779774931045083
2022-09-06 00:00:00+00:00,0.0018379632778904413
2022-09-07 00:00:00+00:00,-0.013035428994989101
2022-09-08 00:00:00+00:00,-0.002161341498823654
2022-09-09 00:00:00+00:00,0.03962245615849002
2022-09-10 00:00:00+00:00,0.007853149534055573
2022-09-11 00:00:00+00:00,0.0070986577874735165
2022-09-12 00:00:00+00:00,0.027094327483894738
2022-09-13 00:00:00+00:00,-0.025553349023548083
2022-09-14 00:00:00+00:00,-0.0034343482416006794
2022-09-15 00:00:00+00:00,-0.0003668848766849639
2022-09-16 00:00:00+00:00,-0.002796047731707961
2022-09-17 00:00:00+00:00,-0.00350211547044171
2022-09-18 00:00:00+00:00,0.02471935279843656
2022-09-19 00:00:00+00:00,-0.012469945499468804
2022-09-20 00:00:00+00:00,-0.012209774387474786
2022-09-21 00:00:00+00:00,-0.0039864864371568914
2022-09-22 00:00:00+00:00,-0.012311078728550669
2022-09-23 00:00:00+00:00,-0.016794518481995726
2022-09-24 00:00:00+00:00,0.0019658578448459004
2022-09-25 00:00:00+00:00,0.0026764487582989025
2022-09-26 00:00:00+00:00,0.009305056815876962
2022-09-27 00:00:00+00:00,0.0069636793848375
2022-09-28 00:00:00+00:00,0.009237385399293821
2022-09-29 00:00:00+00:00,0.004556919742933103
2022-09-30 00:00:00+00:00,-0.0016724390246527802
2022-10-01 00:00:00+00:00,-0.003314414764367473
2022-10-02 00:00:00+00:00,0.006972071296873073
2022-10-03 00:00:00+00:00,-0.010223222340992199
2022-10-04 00:00:00+00:00,0.01264352918730889
2022-10-05 00:00:00+00:00,-0.001758856915637179
2022-10-06 00:00:00+00:00,0.0005230958426515501
2022-10-07 00:00:00+00:00,-0.010673506893830354
2022-10-08 00:00:00+00:00,0.000971113648519764
2022-10-09 00:00:00+00:00,-0.005466327498378673
2022-10-10 00:00:00+00:00,0.018444848900256345
2022-10-11 00:00:00+00:00,-0.001218356606054531
2022-10-12 00:00:00+00:00,0.00680735664138849
2022-10-13 00:00:00+00:00,0.011733494824541418
2022-10-14 00:00:00+00:00,-0.00012663831944943776
2022-10-15 00:00:00+00:00,-0.0058306696785837536
2022-10-16 00:00:00+00:00,-0.0011441874386472122
2022-10-17 00:00:00+00:00,-0.003707610089227446
2022-10-18 00:00:00+00:00,5.365130277020539e-05
2022-10-19 00:00:00+00:00,0.012748981687380187
2022-10-20 00:00:00+00:00,0.0005337590142490512
2022-10-21 00:00:00+00:00,-0.003350158784323853
2022-10-22 00:00:00+00:00,9.484264737285585e-05
2022-10-23 00:00:00+00:00,0.00012029831929810618
2022-10-24 00:00:00+00:00,0.0037082139452443074
2022-10-25 00:00:00+00:00,0.0039895860181886934
2022-10-26 00:00:00+00:00,0.005323525392160595
2022-10-27 00:00:00+00:00,-0.0013627460800693218
2022-10-28 00:00:00+00:00,-0.006275087467923243
2022-10-29 00:00:00+00:00,-0.011296398222231996
2022-10-30 00:00:00+00:00,0.0007683078096337313
2022-10-31 00:00:00+00:00,0.00030188824562965767
2022-11-01 00:00:00+00:00,0.01064113645808789
2022-11-02 00:00:00+00:00,0.007563105903310123
2022-11-03 00:00:00+00:00,-0.01984382496994865
2022-11-04 00:00:00+00:00,-0.02800310251854985
2022-11-05 00:00:00+00:00,0.010013183233593256
2022-11-06 00:00:00+00:00,0.014981947676980323
2022-11-07 00:00:00+00:00,-0.01758405388935053
2022-11-08 00:00:00+00:00,0.040871535996960494
2022-11-09 00:00:00+00:00,0.016355000519417927
2022-11-10 00:00:00+00:00,-0.03042418897508125
2022-11-11 00:00:00+00:00,-0.003504055718508563
2022-11-12 00:00:00+00:00,0.02980204697978883
2022-11-13 00:00:00+00:00,-0.010889137678393935
2022-11-14 00:00:00+00:00,0.0018126545188148768
2022-11-15 00:00:00+00:00,-0.0015367975257268962
2022-11-16 00:00:00+00:00,0.003221781321963297
2022-11-17 00:00:00+00:00,0.0025960333462661544
2022-11-18 00:00:00+00:00,-0.006676825166904674
2022-11-19 00:00:00+00:00,-0.00891058055975844
2022-11-20 00:00:00+00:00,0.02066491078350654
2022-11-21 00:00:00+00:00,-0.011378250773290606
2022-11-22 00:00:00+00:00,0.005788441669230433
2022-11-23 00:00:00+00:00,-0.005144688124828528
2022-11-24 00:00:00+00:00,0.003944975820961119
2022-11-25 00:00:00+00:00,-8.079300415917313e-05
2022-11-26 00:00:00+00:00,-0.004792327258772223
2022-11-27 00:00:00+00:00,0.0011855247074824909
2022-11-28 00:00:00+00:00,-0.015374497417275168
2022-11-29 00:00:00+00:00,0.0043512639613131525
2022-11-30 00:00:00+00:00,0.00976602597789496
2022-12-01 00:00:00+00:00,0.002874829015566228
2022-12-02 00:00:00+00:00,-0.005523231787616462
2022-12-03 00:00:00+00:00,0.00856531239818368
2022-12-04 00:00:00+00:00,0.00023157082302482514
2022-12-05 00:00:00+00:00,-0.0070577691420958015
2022-12-06 00:00:00+00:00,0.008608561237233678
2022-12-07 00:00:00+00:00,0.011046548459573804
2022-12-08 00:00:00+00:00,0.0023861086487784676
2022-12-09 00:00:00+00:00,-0.001434643985732732
2022-12-10 00:00:00+00:00,-0.0016885904712733448
2022-12-11 00:00:00+00:00,0.006231897939220842
2022-12-12 00:00:00+00:00,-0.004225414584403205
2022-12-13 00:00:00+00:00,0.015830587378176622
2022-12-14 00:00:00+00:00,0.0076570506644265
2022-12-15 00:00:00+00:00,-0.015011675946881495
2022-12-16 00:00:00+00:00,0.02804715187670934
2022-12-17 00:00:00+00:00,-0.003385339005999511
2022-12-18 00:00:00+00:00,0.001365482744819293
2022-12-19 00:00:00+00:00,0.007105435449542395
2022-12-20 00:00:00+00:00,-0.0024804358307773736
2022-12-21 00:00:00+00:00,0.004623892592270189
2022-12-22 00:00:00+00:00,0.002989812089963061
2022-12-23 00:00:00+00:00,0.00027017962095846765
2022-12-24 00:00:00+00:00,0.006456063395563918
2022-12-25 00:00:00+00:00,0.004172868870825698
2022-12-26 00:00:00+00:00,-0.003693777491319306
2022-12-27 00:00:00+00:00,-0.002618064437812177
2022-12-28 00:00:00+00:00,0.015893810194118934
2022-12-29 00:00:00+00:00,0.006164173689826944
2022-12-30 00:00:00+00:00,0.004402899308822665
2022-12-31 00:00:00+00:00,-0.002863724385357056
2023-01-01 00:00:00+00:00,-0.003968104776739598
2023-01-02 00:00:00+00:00,-0.006716914196640667
2023-01-03 00:00:00+00:00,-0.004755091618282339
2023-01-04 00:00:00+00:00,-0.0071258258422112995
2023-01-05 00:00:00+00:00,0.006316882628443947
2023-01-06 00:00:00+00:00,-0.0076611101446127094
2023-01-07 00:00:00+00:00,-0.0020318382227042546
2023-01-08 00:00:00+00:00,-0.010768206366769976
2023-01-09 00:00:00+00:00,-0.007754538778310492
2023-01-10 00:00:00+00:00,0.0007770331192728095
2023-01-11 00:00:00+00:00,0.015221828225838419
2023-01-12 00:00:00+00:00,0.020134324422794014
2023-01-13 00:00:00+00:00,0.01177937793183948
2023-01-14 00:00:00+00:00,-0.00587574650261437
2023-01-15 00:00:00+00:00,-0.005939661077685729
2023-01-16 00:00:00+00:00,0.009822913568665043
2023-01-17 00:00:00+00:00,-0.00119617490652692
2023-01-18 00:00:00+00:00,0.01567111692176452
2023-01-19 00:00:00+00:00,0.002523448126505437
2023-01-20 00:00:00+00:00,0.0031269892861711147
2023-01-21 00:00:00+00:00,0.004228252262571841
2023-01-22 00:00:00+00:00,-0.014331884197833909
2023-01-23 00:00:00+00:00,-0.0077876323087843055
2023-01-24 00:00:00+00:00,0.01334190302689154
2023-01-25 00:00:00+00:00,-0.017789950549835072
2023-01-26 00:00:00+00:00,0.007584967675676535
2023-01-27 00:00:00+00:00,-0.007856805364175936
2023-01-28 00:00:00+00:00,0.012621791248634433
2023-01-29 00:00:00+00:00,0.0013711109025607141
2023-01-30 00:00:00+00:00,0.02307473417901963
2023-01-31 00:00:00+00:00,-0.0035194510410871903
2023-02-01 00:00:00+00:00,-0.02304191079843462
2023-02-02 00:00:00+00:00,0.000987368217142906
2023-02-03 00:00:00+00:00,-0.04072386998399577
2023-02-04 00:00:00+00:00,-0.0024293417862674277
2023-02-05 00:00:00+00:00,-0.008074182939293661
2023-02-06 00:00:00+00:00,0.0023659129335970204
2023-02-07 00:00:00+00:00,-0.03439269205265622
2023-02-08 00:00:00+00:00,0.0256772016419241
2023-02-09 00:00:00+00:00,0.033021375099757076
2023-02-10 00:00:00+00:00,-0.00979444181704417
2023-02-11 00:00:00+00:00,-0.013310647568351312
2023-02-12 00:00:00+00:00,0.005813049986850891
2023-02-13 00:00:00+00:00,0.01903008019041609
2023-02-14 00:00:00+00:00,-0.02920371647725359
2023-02-15 00:00:00+00:00,0.014945287129997223
2023-02-16 00:00:00+00:00,0.01415752057853535
2023-02-17 00:00:00+00:00,-0.000310853001933213
2023-02-18 00:00:00+00:00,0.001703519917244956
2023-02-19 00:00:00+00:00,-0.014537166123752878
2023-02-20 00:00:00+00:00,0.006709535249213892
2023-02-21 00:00:00+00:00,-0.024692937737132496
2023-02-22 00:00:00+00:00,0.0013308230423535864
2023-02-23 00:00:00+00:00,0.00314824347891161
2023-02-24 00:00:00+00:00,0.016462098114581592
2023-02-25 00:00:00+00:00,0.011848590317717324
2023-02-26 00:00:00+00:00,-0.005079627806440071
2023-02-27 00:00:00+00:00,0.00682812097303464
2023-02-28 00:00:00+00:00,0.012257838364520731
2023-03-01 00:00:00+00:00,-0.011768674792169384
2023-03-02 00:00:00+00:00,0.012998634717464956
2023-03-03 00:00:00+00:00,0.007071925786208384
2023-03-04 00:00:00+00:00,0.020120201237061052
2023-03-05 00:00:00+00:00,-0.0005408140519273104
2023-03-06 00:00:00+00:00,0.0005788845723757052
2023-03-07 00:00:00+00:00,-0.0003329982815590233
2023-03-08 00:00:00+00:00,0.021065995334417765
2023-03-09 00:00:00+00:00,-0.008779947883466683
2023-03-10 00:00:00+00:00,-0.003949558577154775
2023-03-11 00:00:00+00:00,0.02642566924563714
2023-03-12 00:00:00+00:00,-0.013074355726421419
2023-03-13 00:00:00+00:00,0.0034120702548072757
2023-03-14 00:00:00+00:00,-0.01742414768047943
2023-03-15 00:00:00+00:00,0.022210067690662617
2023-03-16 00:00:00+00:00,0.013012074178348224
2023-03-17 00:00:00+00:00,0.0128540242172887
2023-03-18 00:00:00+00:00,0.0009381081662722315
2023-03-19 00:00:00+00:00,0.0005155119209643215
2023-03-20 00:00:00+00:00,0.020903191744800997
2023-03-21 00:00:00+00:00,-0.02073544156694523
2023-03-22 00:00:00+00:00,0.001569288768515067
2023-03-23 00:00:00+00:00,0.009249004285119688
2023-03-24 00:00:00+00:00,0.004707909254111352
2023-03-25 00:00:00+00:00,0.004912660060122184
2023-03-26 00:00:00+00:00,0.0016388932931694616
2023-03-27 00:00:00+00:00,-0.001493768566995255
2023-03-28 00:00:00+00:00,0.00424304211054065
2023-03-29 00:00:00+00:00,-0.001457819474869579
2023-03-30 00:00:00+00:00,0.007554893166461605
2023-03-31 00:00:00+00:00,-0.003820880975831487
2023-04-01 00:00:00+00:00,0.0016104127900712674
2023-04-02 00:00:00+00:00,0.013362822649266509
2023-04-03 00:00:00+00:00,-0.006785958953150992
2023-04-04 00:00:00+00:00,-0.003677884662079528
2023-04-05 00:00:00+00:00,-0.005718914828079966
2023-04-06 00:00:00+00:00,-0.0019537694016843986
2023-04-07 00:00:00+00:00,-0.0015764849387448709
2023-04-08 00:00:00+00:00,0.0094534770773391
2023-04-09 00:00:00+00:00,0.0010245221556115934
2023-04-10 00:00:00+00:00,0.013465909811353208
2023-04-11 00:00:00+00:00,0.01909680073105958
2023-04-12 00:00:00+00:00,-0.0003959513830323109
2023-04-13 00:00:00+00:00,-0.014314604686422216
2023-04-14 00:00:00+00:00,-0.03231158122848902
2023-04-15 00:00:00+00:00,-0.0040938051836518444
2023-04-16 00:00:00+00:00,-0.012680524731535137
2023-04-17 00:00:00+00:00,-0.0027869479152826965
2023-04-18 00:00:00+00:00,0.01672633308503238
2023-04-19 00:00:00+00:00,0.009051535426599092
2023-04-20 00:00:00+00:00,0.004512827790981196
2023-04-21 00:00:00+00:00,0.006866781739733955
2023-04-22 00:00:00+00:00,0.0013024605995743603
2023-04-23 00:00:00+00:00,0.015141302209757039
2023-04-24 00:00:00+00:00,-0.004640288349352706
2023-04-25 00:00:00+00:00,0.011305944374362612
2023-04-26 00:00:00+00:00,0.014329305600966182
2023-04-27 00:00:00+00:00,0.005540073270965632
2023-04-28 00:00:00+00:00,0.012633593995960734
2023-04-29 00:00:00+00:00,-0.0013416641308194646
2023-04-30 00:00:00+00:00,0.012232124565431953
2023-05-01 00:00:00+00:00,-0.01114233343561003
2023-05-02 00:00:00+00:00,0.00968193083473697
2023-05-03 00:00:00+00:00,-0.0008130111142128909
2023-05-04 00:00:00+00:00,0.004546997692043883
2023-05-05 00:00:00+00:00,0.00403887796080969
2023-05-06 00:00:00+00:00,0.02118785938894849
2023-05-07 00:00:00+00:00,-0.0029942397033206583
2023-05-08 00:00:00+00:00,0.028384733945658085
2023-05-09 00:00:00+00:00,-0.003444184870032133
2023-05-10 00:00:00+00:00,-0.009506457037216386
2023-05-11 00:00:00+00:00,0.008766675692048871
2023-05-12 00:00:00+00:00,-0.01570376687955752
2023-05-13 00:00:00+00:00,0.005432001986770961
2023-05-14 00:00:00+00:00,-0.0002737691765228122
2023-05-15 00:00:00+00:00,-0.0019825037711563723
2023-05-16 00:00:00+00:00,-0.003098698445661119
2023-05-17 00:00:00+00:00,-0.007310949112575087
2023-05-18 00:00:00+00:00,0.0016709891838448605
2023-05-19 00:00:00+00:00,-0.004197764644769786
2023-05-20 00:00:00+00:00,0.006747513972287601
2023-05-21 00:00:00+00:00,0.005568144969217703
2023-05-22 00:00:00+00:00,0.0025027162031294203
2023-05-23 00:00:00+00:00,0.0002674618154170042
2023-05-24 00:00:00+00:00,-0.0016553628968791346
2023-05-25 00:00:00+00:00,0.0036198469320528263
2023-05-26 00:00:00+00:00,-0.0011526692956797095
2023-05-27 00:00:00+00:00,-0.002172033526560627
2023-05-28 00:00:00+00:00,0.01432255812066389
2023-05-29 00:00:00+00:00,0.0010732859902735934
2023-05-30 00:00:00+00:00,-0.006390238743960025
2023-05-31 00:00:00+00:00,0.007800711873943417
2023-06-01 00:00:00+00:00,-0.006278152128992382
2023-06-02 00:00:00+00:00,-0.006531791172883593
2023-06-03 00:00:00+00:00,-0.0015038325369073615
2023-06-04 00:00:00+00:00,0.0021039630708605023
2023-06-05 00:00:00+00:00,0.010703204243203064
2023-06-06 00:00:00+00:00,0.01701861073680731
2023-06-07 00:00:00+00:00,0.009529273288811828
2023-06-08 00:00:00+00:00,0.0005385731921557634
2023-06-09 00:00:00+00:00,0.0006176956374774835
2023-06-10 00:00:00+00:00,0.07392403700671331
2023-06-11 00:00:00+00:00,0.010341032562985143
2023-06-12 00:00:00+00:00,-0.008472664582794717
2023-06-13 00:00:00+00:00,-0.004129218554661423
2023-06-14 00:00:00+00:00,-0.001126725606749401
2023-06-15 00:00:00+00:00,0.0009454774544565787
2023-06-16 00:00:00+00:00,-0.0004297361785041483
2023-06-17 00:00:00+00:00,-0.0003351307725750273
2023-06-18 00:00:00+00:00,0.000978436897234257
2023-06-19 00:00:00+00:00,0.005996682201734231
2023-06-20 00:00:00+00:00,0.006943168148867189
2023-06-21 00:00:00+00:00,-0.0044846326168123925
2023-06-22 00:00:00+00:00,0.006916038996632011
2023-06-23 00:00:00+00:00,-0.0023614339055838237
2023-06-24 00:00:00+00:00,0.0033737575832229008
2023-06-25 00:00:00+00:00,-0.008022517947767297
2023-06-26 00:00:00+00:00,0.007262531144138952
2023-06-27 00:00:00+00:00,-0.009603518156563037
2023-06-28 00:00:00+00:00,0.02263031120412364
2023-06-29 00:00:00+00:00,-0.0001810452291485354
2023-06-30 00:00:00+00:00,-0.01798263403173596
2023-07-01 00:00:00+00:00,-0.01114913113686785
2023-07-02 00:00:00+00:00,0.003212340264969123
2023-07-03 00:00:00+00:00,-0.007441659499293232
2023-07-04 00:00:00+00:00,0.0026300400397192138
2023-07-05 00:00:00+00:00,0.00958980222304343
2023-07-06 00:00:00+00:00,0.011258501952618898
2023-07-07 00:00:00+00:00,-0.0005360360615543829
2023-07-08 00:00:00+00:00,-0.003310868016799121
2023-07-09 00:00:00+00:00,0.0023947588077979005
2023-07-10 00:00:00+00:00,0.006182099315079903
2023-07-11 00:00:00+00:00,-0.0019903664207002454
2023-07-12 00:00:00+00:00,-0.00946838036537389
2023-07-13 00:00:00+00:00,-0.021336482918193785
2023-07-14 00:00:00+00:00,-0.016580756028649862
2023-07-15 00:00:00+00:00,-0.0034507015453533875
2023-07-16 00:00:00+00:00,0.009040828982790763
2023-07-17 00:00:00+00:00,-0.014719146246225336
2023-07-18 00:00:00+00:00,0.009196323390172064
2023-07-19 00:00:00+00:00,-0.002130358862874339
2023-07-20 00:00:00+00:00,-0.010673042019718009
2023-07-21 00:00:00+00:00,0.0010460194213484904
2023-07-22 00:00:00+00:00,0.008793351106488056
2023-07-23 00:00:00+00:00,2.027752414916935e-05
2023-07-24 00:00:00+00:00,0.006496629332047265
2023-07-25 00:00:00+00:00,0.005402790971365365
2023-07-26 00:00:00+00:00,-0.0022028620170046432
2023-07-27 00:00:00+00:00,-0.0048886234514648776
2023-07-28 00:00:00+00:00,-0.0029268636403875863
2023-07-29 00:00:00+00:00,-0.003393102401105305
2023-07-30 00:00:00+00:00,0.0008144016800219776
2023-07-31 00:00:00+00:00,-0.009390462712234197
2023-08-01 00:00:00+00:00,0.0036549754721047676
2023-08-02 00:00:00+00:00,-0.00181234760767534
2023-08-03 00:00:00+00:00,0.005093446519466574
2023-08-04 00:00:00+00:00,0.0015463244505396752
2023-08-05 00:00:00+00:00,0.008056045372431085
2023-08-06 00:00:00+00:00,-0.015276052757967803
2023-08-07 00:00:00+00:00,0.0009995586657217666
2023-08-08 00:00:00+00:00,0.015378110205121576
2023-08-09 00:00:00+00:00,-0.004589198139258432
2023-08-10 00:00:00+00:00,-0.0025229225354496117
2023-08-11 00:00:00+00:00,-0.01972131235794628
2023-08-12 00:00:00+00:00,-0.011602619900896954
2023-08-13 00:00:00+00:00,0.0005307243526402286
2023-08-14 00:00:00+00:00,-0.003952608089763212
2023-08-15 00:00:00+00:00,0.03126593465873535
2023-08-16 00:00:00+00:00,0.019026014037621015
2023-08-17 00:00:00+00:00,0.0045793320112019024
2023-08-18 00:00:00+00:00,-0.02564494089043225
2023-08-19 00:00:00+00:00,-0.008086500562989325
2023-08-20 00:00:00+00:00,0.002567415413141625
2023-08-21 00:00:00+00:00,0.005392022732762428
2023-08-22 00:00:00+00:00,-0.0009098771225429646
2023-08-23 00:00:00+00:00,-0.014766404789616865
2023-08-24 00:00:00+00:00,0.011087460070082827
2023-08-25 00:00:00+00:00,0.005916528993688908
2023-08-26 00:00:00+00:00,0.003214875090902567
2023-08-27 00:00:00+00:00,0.001992211633894364
2023-08-28 00:00:00+00:00,0.005805670403034928
2023-08-29 00:00:00+00:00,0.0035897486590865564
2023-08-30 00:00:00+00:00,-0.0025275928049855504
2023-08-31 00:00:00+00:00,-0.012768324501797566
2023-09-01 00:00:00+00:00,0.005596640249676037
2023-09-02 00:00:00+00:00,0.00036411896361579103
2023-09-03 00:00:00+00:00,0.00880351026519983
2023-09-04 00:00:00+00:00,-0.003089485048428484
2023-09-05 00:00:00+00:00,-0.016780559580163456
2023-09-06 00:00:00+00:00,0.0005294816875178132
2023-09-07 00:00:00+00:00,0.011816215874525844
2023-09-08 00:00:00+00:00,-0.006943622103009054
2023-09-09 00:00:00+00:00,0.0011330818060998331
2023-09-10 00:00:00+00:00,0.013121602243471165
2023-09-11 00:00:00+00:00,-0.0015959627674570172
2023-09-12 00:00:00+00:00,0.014538454515255901
2023-09-13 00:00:00+00:00,-0.008570078547222713
2023-09-14 00:00:00+00:00,-0.0038781901996147172
2023-09-15 00:00:00+00:00,-0.014858515693331565
2023-09-16 00:00:00+00:00,0.010717451024991062
2023-09-17 00:00:00+00:00,0.029620535752918436
2023-09-18 00:00:00+00:00,-0.0014529821314024126
2023-09-19 00:00:00+00:00,-0.0022667296458225737
2023-09-20 00:00:00+00:00,-0.0008727899718067098
2023-09-21 00:00:00+00:00,-0.0004283475374420579
2023-09-22 00:00:00+00:00,-0.012089763706941934
2023-09-23 00:00:00+00:00,0.0035271315097282698
2023-09-24 00:00:00+00:00,-0.010100955560337114
2023-09-25 00:00:00+00:00,-0.006448384292717098
2023-09-26 00:00:00+00:00,-0.006903630549747414
2023-09-27 00:00:00+00:00,-0.0032642987551490146
2023-09-28 00:00:00+00:00,0.008976545477015442
2023-09-29 00:00:00+00:00,-0.007218947593886921
2023-09-30 00:00:00+00:00,-0.003829989742482516
2023-10-01 00:00:00+00:00,0.004646975759149412
2023-10-02 00:00:00+00:00,0.01360727520772883
2023-10-03 00:00:00+00:00,0.021011667834394517
2023-10-04 00:00:00+00:00,0.01294843623359606
2023-10-05 00:00:00+00:00,-0.007804842922232138
2023-10-06 00:00:00+00:00,-0.006970328810305333
2023-10-07 00:00:00+00:00,0.006900697731583436
2023-10-08 00:00:00+00:00,0.009009561930705196
2023-10-09 00:00:00+00:00,-0.006456301002787356
2023-10-10 00:00:00+00:00,-0.004420043655346034
2023-10-11 00:00:00+00:00,-0.009608143476282895
2023-10-12 00:00:00+00:00,-0.0013949973863135753
2023-10-13 00:00:00+00:00,-0.004880500890459404
2023-10-14 00:00:00+00:00,-0.0014412574902196197
2023-10-15 00:00:00+00:00,0.006095263300202471
2023-10-16 00:00:00+00:00,0.027747659878188138
2023-10-17 00:00:00+00:00,0.0036715140478781913
2023-10-18 00:00:00+00:00,0.0147404117191413
2023-10-19 00:00:00+00:00,0.013600872117189933
2023-10-20 00:00:00+00:00,0.007645614640850624
2023-10-21 00:00:00+00:00,-0.009717836666479254
2023-10-22 00:00:00+00:00,-0.00739423805836414
2023-10-23 00:00:00+00:00,0.019037876717050418
2023-10-24 00:00:00+00:00,0.015218409410968133
2023-10-25 00:00:00+00:00,-0.010399412954693557
2023-10-26 00:00:00+00:00,-0.0028703935797349945
2023-10-27 00:00:00+00:00,-0.004634674488972303
2023-10-28 00:00:00+00:00,-0.0068718523643215325
2023-10-29 00:00:00+00:00,-0.021130038362315907
2023-10-30 00:00:00+00:00,-0.03647944410716152
2023-10-31 00:00:00+00:00,0.01077362736989754
2023-11-01 00:00:00+00:00,-0.009284898624732366
2023-11-02 00:00:00+00:00,0.02073420946979731
2023-11-03 00:00:00+00:00,-0.029343556910752678
2023-11-04 00:00:00+00:00,-0.054757438907272867
2023-11-05 00:00:00+00:00,-0.0038491827548062497
2023-11-06 00:00:00+00:00,0.002162636569491427
2023-11-07 00:00:00+00:00,0.01619357871880421
2023-11-08 00:00:00+00:00,-0.013131192725175994
2023-11-09 00:00:00+00:00,0.02815969749359514
2023-11-10 00:00:00+00:00,-0.033766287764284655
2023-11-11 00:00:00+00:00,-0.006690466343436738
2023-11-12 00:00:00+00:00,-0.020292068751047356
2023-11-13 00:00:00+00:00,-0.0036175842386766796
2023-11-14 00:00:00+00:00,-0.0239368467348079
2023-11-15 00:00:00+00:00,0.014422058263318258
2023-11-16 00:00:00+00:00,0.001594222904935318
2023-11-17 00:00:00+00:00,0.006475976470070653
2023-11-18 00:00:00+00:00,0.03053765194938585
2023-11-19 00:00:00+00:00,-0.004337536554165901
2023-11-20 00:00:00+00:00,0.008551323179535648
2023-11-21 00:00:00+00:00,0.017528526932207644
2023-11-22 00:00:00+00:00,-0.04346474920388163
2023-11-23 00:00:00+00:00,-0.007944926922587345
2023-11-24 00:00:00+00:00,-0.012193622360248974
2023-11-25 00:00:00+00:00,-0.010227895870498601
2023-11-26 00:00:00+00:00,0.013231873146858133
2023-11-27 00:00:00+00:00,0.019125336614466693
2023-11-28 00:00:00+00:00,0.003866065489766662
2023-11-29 00:00:00+00:00,0.011049810102178493
2023-11-30 00:00:00+00:00,-0.002009653977990693
2023-12-01 00:00:00+00:00,-0.0016471521067601776
2023-12-02 00:00:00+00:00,-0.01182971806557641
2023-12-03 00:00:00+00:00,0.003907307031366711
2023-12-04 00:00:00+00:00,0.0010049389572801784
2023-12-05 00:00:00+00:00,0.01876846270914944
2023-12-06 00:00:00+00:00,0.028960152989271282
2023-12-07 00:00:00+00:00,-0.03172982709869486
2023-12-08 00:00:00+00:00,0.0054223714420188005
2023-12-09 00:00:00+00:00,0.00729567718988201
2023-12-10 00:00:00+00:00,-0.008301818578803756
2023-12-11 00:00:00+00:00,-0.0015510875403432708
2023-12-12 00:00:00+00:00,-0.019999341955163685
2023-12-13 00:00:00+00:00,0.017617653787906373
2023-12-14 00:00:00+00:00,-0.010804157190593544
2023-12-15 00:00:00+00:00,0.023294784594591514
2023-12-16 00:00:00+00:00,-0.028911290765355913
2023-12-17 00:00:00+00:00,-0.00979698133281569
2023-12-18 00:00:00+00:00,0.012485611176566613
2023-12-19 00:00:00+00:00,-0.004848896770013461
2023-12-20 00:00:00+00:00,-0.010751045083701597
2023-12-21 00:00:00+00:00,-0.019230765621095817
2023-12-22 00:00:00+00:00,-0.014518924900409748
2023-12-23 00:00:00+00:00,-0.006563362147438658
2023-12-24 00:00:00+00:00,0.00032940036999608817
2023-12-25 00:00:00+00:00,-0.04298395130863502
2023-12-26 00:00:00+00:00,-0.00320177478658099
2023-12-27 00:00:00+00:00,0.005105868763677992
2023-12-28 00:00:00+00:00,0.016944624818731397
2023-12-29 00:00:00+00:00,-0.007325305424013358
2023-12-30 00:00:00+00:00,0.009434727801099286
2023-12-31 00:00:00+00:00,0.007464823504144434
2024-01-01 00:00:00+00:00,-0.021276528209016498
2024-01-02 00:00:00+00:00,0.004737005825223978
2024-01-03 00:00:00+00:00,0.004503928202449218
2024-01-04 00:00:00+00:00,-0.0018948721409993876
2024-01-05 00:00:00+00:00,0.011010380421503435
2024-01-06 00:00:00+00:00,-0.003951896615016073
2024-01-07 00:00:00+00:00,0.014552265709546479
2024-01-08 00:00:00+00:00,0.0032304433731566743
2024-01-09 00:00:00+00:00,0.0012211564793003222
2024-01-10 00:00:00+00:00,-0.03578413554533755
2024-01-11 00:00:00+00:00,-0.01679924883891525
2024-01-12 00:00:00+00:00,-0.023974465458182534
2024-01-13 00:00:00+00:00,-0.008399174375751415
2024-01-14 00:00:00+00:00,-0.005369332481867326
2024-01-15 00:00:00+00:00,0.005269737402463233
2024-01-16 00:00:00+00:00,-0.008219152553541925
2024-01-17 00:00:00+00:00,0.002647661523369406
2024-01-18 00:00:00+00:00,0.009740721547997171
2024-01-19 00:00:00+00:00,0.003975060483655996
2024-01-20 00:00:00+00:00,0.006557460989046441
2024-01-21 00:00:00+00:00,0.0034547034313945238
2024-01-22 00:00:00+00:00,-0.0031882499169654716
2024-01-23 00:00:00+00:00,-0.0032987630218161224
2024-01-24 00:00:00+00:00,-0.004709712257801553
2024-01-25 00:00:00+00:00,0.011181443461664211
2024-01-26 00:00:00+00:00,-0.004289852898741764
2024-01-27 00:00:00+00:00,-0.0045844697456421035
2024-01-28 00:00:00+00:00,0.009091841415898009
2024-01-29 00:00:00+00:00,-0.004255085943283075
2024-01-30 00:00:00+00:00,0.012946792912124704
2024-01-31 00:00:00+00:00,0.023065720265785638
2024-02-01 00:00:00+00:00,0.005313870736956263
2024-02-02 00:00:00+00:00,-0.007666575156512233
2024-02-03 00:00:00+00:00,0.00971435598543694
2024-02-04 00:00:00+00:00,0.010585249918485046
2024-02-05 00:00:00+00:00,-0.010937644810550711
2024-02-06 00:00:00+00:00,2.2997010955934422e-05
2024-02-07 00:00:00+00:00,-0.008467317183865444
2024-02-08 00:00:00+00:00,0.015141304935646206
2024-02-09 00:00:00+00:00,0.012293360970247224
2024-02-10 00:00:00+00:00,0.0050002942217099566
2024-02-11 00:00:00+00:00,0.003158566914092608
2024-02-12 00:00:00+00:00,0.006494691586822922
2024-02-13 00:00:00+00:00,-0.0065149584644899365
2024-02-14 00:00:00+00:00,-0.025587063844274418
2024-02-15 00:00:00+00:00,0.006897294651645526
2024-02-16 00:00:00+00:00,0.011192034140041617
2024-02-17 00:00:00+00:00,0.002901848597426059
2024-02-18 00:00:00+00:00,-0.017103405879030677
2024-02-19 00:00:00+00:00,-0.0234207444727588
2024-02-20 00:00:00+00:00,0.015845358950825523
2024-02-21 00:00:00+00:00,0.008939076733216868
2024-02-22 00:00:00+00:00,-0.012584939285190406
2024-02-23 00:00:00+00:00,0.005002697862958097
2024-02-24 00:00:00+00:00,-0.00987848060910452
2024-02-25 00:00:00+00:00,-0.0051606317070388985
2024-02-26 00:00:00+00:00,0.013792355624719026
2024-02-27 00:00:00+00:00,0.019397985920896213
2024-02-28 00:00:00+00:00,0.03412845777250097
2024-02-29 00:00:00+00:00,0.0012472778746422358
2024-03-01 00:00:00+00:00,-0.05634842041829631
2024-03-02 00:00:00+00:00,-0.004436012236955022
2024-03-03 00:00:00+00:00,0.0035556520471888386
2024-03-04 00:00:00+00:00,0.04568602686991203
2024-03-05 00:00:00+00:00,-0.006306858288463485
2024-03-06 00:00:00+00:00,-0.045302035729644655
2024-03-07 00:00:00+00:00,-0.006985198616866555
2024-03-08 00:00:00+00:00,0.0010314929188053633
2024-03-09 00:00:00+00:00,-0.05685677639176689
2024-03-10 00:00:00+00:00,0.017001646832902458
2024-03-11 00:00:00+00:00,0.023344060360082974
2024-03-12 00:00:00+00:00,0.0005015335242690872
2024-03-13 00:00:00+00:00,0.006557805081488448
2024-03-14 00:00:00+00:00,-0.021793691410671348
2024-03-15 00:00:00+00:00,0.023932409509418696
2024-03-16 00:00:00+00:00,0.007021698570862574
2024-03-17 00:00:00+00:00,-0.015814008346609676
2024-03-18 00:00:00+00:00,0.029283591618551128
2024-03-19 00:00:00+00:00,-0.022304447843419187
2024-03-20 00:00:00+00:00,-0.02197897061338315
2024-03-21 00:00:00+00:00,0.005375809229307553
2024-03-22 00:00:00+00:00,-0.008425348798517564
2024-03-23 00:00:00+00:00,-0.007398220292582771
2024-03-24 00:00:00+00:00,-0.000717775625920768
2024-03-25 00:00:00+00:00,-0.010276829136142689
2024-03-26 00:00:00+00:00,-0.01020898877095916
2024-03-27 00:00:00+00:00,0.017231500086052873
2024-03-28 00:00:00+00:00,-0.003517377740730977
2024-03-29 00:00:00+00:00,-0.007425944322848163
2024-03-30 00:00:00+00:00,0.002907115939260973
2024-03-31 00:00:00+00:00,-0.00012931940972417977
2024-04-01 00:00:00+00:00,0.002894564007657583
2024-04-02 00:00:00+00:00,0.013101998837253616
2024-04-03 00:00:00+00:00,0.020876960839523184
2024-04-04 00:00:00+00:00,0.003896227762217009
2024-04-05 00:00:00+00:00,0.0007430549096781538
2024-04-06 00:00:00+00:00,-0.0016526037055068388
2024-04-07 00:00:00+00:00,-0.008522929253671917
2024-04-08 00:00:00+00:00,-0.016020155348785117
2024-04-09 00:00:00+00:00,0.014133417833025791
2024-04-10 00:00:00+00:00,0.0069048758145478385
2024-04-11 00:00:00+00:00,0.005732111107865829
2024-04-12 00:00:00+00:00,0.060791298626641344
2024-04-13 00:00:00+00:00,0.026129263431255895
2024-04-14 00:00:00+00:00,-0.05938347095664177
2024-04-15 00:00:00+00:00,0.01197709863654534
2024-04-16 00:00:00+00:00,0.009436258902882043
2024-04-17 00:00:00+00:00,-0.008645435628104405
2024-04-18 00:00:00+00:00,0.0055977444649262945
2024-04-19 00:00:00+00:00,-0.003932106836623929
2024-04-20 00:00:00+00:00,-0.043847301050682054
2024-04-21 00:00:00+00:00,0.012790321000714684
2024-04-22 00:00:00+00:00,-3.4073632799161436e-05
2024-04-23 00:00:00+00:00,0.006762981387264069
2024-04-24 00:00:00+00:00,0.012228033727198035
2024-04-25 00:00:00+00:00,0.0030896464444122983
2024-04-26 00:00:00+00:00,0.0018355384332734417
2024-04-27 00:00:00+00:00,-0.021341046942605975
2024-04-28 00:00:00+00:00,0.0008913558085248543
2024-04-29 00:00:00+00:00,0.015999850578944444
2024-04-30 00:00:00+00:00,0.01928811174129856
2024-05-01 00:00:00+00:00,-0.02548783176512045
2024-05-02 00:00:00+00:00,-0.004416904174882298
2024-05-03 00:00:00+00:00,0.0013118328346912668
2024-05-04 00:00:00+00:00,0.014797526891896586
2024-05-05 00:00:00+00:00,-0.008355508653059706
2024-05-06 00:00:00+00:00,0.0029887503990706572
2024-05-07 00:00:00+00:00,0.0051023182071536985
2024-05-08 00:00:00+00:00,0.004076575365080385
2024-05-09 00:00:00+00:00,0.0015008967601374663
2024-05-10 00:00:00+00:00,0.008411848259764399
2024-05-11 00:00:00+00:00,-0.0033676493364541843
2024-05-12 00:00:00+00:00,0.006481409671730011
2024-05-13 00:00:00+00:00,0.024248870861399242
2024-05-14 00:00:00+00:00,0.005147823158509193
2024-05-15 00:00:00+00:00,0.002935394049219478
2024-05-16 00:00:00+00:00,0.0004001219474435544
2024-05-17 00:00:00+00:00,-0.009019038807396964
2024-05-18 00:00:00+00:00,-0.0059251729166143385
2024-05-19 00:00:00+00:00,0.010550567698030477
2024-05-20 00:00:00+00:00,0.0016217686443041493
2024-05-21 00:00:00+00:00,-0.005261942566998802
2024-05-22 00:00:00+00:00,-0.004605947791284655
2024-05-23 00:00:00+00:00,0.005973032501078516
2024-05-24 00:00:00+00:00,0.0041922517970948495
2024-05-25 00:00:00+00:00,-0.010618937627246146
2024-05-26 00:00:00+00:00,0.0034070977903107916
2024-05-27 00:00:00+00:00,-0.010827608777271493
2024-05-28 00:00:00+00:00,-0.004756499878759801
2024-05-29 00:00:00+00:00,0.004814265581979404
2024-05-30 00:00:00+00:00,0.008048450205001279
2024-05-31 00:00:00+00:00,-0.012060275132557478
2024-06-01 00:00:00+00:00,-0.004182851753859009
2024-06-02 00:00:00+00:00,0.005038070344769059
2024-06-03 00:00:00+00:00,0.004140200233067709
2024-06-04 00:00:00+00:00,0.004177295947853822
2024-06-05 00:00:00+00:00,-0.0006295117949067737
2024-06-06 00:00:00+00:00,0.003362063732794376
2024-06-07 00:00:00+00:00,0.021561590360513486
2024-06-08 00:00:00+00:00,0.01655822384812849
2024-06-09 00:00:00+00:00,-0.004039234076789227
2024-06-10 00:00:00+00:00,0.011354178948666116
2024-06-11 00:00:00+00:00,0.0069189591514213465
2024-06-12 00:00:00+00:00,-0.027854609324545376
2024-06-13 00:00:00+00:00,0.019127716296768838
2024-06-14 00:00:00+00:00,0.01202927795803317
2024-06-15 00:00:00+00:00,-0.006023173427743186
2024-06-16 00:00:00+00:00,0.005691422789223067
2024-06-17 00:00:00+00:00,0.03706133956620676
2024-06-18 00:00:00+00:00,0.004256443982903841
2024-06-19 00:00:00+00:00,-0.014263802826224671
2024-06-20 00:00:00+00:00,0.0015027626116284063
2024-06-21 00:00:00+00:00,-0.0022295701660853128
2024-06-22 00:00:00+00:00,0.0032202610947788452
2024-06-23 00:00:00+00:00,0.007856725594495908
2024-06-24 00:00:00+00:00,-0.054592147425539854
2024-06-25 00:00:00+00:00,0.013839555647641834
2024-06-26 00:00:00+00:00,0.005739122038885965
2024-06-27 00:00:00+00:00,0.013119858190233095
2024-06-28 00:00:00+00:00,0.007737050571133441
2024-06-29 00:00:00+00:00,0.016633919702112167
2024-06-30 00:00:00+00:00,0.0004588247271126978
2024-07-01 00:00:00+00:00,0.016929424940517725
2024-07-02 00:00:00+00:00,-0.020007835572125134
2024-07-03 00:00:00+00:00,0.012209974262872755
2024-07-04 00:00:00+00:00,0.014114983159624603
2024-07-05 00:00:00+00:00,-0.0005055251340416448
2024-07-06 00:00:00+00:00,-0.017288389397702712
2024-07-07 00:00:00+00:00,0.00386870910809388
2024-07-08 00:00:00+00:00,-0.01738826785767929
2024-07-09 00:00:00+00:00,0.003570310588153326
2024-07-10 00:00:00+00:00,-0.001297222001577952
2024-07-11 00:00:00+00:00,0.013677789674356651
2024-07-12 00:00:00+00:00,-0.004809025496561975
2024-07-13 00:00:00+00:00,-0.013406040764252386
2024-07-14 00:00:00+00:00,0.00594216910484076
2024-07-15 00:00:00+00:00,0.0007300945700916273
2024-07-16 00:00:00+00:00,0.011733101701243235
2024-07-17 00:00:00+00:00,-0.009197307074707974
2024-07-18 00:00:00+00:00,0.003835936417755825
2024-07-19 00:00:00+00:00,0.006009900819781433
2024-07-20 00:00:00+00:00,0.005438042658640457
2024-07-21 00:00:00+00:00,0.002941944981315477
2024-07-22 00:00:00+00:00,0.020018333739187287
2024-07-23 00:00:00+00:00,-0.008084193196673563
2024-07-24 00:00:00+00:00,0.012893182594106925
2024-07-25 00:00:00+00:00,0.02338366201839554
2024-07-26 00:00:00+00:00,-0.00590835685453453
2024-07-27 00:00:00+00:00,0.0013781729246726377
2024-07-28 00:00:00+00:00,0.014246784132040618
2024-07-29 00:00:00+00:00,-0.016597178802988725
2024-07-30 00:00:00+00:00,-4.311101616052938e-05
2024-07-31 00:00:00+00:00,-0.0009041297924614224
2024-08-01 00:00:00+00:00,0.02077432431115151
2024-08-02 00:00:00+00:00,-0.012515202760639381
2024-08-03 00:00:00+00:00,0.03525433148839348
2024-08-04 00:00:00+00:00,-0.0044569083752027585
2024-08-05 00:00:00+00:00,0.009943788905913287
2024-08-06 00:00:00+00:00,-0.007096472024494795
2024-08-07 00:00:00+00:00,0.01004641268897428
2024-08-08 00:00:00+00:00,0.013137231189200767
2024-08-09 00:00:00+00:00,0.006267158016235113
2024-08-10 00:00:00+00:00,0.004000977678633562
2024-08-11 00:00:00+00:00,0.0005616721186455689
2024-08-12 00:00:00+00:00,-0.03625196910642598
2024-08-13 00:00:00+00:00,0.010593310422021421
2024-08-14 00:00:00+00:00,-0.011571954782350789
2024-08-15 00:00:00+00:00,0.0019610347639442633
2024-08-16 00:00:00+00:00,0.0078042880238208615
2024-08-17 00:00:00+00:00,-0.012590148724467294
2024-08-18 00:00:00+00:00,-0.004702654164173749
2024-08-19 00:00:00+00:00,0.0064828083760264475
2024-08-20 00:00:00+00:00,-0.0014244328922294691
2024-08-21 00:00:00+00:00,-0.0003918769158764451
2024-08-22 00:00:00+00:00,-0.013709237099582716
2024-08-23 00:00:00+00:00,-0.002713417766772263
2024-08-24 00:00:00+00:00,-0.006472273978520155
2024-08-25 00:00:00+00:00,0.019973259171341618
2024-08-26 00:00:00+00:00,0.01743860997605557
2024-08-27 00:00:00+00:00,0.0045211335205894345
2024-08-28 00:00:00+00:00,0.007552731785808839
2024-08-29 00:00:00+00:00,0.00033559289394936566
2024-08-30 00:00:00+00:00,0.0009029057785353165
2024-08-31 00:00:00+00:00,0.0059117757658574115
2024-09-01 00:00:00+00:00,0.016523367044609497
2024-09-02 00:00:00+00:00,-0.0007174789282797027
2024-09-03 00:00:00+00:00,0.01463285143487034
2024-09-04 00:00:00+00:00,-0.0007016029688354945
2024-09-05 00:00:00+00:00,-0.0038808220422862786
2024-09-06 00:00:00+00:00,0.006640121696394282
2024-09-07 00:00:00+00:00,-0.015875524238219342
2024-09-08 00:00:00+00:00,-0.004466196931918786
2024-09-09 00:00:00+00:00,0.00397096538081873
2024-09-10 00:00:00+00:00,0.0018312754637273888
2024-09-11 00:00:00+00:00,0.007388973184314542
2024-09-12 00:00:00+00:00,-0.0012775206055528517
2024-09-13 00:00:00+00:00,0.01707561937579199
2024-09-14 00:00:00+00:00,0.0028505241140313305
2024-09-15 00:00:00+00:00,0.010226395868687174
2024-09-16 00:00:00+00:00,0.000934585899686264
2024-09-17 00:00:00+00:00,0.013384207294494238
2024-09-18 00:00:00+00:00,-0.002677502341172026
2024-09-19 00:00:00+00:00,-0.008550556296862355
2024-09-20 00:00:00+00:00,-0.010295661038695501
2024-09-21 00:00:00+00:00,0.0006602004209008346
2024-09-22 00:00:00+00:00,0.013680865846236309
2024-09-23 00:00:00+00:00,-0.020548285015623426
2024-09-24 00:00:00+00:00,-0.01079955754407448
2024-09-25 00:00:00+00:00,-0.0074608515354192065
2024-09-26 00:00:00+00:00,0.005757602332364135
2024-09-27 00:00:00+00:00,-0.009401874271396543
2024-09-28 00:00:00+00:00,0.009051500114840093
2024-09-29 00:00:00+00:00,-0.006602489492763655
2024-09-30 00:00:00+00:00,0.005843156011914952
2024-10-01 00:00:00+00:00,0.017687356846400458
2024-10-02 00:00:00+00:00,0.012312482776612415
2024-10-03 00:00:00+00:00,-0.001229644060793256
2024-10-04 00:00:00+00:00,-0.003362303917631546
2024-10-05 00:00:00+00:00,0.006968642094462742
2024-10-06 00:00:00+00:00,-0.004086858272879904
2024-10-07 00:00:00+00:00,-0.0038819725639345887
2024-10-08 00:00:00+00:00,0.006981367718730045
2024-10-09 00:00:00+00:00,-0.0008375156430435658
2024-10-10 00:00:00+00:00,-0.01395397538777937
2024-10-11 00:00:00+00:00,-0.0037336797340695024
2024-10-12 00:00:00+00:00,-0.010520056432808685
2024-10-13 00:00:00+00:00,0.004883238714123773
2024-10-14 00:00:00+00:00,0.0015960172140085137
2024-10-15 00:00:00+00:00,0.0111195023982401
2024-10-16 00:00:00+00:00,0.01611908841509582
2024-10-17 00:00:00+00:00,0.014939731066920764
2024-10-18 00:00:00+00:00,-0.010003493085084594
2024-10-19 00:00:00+00:00,-0.0013897588600415363
2024-10-20 00:00:00+00:00,-0.013933352991431041
2024-10-21 00:00:00+00:00,0.005016674836462265
2024-10-22 00:00:00+00:00,0.006589473066158073
2024-10-23 00:00:00+00:00,0.010485853172342104
2024-10-24 00:00:00+00:00,0.012451518006478802
2024-10-25 00:00:00+00:00,0.03157993000444526
2024-10-26 00:00:00+00:00,0.002527408959439269
2024-10-27 00:00:00+00:00,-0.001083330502859624
2024-10-28 00:00:00+00:00,0.017033679032536133
2024-10-29 00:00:00+00:00,0.00030695198168627537
2024-10-30 00:00:00+00:00,0.002486636819489108
2024-10-31 00:00:00+00:00,0.007700084005223819
2024-11-01 00:00:00+00:00,-1.3298871268084621e-05
2024-11-02 00:00:00+00:00,0.013501962891549523
2024-11-03 00:00:00+00:00,0.010044400139973287
2024-11-04 00:00:00+00:00,-0.004323600111434598
2024-11-05 00:00:00+00:00,-0.01354962991183689
2024-11-06 00:00:00+00:00,-0.02493975180494527
2024-11-07 00:00:00+00:00,-0.002298070952087329
2024-11-08 00:00:00+00:00,0.005761967451208794
2024-11-09 00:00:00+00:00,-0.018457927777320877
2024-11-10 00:00:00+00:00,0.015406159116769942
2024-11-11 00:00:00+00:00,0.02367218401209806
2024-11-12 00:00:00+00:00,0.009886224052671281
2024-11-13 00:00:00+00:00,0.024097848834998575
2024-11-14 00:00:00+00:00,-0.0042539353775918505
2024-11-15 00:00:00+00:00,0.004545740088393927
2024-11-16 00:00:00+00:00,-0.02207067264391997
2024-11-17 00:00:00+00:00,0.007538172425169051
2024-11-18 00:00:00+00:00,-0.003923902079101406
2024-11-19 00:00:00+00:00,0.02331136466007433
2024-11-20 00:00:00+00:00,0.04592238537231496
2024-11-21 00:00:00+00:00,0.01562522756898572
2024-11-22 00:00:00+00:00,0.01053753935967359
2024-11-23 00:00:00+00:00,-0.030526240480798553
2024-11-24 00:00:00+00:00,-0.008468501097328546
2024-11-25 00:00:00+00:00,-0.03552877985648605
2024-11-26 00:00:00+00:00,0.002104146835232884
2024-11-27 00:00:00+00:00,-0.029192816576527666
2024-11-28 00:00:00+00:00,-0.008902209662781812
2024-11-29 00:00:00+00:00,0.0051092329673490715
2024-11-30 00:00:00+00:00,-0.039389931102334505
2024-12-01 00:00:00+00:00,0.009091708993383869
2024-12-02 00:00:00+00:00,-0.02855061040334228
2024-12-03 00:00:00+00:00,-0.02870704120256144
2024-12-04 00:00:00+00:00,0.015539035995098554
2024-12-05 00:00:00+00:00,-0.01628477119837026
2024-12-06 00:00:00+00:00,-0.004951576542382617
2024-12-07 00:00:00+00:00,0.007445331629637285
2024-12-08 00:00:00+00:00,0.006403308702691699
2024-12-09 00:00:00+00:00,0.06390194822765764
2024-12-10 00:00:00+00:00,0.004465521490439507
2024-12-11 00:00:00+00:00,-0.019109009557433727
2024-12-12 00:00:00+00:00,-0.015258435344396833
2024-12-13 00:00:00+00:00,0.005793677196953133
2024-12-14 00:00:00+00:00,0.02238536988954119
2024-12-15 00:00:00+00:00,-0.0008640571192877486
2024-12-16 00:00:00+00:00,0.02167585594957422
2024-12-17 00:00:00+00:00,0.01859304207451053
2024-12-18 00:00:00+00:00,0.01574009781508539
2024-12-19 00:00:00+00:00,0.03145869620817056
2024-12-20 00:00:00+00:00,-0.011800048581211631
2024-12-21 00:00:00+00:00,0.030635789223245485
2024-12-22 00:00:00+00:00,-0.018575517260528418
2024-12-23 00:00:00+00:00,-0.05097453023299272
2024-12-24 00:00:00+00:00,0.011041349706637227
2024-12-25 00:00:00+00:00,0.013537084547346642
2024-12-26 00:00:00+00:00,0.014672385343078784
2024-12-27 00:00:00+00:00,-0.010107978523639469
2024-12-28 00:00:00+00:00,-0.0072332781680814326
2024-12-29 00:00:00+00:00,0.01073505185459543
2024-12-30 00:00:00+00:00,0.002230354582353008
2024-12-31 00:00:00+00:00,0.011480680603193797
2025-01-01 00:00:00+00:00,-0.02702602090112638
2025-01-02 00:00:00+00:00,0.000723505319913813
2025-01-03 00:00:00+00:00,-0.031704201654449926
2025-01-04 00:00:00+00:00,-6.643444754971886e-05
2025-01-05 00:00:00+00:00,-0.004607940147715395
2025-01-06 00:00:00+00:00,0.01743603427450379
2025-01-07 00:00:00+00:00,0.020708197821341704
2025-01-08 00:00:00+00:00,0.016172598308229993
2025-01-09 00:00:00+00:00,0.0022096269128671292
2025-01-10 00:00:00+00:00,-0.009830977352180215
2025-01-11 00:00:00+00:00,-0.004388015965487859
2025-01-12 00:00:00+00:00,0.012867443910270965
2025-01-13 00:00:00+00:00,0.016512072985495497
2025-01-14 00:00:00+00:00,-0.018807220188345467
2025-01-15 00:00:00+00:00,-0.028128824303841806
2025-01-16 00:00:00+00:00,0.01027369676258643
2025-01-17 00:00:00+00:00,-0.004225773007740807
2025-01-18 00:00:00+00:00,0.043580524062329304
2025-01-19 00:00:00+00:00,0.028802775284200992
2025-01-20 00:00:00+00:00,0.010842868900922516
2025-01-21 00:00:00+00:00,0.005971280408026785
2025-01-22 00:00:00+00:00,-0.004763964014303397
2025-01-23 00:00:00+00:00,-0.0016682104378437767
2025-01-24 00:00:00+00:00,0.019887047070428744
2025-01-25 00:00:00+00:00,2.3487499527260854e-05
2025-01-26 00:00:00+00:00,0.0014291432566960883
2025-01-27 00:00:00+00:00,0.01250942100254845
2025-01-28 00:00:00+00:00,0.025975532057527725
2025-01-29 00:00:00+00:00,-0.0042034644059048875
2025-01-30 00:00:00+00:00,-0.03497660455885162
2025-01-31 00:00:00+00:00,-0.01869443047045623
2025-02-01 00:00:00+00:00,0.036861084381409455
2025-02-02 00:00:00+00:00,0.04484944573224918
2025-02-03 00:00:00+00:00,0.023484041828443585
2025-02-04 00:00:00+00:00,0.01927997925986
2025-02-05 00:00:00+00:00,0.0009368519498229667
2025-02-06 00:00:00+00:00,0.02717300766373807
2025-02-07 00:00:00+00:00,0.0015193409085973463
2025-02-08 00:00:00+00:00,-0.01555593317432402
2025-02-09 00:00:00+00:00,0.024323392853615157
2025-02-10 00:00:00+00:00,-0.02820742053302368
2025-02-11 00:00:00+00:00,-0.01885726806135915
2025-02-12 00:00:00+00:00,-0.022727113633327484
2025-02-13 00:00:00+00:00,0.00851529900284357
2025-02-14 00:00:00+00:00,0.009248341482395547
2025-02-15 00:00:00+00:00,0.0072568107509342495
2025-02-16 00:00:00+00:00,0.006192516978783127
2025-02-17 00:00:00+00:00,0.008435701120913793
2025-02-18 00:00:00+00:00,0.003065934938062289
2025-02-19 00:00:00+00:00,0.0071608609651672575
2025-02-20 00:00:00+00:00,0.001442802119303401
2025-02-21 00:00:00+00:00,-0.005649692595191051
2025-02-22 00:00:00+00:00,-0.02673283933974682
2025-02-23 00:00:00+00:00,0.0017144994839789593
2025-02-24 00:00:00+00:00,0.015916196916442974
2025-02-25 00:00:00+00:00,-0.033044356986345017
2025-02-26 00:00:00+00:00,-0.03063105663874601
2025-02-27 00:00:00+00:00,-0.0021558947146526264
2025-02-28 00:00:00+00:00,0.012102800765092717
2025-03-01 00:00:00+00:00,0.019031053200815894
2025-03-02 00:00:00+00:00,0.018239351530170207
2025-03-03 00:00:00+00:00,0.018380398911239857
2025-03-04 00:00:00+00:00,0.021553851543675326
2025-03-05 00:00:00+00:00,-0.02032968300876553
2025-03-06 00:00:00+00:00,0.0055420731978235
2025-03-07 00:00:00+00:00,-0.013136554174836761
2025-03-08 00:00:00+00:00,-0.000769274929088698
2025-03-09 00:00:00+00:00,0.002338937385198898
2025-03-10 00:00:00+00:00,0.02069550387380267
2025-03-11 00:00:00+00:00,-0.004046319261870711
2025-03-12 00:00:00+00:00,-0.0014326001825472156
2025-03-13 00:00:00+00:00,-0.014637609765510288
2025-03-14 00:00:00+00:00,0.011127891547625939
2025-03-15 00:00:00+00:00,-0.0034365394195441843
2025-03-16 00:00:00+00:00,-0.0048623131236851256
2025-03-17 00:00:00+00:00,-0.008229394565427378
2025-03-18 00:00:00+00:00,-0.008125024973407825
2025-03-19 00:00:00+00:00,0.013134274905296752
2025-03-20 00:00:00+00:00,-0.014466738714006281
2025-03-21 00:00:00+00:00,0.011063347650643833
2025-03-22 00:00:00+00:00,-0.017164851910957523
2025-03-23 00:00:00+00:00,0.015839830680414547
2025-03-24 00:00:00+00:00,-0.003777523691095479
2025-03-25 00:00:00+00:00,-0.010005880773322146
2025-03-26 00:00:00+00:00,0.009461036940758555
2025-03-27 00:00:00+00:00,0.022929487434729542
2025-03-28 00:00:00+00:00,0.030964931914882206
2025-03-29 00:00:00+00:00,0.02471142255243645
2025-03-30 00:00:00+00:00,0.008860075003315275
2025-03-31 00:00:00+00:00,0.014022629942314999
2025-04-01 00:00:00+00:00,0.046323872298812956
2025-04-02 00:00:00+00:00,0.022336160825471435
2025-04-03 00:00:00+00:00,0.0008543730236988586
2025-04-04 00:00:00+00:00,0.0026467835015990537
2025-04-05 00:00:00+00:00,-0.014838828585368271
2025-04-06 00:00:00+00:00,-0.02494627831232968
2025-04-07 00:00:00+00:00,-0.003707711229591019
2025-04-08 00:00:00+00:00,0.013481973625433566
2025-04-09 00:00:00+00:00,-0.009076292836456104
2025-04-10 00:00:00+00:00,0.000862066017142603
2025-04-11 00:00:00+00:00,0.015477258237118152
2025-04-12 00:00:00+00:00,-0.004016727851603166
2025-04-13 00:00:00+00:00,0.011836013365245838
2025-04-14 00:00:00+00:00,0.00911272589183122
2025-04-15 00:00:00+00:00,0.005933632366912851
2025-04-16 00:00:00+00:00,0.002512148820082867
2025-04-17 00:00:00+00:00,0.01374076022745292
2025-04-18 00:00:00+00:00,-0.01122365703544159
2025-04-19 00:00:00+00:00,-0.011761836751411606
2025-04-20 00:00:00+00:00,-0.0008634165116022976
2025-04-21 00:00:00+00:00,0.02288960519988088
2025-04-22 00:00:00+00:00,0.005478004739231336
2025-04-23 00:00:00+00:00,-0.008280539505081817
2025-04-24 00:00:00+00:00,-0.008467916769287402
2025-04-25 00:00:00+00:00,-0.0041822788101134765
2025-04-26 00:00:00+00:00,-0.00895535072335931
2025-04-27 00:00:00+00:00,0.015099181831939819
2025-04-28 00:00:00+00:00,0.003731278204402532
2025-04-29 00:00:00+00:00,0.008792936272114428
2025-04-30 00:00:00+00:00,0.002614317483859671
2025-05-01 00:00:00+00:00,0.004643101040833946
2025-05-02 00:00:00+00:00,0.011952699843242199
2025-05-03 00:00:00+00:00,0.006003496298320251
2025-05-04 00:00:00+00:00,-0.002237398341004059
2025-05-05 00:00:00+00:00,0.0026878203723572306
2025-05-06 00:00:00+00:00,0.015877783069525805
2025-05-07 00:00:00+00:00,-0.006762357378703827
2025-05-08 00:00:00+00:00,-0.027778628482025447
2025-05-09 00:00:00+00:00,-0.03014271522828656
2025-05-10 00:00:00+00:00,-0.02244043779414547
2025-05-11 00:00:00+00:00,0.021320643641902802
2025-05-12 00:00:00+00:00,-0.019147484697615187
2025-05-13 00:00:00+00:00,-0.0016561850940587151
2025-05-14 00:00:00+00:00,0.018296827695162422
2025-05-15 00:00:00+00:00,0.025333764962671215
2025-05-16 00:00:00+00:00,0.00864297353315056
2025-05-17 00:00:00+00:00,0.01618876707328459
2025-05-18 00:00:00+00:00,-0.005945981840384669
2025-05-19 00:00:00+00:00,0.013044120756399746
2025-05-20 00:00:00+00:00,-0.0016063024961934349
2025-05-21 00:00:00+00:00,0.0017026248772325763
2025-05-22 00:00:00+00:00,-0.0235213183256144
2025-05-23 00:00:00+00:00,0.01117939926313124
2025-05-24 00:00:00+00:00,-0.0007282401394876989
2025-05-25 00:00:00+00:00,0.00032991548559413637
2025-05-26 00:00:00+00:00,0.012378531916254227
2025-05-27 00:00:00+00:00,-0.011596213798578755
2025-05-28 00:00:00+00:00,-0.002459552201579217
2025-05-29 00:00:00+00:00,0.0035627508003237933
2025-05-30 00:00:00+00:00,0.036417046504885114
2025-05-31 00:00:00+00:00,-0.006597501959497189
2025-06-01 00:00:00+00:00,-0.005195450001403673
2025-06-02 00:00:00+00:00,-0.012288788543935038
2025-06-03 00:00:00+00:00,-0.004502099014198166
2025-06-04 00:00:00+00:00,-0.01132337421043893
2025-06-05 00:00:00+00:00,0.009933547425750696
2025-06-06 00:00:00+00:00,0.039831999017190346
2025-06-07 00:00:00+00:00,-0.009032825679035612
2025-06-08 00:00:00+00:00,-0.0015286475435102558
2025-06-09 00:00:00+00:00,0.0031077265087246287
2025-06-10 00:00:00+00:00,-0.0002936998318311797
2025-06-11 00:00:00+00:00,0.01510831128517829
2025-06-12 00:00:00+00:00,-0.0066108328479197445
2025-06-13 00:00:00+00:00,0.00661726024907038
2025-06-14 00:00:00+00:00,0.007843898064398178
2025-06-15 00:00:00+00:00,-0.0009708738594706735
2025-06-16 00:00:00+00:00,-0.00021124084535787457
2025-06-17 00:00:00+00:00,-0.0015312902572858279
2025-06-18 00:00:00+00:00,-0.0002696130254795136
2025-06-19 00:00:00+00:00,-0.0025218509386298617
2025-06-20 00:00:00+00:00,0.003963691896505484
2025-06-21 00:00:00+00:00,0.009723723620806684
2025-06-22 00:00:00+00:00,0.0019104224526629667
2025-06-23 00:00:00+00:00,-0.010823037849705014
2025-06-24 00:00:00+00:00,0.005726716675432647
2025-06-25 00:00:00+00:00,0.02779322464068386
2025-06-26 00:00:00+00:00,0.0029800789072964096
2025-06-27 00:00:00+00:00,-0.006931988340126752
2025-06-28 00:00:00+00:00,-0.006373786126493724
2025-06-29 00:00:00+00:00,-0.006715413465897657
2025-06-30 00:00:00+00:00,0.0035812750184266904
2025-07-01 00:00:00+00:00,0.0015231261649364366
2025-07-02 00:00:00+00:00,-0.005106455746102637
2025-07-03 00:00:00+00:00,0.004970583219100354
2025-07-04 00:00:00+00:00,0.011736261567091504
2025-07-05 00:00:00+00:00,-0.0016016867209735892
2025-07-06 00:00:00+00:00,-0.0009045754047474802
2025-07-07 00:00:00+00:00,-0.0013798566683180446
2025-07-08 00:00:00+00:00,-0.005432565873550336
2025-07-09 00:00:00+00:00,-0.015319994190190636
2025-07-10 00:00:00+00:00,0.008595228086589178
2025-07-11 00:00:00+00:00,0.009303093400385605
2025-07-12 00:00:00+00:00,0.0025640235286997853
2025-07-13 00:00:00+00:00,0.02324969560457465
2025-07-14 00:00:00+00:00,-0.003543319086477519
2025-07-15 00:00:00+00:00,-0.022911633864635586
2025-07-16 00:00:00+00:00,-1.0653389842485338e-05
2025-07-17 00:00:00+00:00,-0.015443540242159557
2025-07-18 00:00:00+00:00,-0.014528778810898386
2025-07-19 00:00:00+00:00,-0.01007365525069944
2025-07-20 00:00:00+00:00,-0.018853931169188955
2025-07-21 00:00:00+00:00,-0.002942565751968929
2025-07-22 00:00:00+00:00,0.019274345011303304
2025-07-23 00:00:00+00:00,0.04239058940279734
2025-07-24 00:00:00+00:00,0.012363075009829442
2025-07-25 00:00:00+00:00,-0.017154711078398326
2025-07-26 00:00:00+00:00,0.0011081197223318973
2025-07-27 00:00:00+00:00,0.0020675642441021014
2025-07-28 00:00:00+00:00,0.017553290283368755
2025-07-29 00:00:00+00:00,-0.002019617957983845
2025-07-30 00:00:00+00:00,0.009405764331278304
2025-07-31 00:00:00+00:00,0.00853177372782523
2025-08-01 00:00:00+00:00,-0.002491746742316108
2025-08-02 00:00:00+00:00,0.001468643852221489
2025-08-03 00:00:00+00:00,-0.009778837478694522
2025-08-04 00:00:00+00:00,-0.02010697196065917
2025-08-05 00:00:00+00:00,0.007001025671475295
2025-08-06 00:00:00+00:00,-0.0047414523470153324
2025-08-07 00:00:00+00:00,-0.01659922483484513
2025-08-08 00:00:00+00:00,-0.01356132816460242
2025-08-09 00:00:00+00:00,-0.006029210325706598
2025-08-10 00:00:00+00:00,0.02508680766478981
2025-08-11 00:00:00+00:00,0.0016880669079071629
2025-08-12 00:00:00+00:00,-0.025560289592846012
2025-08-13 00:00:00+00:00,0.009936364157012266
2025-08-14 00:00:00+00:00,0.00826499801188288
2025-08-15 00:00:00+00:00,-0.0018254453034254243
2025-08-16 00:00:00+00:00,-0.007806970766929927
2025-08-17 00:00:00+00:00,-0.008042915489367301
2025-08-18 00:00:00+00:00,0.014281403100368522
2025-08-19 00:00:00+00:00,2.3912396390270807e-05
2025-08-20 00:00:00+00:00,-0.0161742667008604
2025-08-21 00:00:00+00:00,0.002954461138997554
2025-08-22 00:00:00+00:00,-0.016441626848084003
2025-08-23 00:00:00+00:00,-0.0027683766089392514
2025-08-24 00:00:00+00:00,0.001240316573444173
2025-08-25 00:00:00+00:00,0.00951908629310978
2025-08-26 00:00:00+00:00,-0.0003400941117346767
2025-08-27 00:00:00+00:00,-0.0054711145853546285
2025-08-28 00:00:00+00:00,-0.008121431399254177
2025-08-29 00:00:00+00:00,-0.013229312145296063
2025-08-30 00:00:00+00:00,0.001717106376142314
2025-08-31 00:00:00+00:00,0.002001730261444825
2025-09-01 00:00:00+00:00,0.012648812733207476
2025-09-02 00:00:00+00:00,0.004981079889595079
2025-09-03 00:00:00+00:00,0.0023880019797639196
2025-09-04 00:00:00+00:00,-0.00380862063813261
2025-09-05 00:00:00+00:00,-0.007085943350299301
2025-09-06 00:00:00+00:00,-0.001143620340770324
2025-09-07 00:00:00+00:00,-0.010765933357871191
2025-09-08 00:00:00+00:00,-0.01626308682442794
2025-09-09 00:00:00+00:00,-0.008863867013759488
2025-09-10 00:00:00+00:00,0.015585208818164326
2025-09-11 00:00:00+00:00,0.00653116367685194
2025-09-12 00:00:00+00:00,-0.0014577722621923717
2025-09-13 00:00:00+00:00,-0.007534790672219399
2025-09-14 00:00:00+00:00,0.016876892312023845
2025-09-15 00:00:00+00:00,0.013881360000177433
2025-09-16 00:00:00+00:00,0.01004203870078049
2025-09-17 00:00:00+00:00,-0.018525229812653973
2025-09-18 00:00:00+00:00,0.000447476728592676
2025-09-19 00:00:00+00:00,0.011551844016470568
2025-09-20 00:00:00+00:00,0.0006580652131158551
2025-09-21 00:00:00+00:00,-0.009655492977792411
2025-09-22 00:00:00+00:00,0.02159132331892647
2025-09-23 00:00:00+00:00,0.004055517298070036
2025-09-24 00:00:00+00:00,0.004599804237871232
2025-09-25 00:00:00+00:00,-0.00538861309204518
2025-09-26 00:00:00+00:00,-0.0631779755021293
2025-09-27 00:00:00+00:00,-0.009617285597872201
2025-09-28 00:00:00+00:00,0.020361094136263115
2025-09-29 00:00:00+00:00,0.016054298531354493
2025-09-30 00:00:00+00:00,0.012619604238489505
2025-10-01 00:00:00+00:00,0.04380054133890618
2025-10-02 00:00:00+00:00,0.004762788284986205
2025-10-03 00:00:00+00:00,0.0044053027326696435
2025-10-04 00:00:00+00:00,0.01530568323618313
2025-10-05 00:00:00+00:00,0.011562582360081638
2025-10-06 00:00:00+00:00,-0.008685547061855118
2025-10-07 00:00:00+00:00,0.0012650098061685385
2025-10-08 00:00:00+00:00,0.006358265564955394
2025-10-09 00:00:00+00:00,0.00790275061057216
2025-10-10 00:00:00+00:00,0.073847629902563
2025-10-11 00:00:00+00:00,-0.02106812766033127
2025-10-12 00:00:00+00:00,-0.008082185683616537
2025-10-13 00:00:00+00:00,-0.006393236855024858
2025-10-14 00:00:00+00:00,-0.0024655534422777852
2025-10-15 00:00:00+00:00,0.007239546338883376
2025-10-16 00:00:00+00:00,-0.0026382271449315793
2025-10-17 00:00:00+00:00,-0.004774060698684544
2025-10-18 00:00:00+00:00,-0.005011001771099545
2025-10-19 00:00:00+00:00,-0.0030854570356644937
2025-10-20 00:00:00+00:00,0.0008016299273673022
2025-10-21 00:00:00+00:00,0.013282724186485231
2025-10-22 00:00:00+00:00,0.0033366337067952416
2025-10-23 00:00:00+00:00,-0.0022660567260763434
2025-10-24 00:00:00+00:00,0.012146520062688453
2025-10-25 00:00:00+00:00,-0.07657680824511576
2025-10-26 00:00:00+00:00,0.02129807290828463
2025-10-27 00:00:00+00:00,0.015359211641867099
2025-10-28 00:00:00+00:00,0.019418440850756124
2025-10-29 00:00:00+00:00,-0.00832720669300073
2025-10-30 00:00:00+00:00,0.028340095186768534
2025-10-31 00:00:00+00:00,0.005739336466718385
2025-11-01 00:00:00+00:00,-0.006774004079736763
2025-11-02 00:00:00+00:00,0.008306096378237362
2025-11-03 00:00:00+00:00,0.027622427596788283
2025-11-04 00:00:00+00:00,-0.07201243775941353
2025-11-05 00:00:00+00:00,-0.07048267670630222
2025-11-06 00:00:00+00:00,-0.008630113065392266
2025-11-07 00:00:00+00:00,-0.019440399714607644
2025-11-08 00:00:00+00:00,0.011226668224467483
2025-11-09 00:00:00+00:00,-0.015801775352769564
2025-11-10 00:00:00+00:00,0.008177135433553941
2025-11-11 00:00:00+00:00,0.006338830665241406
2025-11-12 00:00:00+00:00,-0.013710855224939191
2025-11-13 00:00:00+00:00,0.002887795446966568
2025-11-14 00:00:00+00:00,-0.014364198053091295
2025-11-15 00:00:00+00:00,-0.005980588730272054
2025-11-16 00:00:00+00:00,0.0035371645269588158
2025-11-17 00:00:00+00:00,-0.012653552215020283
2025-11-18 00:00:00+00:00,-0.0006431357418575752
2025-11-19 00:00:00+00:00,0.01092763719450811
2025-11-20 00:00:00+00:00,-0.015333689528812786
2025-11-21 00:00:00+00:00,-0.0019289154010287612
2025-11-22 00:00:00+00:00,-0.0015551648635621165
