strategy_id,strategy,detailed_description,universe,asset_class,status,selection_mode,params,sharpe_is,sharpe_oos,sharpe,maxdd_is,maxdd_oos,maxdd,cagr_is,cagr_oos,cagr,trades_is,trades_oos,sharpe_oos_cost_stress_2x,psa_status,psa_stable_cells,psa_grid_cells,robustness_guardrails,robustness_confidence,run_id,note
T-01,Dual MA crossover,Dual moving-average crossover: Long when fast MA > slow MA,BTCUSDT,crypto,OK,baseline_fallback,"{""fast_ma"": 20, ""slow_ma"": 100}",0.9935,0.7409,0.7409,-0.5493,-0.1659,-0.1659,0.4396,0.1589,0.1589,10,3,0.7233,NO_STABLE,0,8,OOS cut-off 2025-01-01 (no OOS tuning); signal lag ≥1 bar; fees 4.5bps + slip 5bps; cost stress 2× fees/slip on OOS; baseline params (PSA NO_STABLE / fallback),50.0,catalog_t_01,baseline fallback
T-02,CMMA trend,CMMA trend: Sign of ATR-normalized log-price minus lagged MA,BTCUSDT,crypto,OK,soft_grid_max_robust_sharpe,"{""lookback"": 100}",1.2873,0.8593,0.8593,-0.5202,-0.1423,-0.1423,0.6333,0.1865,0.1865,28,13,0.7799,NO_STABLE,2,7,OOS cut-off 2025-01-01 (no OOS tuning); signal lag ≥1 bar; fees 4.5bps + slip 5bps; cost stress 2× fees/slip on OOS; PSA grid searched IS-only; no stable plateau — soft floors PF≥1.0 + min trades; selected max (Sharpe+0.25×PF) under soft floors,68.0,catalog_t_02,soft-selected; stable<3
T-03,Donchian breakout,Donchian breakout: Long on N-day high break; exit on N/2 low,BTCUSDT,crypto,OK,soft_grid_max_robust_sharpe,"{""lookback"": 30}",1.1591,-0.5098,-0.5098,-0.4973,-0.4111,-0.4111,0.5064,-0.1329,-0.1329,19,7,-0.5539,NO_STABLE,0,7,OOS cut-off 2025-01-01 (no OOS tuning); signal lag ≥1 bar; fees 4.5bps + slip 5bps; cost stress 2× fees/slip on OOS; PSA grid searched IS-only; no stable plateau — soft floors PF≥1.0 + min trades; selected max (Sharpe+0.25×PF) under soft floors,23.0,catalog_t_03,soft-selected; stable<3
T-04,Donchian + ER gate,Donchian + ER gate: T-03 only when efficiency ratio < 0.3,BTCUSDT,crypto,OK,soft_grid_max_robust_sharpe,"{""er_max"": 0.3, ""lookback"": 20}",1.1601,0.2555,0.2555,-0.5172,-0.3017,-0.3017,0.4587,0.0326,0.0326,20,6,0.2175,NO_STABLE,0,6,OOS cut-off 2025-01-01 (no OOS tuning); signal lag ≥1 bar; fees 4.5bps + slip 5bps; cost stress 2× fees/slip on OOS; PSA grid searched IS-only; no stable plateau — soft floors PF≥1.0 + min trades; selected max (Sharpe+0.25×PF) under soft floors,56.0,catalog_t_04,soft-selected; stable<3
T-05,TSMOM,Time-series momentum (TSMOM): Long if 12-1 month return > 0; vol-scaled,BTCUSDT,crypto,OK,soft_grid_max_robust_sharpe,"{""skip_days"": 21}",1.216,0.1397,0.1397,-0.5333,-0.3205,-0.3205,0.6226,-0.0132,-0.0132,22,0,0.1377,NO_STABLE,0,6,OOS cut-off 2025-01-01 (no OOS tuning); signal lag ≥1 bar; fees 4.5bps + slip 5bps; cost stress 2× fees/slip on OOS; PSA grid searched IS-only; no stable plateau — soft floors PF≥1.0 + min trades; selected max (Sharpe+0.25×PF) under soft floors,48.0,catalog_t_05,soft-selected; stable<3
T-06,Percentile-rank momentum,Percentile-rank momentum + hysteresis: Rank return vs own past; enter/exit bands,BTCUSDT,crypto,OK,soft_grid_max_robust_sharpe,"{""entry_rank"": 0.8, ""exit_rank"": 0.4, ""rank_window"": 189}",1.0581,0.0333,0.0333,-0.5606,-0.2718,-0.2718,0.3885,-0.0122,-0.0122,23,7,-0.0138,NO_STABLE,0,4,OOS cut-off 2025-01-01 (no OOS tuning); signal lag ≥1 bar; fees 4.5bps + slip 5bps; cost stress 2× fees/slip on OOS; PSA grid searched IS-only; no stable plateau — soft floors PF≥1.0 + min trades; selected max (Sharpe+0.25×PF) under soft floors,36.0,catalog_t_06,soft-selected; stable<3
T-08,Vol-filtered trend,Vol-filtered trend: TSMOM active only when realized vol < 90d median,BTCUSDT,crypto,NO_TRADES,baseline_fallback,"{""vol_window"": 90}",0.0,0.0,0.0,0.0,0.0,0.0,0.0,0.0,0.0,0,0,0.0,NO_STABLE,0,5,OOS cut-off 2025-01-01 (no OOS tuning); signal lag ≥1 bar; fees 4.5bps + slip 5bps; cost stress 2× fees/slip on OOS; baseline params (PSA NO_STABLE / fallback),20.0,catalog_t_08,baseline fallback
T-09,52-week high breakout,52-week high breakout: Long near 252d high,BTCUSDT,crypto,OK,soft_grid_max_robust_sharpe,"{""entry_prox"": 0.06, ""exit_prox"": 0.1}",1.1245,-0.6059,-0.6059,-0.3876,-0.2176,-0.2176,0.3535,-0.136,-0.136,20,5,-0.64,NO_STABLE,0,6,OOS cut-off 2025-01-01 (no OOS tuning); signal lag ≥1 bar; fees 4.5bps + slip 5bps; cost stress 2× fees/slip on OOS; PSA grid searched IS-only; no stable plateau — soft floors PF≥1.0 + min trades; selected max (Sharpe+0.25×PF) under soft floors,23.0,catalog_t_09,soft-selected; stable<3
T-10,QQQ/BTC Donchian rotation,QQQ/BTC Donchian rotation: Hold QQQ or BTC by breakout strength; cash if neither,QQQ+BTC,crypto,OK,baseline_fallback,"{""lookback"": 20}",0.0,-1.5341,-1.5341,0.0,-0.0184,-0.0184,0.0,-0.1422,-0.1422,0,3,-2.1354,NO_STABLE,0,6,OOS cut-off 2025-01-01 (no OOS tuning); signal lag ≥1 bar; fees 4.5bps + slip 5bps; cost stress 2× fees/slip on OOS; baseline params (PSA NO_STABLE / fallback),0.0,catalog_t_10,baseline fallback
T-13,Network momentum hub,Network momentum (single hub): BTC 20d mom → trade ETH next day (fixed lead-lag),ETHUSDT,crypto,OK,psa_stable_plateau,"{""lookback"": 40}",1.6368,0.4003,0.4003,-0.5304,-0.4398,-0.4398,1.2298,0.0805,0.0805,49,20,0.3443,STABLE,6,6,"OOS cut-off 2025-01-01 (no OOS tuning); signal lag ≥1 bar; fees 4.5bps + slip 5bps; cost stress 2× fees/slip on OOS; PSA IS plateau (Sharpe≥baseline−0.05, PF≥1.2, trades≥min; 6/6 stable cells); rep params = plateau center (Sharpe+0.25×PF), not grid peak",79.0,catalog_t_13,
T-14,FX trend MA,"Trend in FX majors: MA cross on EURUSD, GBPUSD, etc.",EURUSD,fx,OK,baseline_fallback,"{""fast_ma"": 50, ""slow_ma"": 200}",0.0252,0.3009,0.3009,-0.2502,-0.0485,-0.0485,-0.0012,0.0177,0.0177,15,1,0.2758,NO_STABLE,0,6,OOS cut-off 2025-01-01 (no OOS tuning); signal lag ≥1 bar; fees 4.5bps + slip 5bps; cost stress 2× fees/slip on OOS; baseline params (PSA NO_STABLE / fallback),38.0,catalog_t_14,baseline fallback
T-07,Multi-horizon ensemble,Multi-horizon momentum ensemble: Average 5/10/20/60d momentum signals,BTCUSDT,crypto,RUNNER_ONLY,catalog_runner_full_sample,{},0.8801,0.8801,0.8801,-0.7359,-0.7359,-0.7359,0.3409,0.3409,0.3409,164,164,0.0,SKIP,0,0,catalog runner full-sample only (no IS/OOS split); fees 4.5bps + slip 5bps; PSA unavailable — confidence capped,25.0,catalog_t_07,multi-horizon ensemble; runner full-sample fallback
T-11,Session volume momentum,Session volume momentum: 13:30–15:00 UTC: trade sign of first 30m return if volume rising,BTCUSDT 1h,crypto,RUNNER_ONLY,catalog_runner_full_sample,{},-2.8633,-2.8633,-2.8633,-0.9812,-0.9812,-0.9812,-0.3675,-0.3675,-0.3675,1790,1790,0.0,SKIP,0,0,catalog runner full-sample only (no IS/OOS split); fees 4.5bps + slip 5bps; PSA unavailable — confidence capped,15.0,catalog_t_11,session clock; runner full-sample fallback
T-12,Hour-of-day vol tilt,"Hour-of-day vol premium tilt: Small long bias at 00:00 UTC, reduce into 02:00–06:00",BTCUSDT 1h,crypto,RUNNER_ONLY,catalog_runner_full_sample,{},-0.1894,-0.1894,-0.1894,-0.5038,-0.5038,-0.5038,-0.0541,-0.0541,-0.0541,18689,18689,0.0,SKIP,0,0,catalog runner full-sample only (no IS/OOS split); fees 4.5bps + slip 5bps; PSA unavailable — confidence capped,15.0,catalog_t_12,continuous exposure; runner full-sample fallback
T-15,Commodity dual momentum,"Commodity dual momentum: Absolute + relative momentum on GLD, USO, etc.",GLD vs USO,commodity,RUNNER_ONLY,catalog_runner_full_sample,{},0.5901,0.5901,0.5901,-0.3344,-0.3344,-0.3344,0.0794,0.0794,0.0794,78,78,0.0,SKIP,0,0,catalog runner full-sample only (no IS/OOS split); fees 4.5bps + slip 5bps; PSA unavailable — confidence capped,25.0,catalog_t_15,dual pick; runner full-sample fallback
MR-01,Bollinger fade,"Bollinger fade: Short upper band touch, long lower (or long-only fade lower)",BTCUSDT,crypto,OK,soft_grid_max_robust_sharpe,"{""std_mult"": 2.0, ""window"": 30}",0.4356,-0.2525,-0.2525,-0.4907,-0.2835,-0.2835,0.093,-0.1156,-0.1156,26,6,-0.2803,NO_STABLE,1,5,OOS cut-off 2025-01-01 (no OOS tuning); signal lag ≥1 bar; fees 4.5bps + slip 5bps; cost stress 2× fees/slip on OOS; PSA grid searched IS-only; no stable plateau — soft floors PF≥1.0 + min trades; selected max (Sharpe+0.25×PF) under soft floors,33.0,catalog_mr_01,soft-selected; stable<3
MR-02,RSI oversold bounce,RSI oversold bounce: Long RSI < 30; exit RSI > 50,BTCUSDT,crypto,OK,soft_grid_max_robust_sharpe,"{""exit_rsi"": 50, ""oversold"": 30, ""rsi_window"": 10}",0.7132,-0.5837,-0.5837,-0.3006,-0.4274,-0.4274,0.2045,-0.2035,-0.2035,54,15,-0.6536,NO_STABLE,2,5,OOS cut-off 2025-01-01 (no OOS tuning); signal lag ≥1 bar; fees 4.5bps + slip 5bps; cost stress 2× fees/slip on OOS; PSA grid searched IS-only; no stable plateau — soft floors PF≥1.0 + min trades; selected max (Sharpe+0.25×PF) under soft floors,31.0,catalog_mr_02,soft-selected; stable<3
MR-03,RSI + ER gate,RSI + ER gate: MR-02 only when ER > 0.5,BTCUSDT,crypto,OK,psa_stable_plateau,"{""er_min"": 0.5, ""er_window"": 20, ""exit_rsi"": 50, ""oversold"": 30, ""rsi_window"": 18}",0.8655,-0.2247,-0.2247,-0.1566,-0.178,-0.178,0.1712,-0.0622,-0.0622,11,2,-0.239,STABLE,4,5,"OOS cut-off 2025-01-01 (no OOS tuning); signal lag ≥1 bar; fees 4.5bps + slip 5bps; cost stress 2× fees/slip on OOS; PSA IS plateau (Sharpe≥baseline−0.05, PF≥1.2, trades≥min; 4/5 stable cells); rep params = plateau center (Sharpe+0.25×PF), not grid peak",42.0,catalog_mr_03,
MR-04,Z-score vs MA,Z-score price vs MA: Long z < −2; flat/short z > 0,BTCUSDT,crypto,OK,soft_grid_max_robust_sharpe,"{""window"": 30, ""z_entry"": 2.0}",0.4356,-0.2525,-0.2525,-0.4907,-0.2835,-0.2835,0.093,-0.1156,-0.1156,26,6,-0.2803,NO_STABLE,1,5,OOS cut-off 2025-01-01 (no OOS tuning); signal lag ≥1 bar; fees 4.5bps + slip 5bps; cost stress 2× fees/slip on OOS; PSA grid searched IS-only; no stable plateau — soft floors PF≥1.0 + min trades; selected max (Sharpe+0.25×PF) under soft floors,33.0,catalog_mr_04,soft-selected; stable<3
MR-05,Intraday gap fade,Intraday gap fade: Fade open gap > X% on crypto perps,BTCUSDT 1h,crypto,NO_TRADES,baseline_fallback,"{""gap_thr"": -0.02}",0.0,0.0,0.0,0.0,0.0,0.0,0.0,0.0,0.0,0,0,0.0,NO_STABLE,0,5,OOS cut-off 2025-01-01 (no OOS tuning); signal lag ≥1 bar; fees 4.5bps + slip 5bps; cost stress 2× fees/slip on OOS; baseline params (PSA NO_STABLE / fallback),20.0,catalog_mr_05,baseline fallback
MR-06,Short-term reversal,Short-term reversal (STR): Long after −2σ daily return; hold 1–5d,BTCUSDT,crypto,OK,soft_grid_max_robust_sharpe,"{""std_mult"": 1.5, ""window"": 20}",-0.2257,-0.3364,-0.3364,-0.5694,-0.2497,-0.2497,-0.0995,-0.0899,-0.0899,91,28,-0.5206,NO_STABLE,0,5,OOS cut-off 2025-01-01 (no OOS tuning); signal lag ≥1 bar; fees 4.5bps + slip 5bps; cost stress 2× fees/slip on OOS; PSA grid searched IS-only; no stable plateau — soft floors PF≥1.0 + min trades; selected max (Sharpe+0.25×PF) under soft floors,36.0,catalog_mr_06,soft-selected; stable<3
MR-10,Pairs ratio MR,Pairs ratio MR: Spread z-score on BTC/ETH or correlated perps,BTC/ETH,crypto,OK,soft_grid_max_robust_sharpe,"{""window"": 120, ""z_entry"": 2.0}",0.259,-0.6056,-0.6056,-0.5636,-0.1868,-0.1868,0.0311,-0.1065,-0.1065,5,1,-0.6132,NO_STABLE,0,5,OOS cut-off 2025-01-01 (no OOS tuning); signal lag ≥1 bar; fees 4.5bps + slip 5bps; cost stress 2× fees/slip on OOS; PSA grid searched IS-only; no stable plateau — soft floors PF≥1.0 + min trades; selected max (Sharpe+0.25×PF) under soft floors,30.0,catalog_mr_10,soft-selected; stable<3
MR-11,RSI on detrended,2-period RSI on detrended: HPF detrend then RSI,BTCUSDT,crypto,OK,psa_stable_plateau,"{""detrend_window"": 15, ""exit_rsi"": 60, ""oversold"": 20, ""rsi_window"": 2}",0.6323,0.3976,0.3976,-0.57,-0.3296,-0.3296,0.1935,0.077,0.077,248,64,0.0917,STABLE,3,5,"OOS cut-off 2025-01-01 (no OOS tuning); signal lag ≥1 bar; fees 4.5bps + slip 5bps; cost stress 2× fees/slip on OOS; PSA IS plateau (Sharpe≥baseline−0.05, PF≥1.2, trades≥min; 3/5 stable cells); rep params = plateau center (Sharpe+0.25×PF), not grid peak",62.0,catalog_mr_11,
MR-12,Overnight reversal,Overnight vs intraday reversal: Fade large overnight move in first hour,BTCUSDT 1h,crypto,NO_TRADES,baseline_fallback,"{""overnight_thr"": -0.01}",0.0,0.0,0.0,0.0,0.0,0.0,0.0,0.0,0.0,0,0,0.0,NO_STABLE,0,5,OOS cut-off 2025-01-01 (no OOS tuning); signal lag ≥1 bar; fees 4.5bps + slip 5bps; cost stress 2× fees/slip on OOS; baseline params (PSA NO_STABLE / fallback),20.0,catalog_mr_12,baseline fallback
MR-13,24h ticker fade,24h ticker artifact fade: Front-run hour when large negative rolls out of 24h window,BTCUSDT 1h,crypto,OK,soft_grid_max_robust_sharpe,"{""exit_thr"": -0.02, ""fade_thr"": -0.08}",0.3741,0.586,0.586,-0.4479,-0.1297,-0.1297,0.0708,0.0535,0.0535,124,6,0.5103,NO_STABLE,1,5,OOS cut-off 2025-01-01 (no OOS tuning); signal lag ≥1 bar; fees 4.5bps + slip 5bps; cost stress 2× fees/slip on OOS; PSA grid searched IS-only; no stable plateau — soft floors PF≥1.0 + min trades; selected max (Sharpe+0.25×PF) under soft floors,68.0,catalog_mr_13,soft-selected; stable<3
MR-14,Low-volume fade,Low-volume fade: Fade >1σ move on <30d median volume,BTCUSDT,crypto,OK,soft_grid_max_robust_sharpe,"{""ret_window"": 20, ""vol_window"": 50}",1.1602,0.1886,0.1886,-0.3282,-0.1353,-0.1353,0.2173,0.0161,0.0161,70,18,-0.0108,NO_STABLE,2,5,OOS cut-off 2025-01-01 (no OOS tuning); signal lag ≥1 bar; fees 4.5bps + slip 5bps; cost stress 2× fees/slip on OOS; PSA grid searched IS-only; no stable plateau — soft floors PF≥1.0 + min trades; selected max (Sharpe+0.25×PF) under soft floors,44.0,catalog_mr_14,soft-selected; stable<3
MR-15,QQQ RSI MR,QQQ mean reversion: User branch `cursor/qqq-mean-reversion` baseline,QQQ,equity,OK,psa_stable_plateau,"{""exit_rsi"": 55, ""oversold"": 25, ""rsi_window"": 5, ""trend_ma"": 200}",0.4678,0.1199,0.1199,-0.2667,-0.1257,-0.1257,0.0449,0.0072,0.0072,194,16,-0.0499,STABLE,5,5,"OOS cut-off 2025-01-01 (no OOS tuning); signal lag ≥1 bar; fees 4.5bps + slip 5bps; cost stress 2× fees/slip on OOS; PSA IS plateau (Sharpe≥baseline−0.05, PF≥1.2, trades≥min; 5/5 stable cells); rep params = plateau center (Sharpe+0.25×PF), not grid peak",74.0,catalog_mr_15,
MR-07,Turnaround Tuesday,Turnaround Tuesday: Long SPY/SPYUSDT Monday close if Friday red,SPY,equity,RUNNER_ONLY,catalog_runner_full_sample,{},-0.0444,-0.0444,-0.0444,-0.4948,-0.4948,-0.4948,-0.0068,-0.0068,-0.0068,702,702,0.0,SKIP,0,0,catalog runner full-sample only (no IS/OOS split); fees 4.5bps + slip 5bps; PSA unavailable — confidence capped,15.0,catalog_mr_07,calendar effect / skip; runner full-sample fallback
MR-08,Turn-of-month,Turn-of-month: Long last day + first 3 days of month,SPY,equity,RUNNER_ONLY,catalog_runner_full_sample,{},0.0,0.0,0.0,0.0,0.0,0.0,0.0,0.0,0.0,0,0,0.0,SKIP,0,0,catalog runner full-sample only (no IS/OOS split); fees 4.5bps + slip 5bps; PSA unavailable — confidence capped,10.0,catalog_mr_08,calendar effect / skip; runner full-sample fallback
MR-09,Holiday effect,Holiday effect: Pre/post holiday drift on SPY,SPY,equity,SKIP,skipped,{},0.0,0.0,0.0,0.0,0.0,0.0,0.0,0.0,0.0,0,0,0.0,SKIP,0,0,OOS cut-off 2025-01-01 (no OOS tuning); signal lag ≥1 bar; fees 4.5bps + slip 5bps; cost stress 2× fees/slip on OOS; no PSA grid / data skip — baseline params only,0.0,catalog_mr_09,calendar effect / skip; runner error: 'numpy.ndarray' object has no attribute 'shift'
V-03,Vol regime switch,Vol regime switch: Trend in low vol tercile; cash in high,BTCUSDT,crypto,OK,psa_stable_plateau,"{""mom_window"": 231, ""vol_window"": 120}",0.7559,0.1188,0.1188,-0.3996,-0.1638,-0.1638,0.1983,0.0038,0.0038,30,5,0.0801,STABLE,3,4,"OOS cut-off 2025-01-01 (no OOS tuning); signal lag ≥1 bar; fees 4.5bps + slip 5bps; cost stress 2× fees/slip on OOS; PSA IS plateau (Sharpe≥baseline−0.05, PF≥1.2, trades≥min; 3/4 stable cells); rep params = plateau center (Sharpe+0.25×PF), not grid peak",66.0,catalog_v_03,
V-07,GARCH vol gate,GARCH vol forecast gate: Only trade when forecast vol < realized,BTCUSDT,crypto,OK,soft_grid_max_robust_sharpe,"{""forecast_window"": 5, ""mom_window"": 60}",1.2013,-0.2816,-0.2816,-0.4583,-0.2613,-0.2613,0.3919,-0.0613,-0.0613,144,32,-0.543,NO_STABLE,1,5,OOS cut-off 2025-01-01 (no OOS tuning); signal lag ≥1 bar; fees 4.5bps + slip 5bps; cost stress 2× fees/slip on OOS; PSA grid searched IS-only; no stable plateau — soft floors PF≥1.0 + min trades; selected max (Sharpe+0.25×PF) under soft floors,35.0,catalog_v_07,soft-selected; stable<3
V-08,Entropy chop filter,Entropy chop filter: Trade MR when entropy high; trend when low,BTCUSDT,crypto,NO_TRADES,baseline_fallback,"{""entropy_thr"": 0.9, ""entropy_window"": 20, ""exit_rsi"": 50, ""oversold"": 35, ""rsi_window"": 14}",0.0,0.0,0.0,0.0,0.0,0.0,0.0,0.0,0.0,0,0,0.0,NO_STABLE,0,4,OOS cut-off 2025-01-01 (no OOS tuning); signal lag ≥1 bar; fees 4.5bps + slip 5bps; cost stress 2× fees/slip on OOS; baseline params (PSA NO_STABLE / fallback),20.0,catalog_v_08,baseline fallback
V-01,Realized vol breakout,Realized vol breakout: Long vol proxy when 20d vol crosses above 60d,BTCUSDT,crypto,RUNNER_ONLY,catalog_runner_full_sample,{},0.5405,0.5405,0.5405,-0.5279,-0.5279,-0.5279,0.1487,0.1487,0.1487,1024,1024,0.0,SKIP,0,0,catalog runner full-sample only (no IS/OOS split); fees 4.5bps + slip 5bps; PSA unavailable — confidence capped,25.0,catalog_v_01,continuous exposure; runner full-sample fallback
V-02,Vol targeting overlay,Vol targeting overlay: Scale exposure ∝ target_vol / realized_vol,BTCUSDT,crypto,RUNNER_ONLY,catalog_runner_full_sample,{},0.9508,0.9508,0.9508,-0.1831,-0.1831,-0.1831,0.1328,0.1328,0.1328,1660,1660,0.0,SKIP,0,0,catalog runner full-sample only (no IS/OOS split); fees 4.5bps + slip 5bps; PSA unavailable — confidence capped,25.0,catalog_v_02,continuous exposure; runner full-sample fallback
V-04,SAR seasonal vol forecast,SAR seasonal vol forecast: Size positions by AR+24h+168h vol forecast,BTCUSDT,crypto,RUNNER_ONLY,catalog_runner_full_sample,{},0.4113,0.4113,0.4113,-0.9543,-0.9543,-0.9543,0.0093,0.0093,0.0093,38740,38740,0.0,SKIP,0,0,catalog runner full-sample only (no IS/OOS split); fees 4.5bps + slip 5bps; PSA unavailable — confidence capped,20.0,catalog_v_04,continuous exposure; runner full-sample fallback
V-05,VIX term structure ⚠️,VIX term structure ⚠️: Short vol when VIX < MA and contango,BTCUSDT,crypto,RUNNER_ONLY,catalog_runner_full_sample,{},-1.2318,-1.2318,-1.2318,-1.0,-1.0,-1.0,-0.6793,-0.6793,-0.6793,5230,5230,0.0,SKIP,0,0,catalog runner full-sample only (no IS/OOS split); fees 4.5bps + slip 5bps; PSA unavailable — confidence capped,15.0,catalog_v_05,continuous exposure; runner full-sample fallback
V-06,Intraday straddle proxy,Intraday straddle proxy: Long realized vol after DVOL proxy spike,BTCUSDT,crypto,RUNNER_ONLY,catalog_runner_full_sample,{},-0.8141,-0.8141,-0.8141,-0.3495,-0.3495,-0.3495,-0.0604,-0.0604,-0.0604,365,365,0.0,SKIP,0,0,catalog runner full-sample only (no IS/OOS split); fees 4.5bps + slip 5bps; PSA unavailable — confidence capped,15.0,catalog_v_06,continuous exposure; runner full-sample fallback
TAA-01,Faber 10M SMA,Faber 10-month SMA: Long asset if price > 10M SMA else cash/bonds,SPY,equity,OK,psa_stable_plateau,"{""ma_window"": 250}",0.6482,0.6844,0.6844,-0.2435,-0.1839,-0.1839,0.0757,0.0902,0.0902,81,6,0.6333,STABLE,4,5,"OOS cut-off 2025-01-01 (no OOS tuning); signal lag ≥1 bar; fees 4.5bps + slip 5bps; cost stress 2× fees/slip on OOS; PSA IS plateau (Sharpe≥baseline−0.05, PF≥1.2, trades≥min; 4/5 stable cells); rep params = plateau center (Sharpe+0.25×PF), not grid peak",85.0,catalog_taa_01,
TAA-05,Bond filter equities,Bond filter for equities: Long SPY only if 10Y yield trend down,SPY+TLT,equity,OK,psa_stable_plateau,"{""bond_window"": 40}",0.5668,-0.3194,-0.3194,-0.4107,-0.1707,-0.1707,0.0781,-0.0515,-0.0515,196,21,-0.5021,STABLE,5,5,"OOS cut-off 2025-01-01 (no OOS tuning); signal lag ≥1 bar; fees 4.5bps + slip 5bps; cost stress 2× fees/slip on OOS; PSA IS plateau (Sharpe≥baseline−0.05, PF≥1.2, trades≥min; 5/5 stable cells); rep params = plateau center (Sharpe+0.25×PF), not grid peak",61.0,catalog_taa_05,
TAA-06,Gold/rates triangle,Gold / dollar / rates triangle: Long gold when real yields falling + DXY weak,GLD+TLT,commodity,OK,soft_grid_max_robust_sharpe,"{""bond_window"": 100, ""gold_window"": 20}",0.3282,1.0621,1.0621,-0.3342,-0.176,-0.176,0.035,0.2048,0.2048,186,18,0.902,NO_STABLE,2,4,OOS cut-off 2025-01-01 (no OOS tuning); signal lag ≥1 bar; fees 4.5bps + slip 5bps; cost stress 2× fees/slip on OOS; PSA grid searched IS-only; no stable plateau — soft floors PF≥1.0 + min trades; selected max (Sharpe+0.25×PF) under soft floors,66.0,catalog_taa_06,soft-selected; stable<3
TAA-07,Crypto vs equity rotation,Crypto vs equity rotation: Risk-on: BTC; risk-off: cash/short perp,BTC+SPY,multi-asset,OK,psa_stable_plateau,"{""spy_window"": 15}",1.3608,-0.4225,-0.4225,-0.6636,-0.4168,-0.4168,0.9286,-0.1942,-0.1942,59,16,-0.5115,STABLE,3,5,"OOS cut-off 2025-01-01 (no OOS tuning); signal lag ≥1 bar; fees 4.5bps + slip 5bps; cost stress 2× fees/slip on OOS; PSA IS plateau (Sharpe≥baseline−0.05, PF≥1.2, trades≥min; 3/5 stable cells); rep params = plateau center (Sharpe+0.25×PF), not grid peak",35.0,catalog_taa_07,
TAA-02,Dual momentum TAA,Dual momentum TAA: Faber + pick stronger asset among top,multi-asset,equity,RUNNER_ONLY,catalog_runner_full_sample,{},0.0,0.0,0.0,0.0,0.0,0.0,0.0,0.0,0.0,0,0,0.0,SKIP,0,0,catalog runner full-sample only (no IS/OOS split); fees 4.5bps + slip 5bps; PSA unavailable — confidence capped,10.0,catalog_taa_02,skip PSA v1; runner full-sample fallback
TAA-03,Distressed TAA rotation,Distressed TAA rotation: Rotate into worst recent performer among strategies,multi-asset,equity,SKIP,skipped,{},0.0,0.0,0.0,0.0,0.0,0.0,0.0,0.0,0.0,0,0,0.0,SKIP,0,0,OOS cut-off 2025-01-01 (no OOS tuning); signal lag ≥1 bar; fees 4.5bps + slip 5bps; cost stress 2× fees/slip on OOS; no PSA grid / data skip — baseline params only,0.0,catalog_taa_03,requires strategy return panel
TAA-04,Risk parity lite,Risk parity lite: Equal risk contribution via 1/σ weights,multi-asset,equity,RUNNER_ONLY,catalog_runner_full_sample,{},0.8039,0.8039,0.8039,-0.4752,-0.4752,-0.4752,0.0962,0.0962,0.0962,8346,8346,0.0,SKIP,0,0,catalog runner full-sample only (no IS/OOS split); fees 4.5bps + slip 5bps; PSA unavailable — confidence capped,25.0,catalog_taa_04,skip PSA v1; runner full-sample fallback
TAA-08,Crisis convexity sleeve,Crisis convexity sleeve: Small long vol / short beta when skew extreme,multi-asset,equity,RUNNER_ONLY,catalog_runner_full_sample,{},-0.3737,-0.3737,-0.3737,-1.0,-1.0,-1.0,-0.3021,-0.3021,-0.3021,1125,1125,0.0,SKIP,0,0,catalog runner full-sample only (no IS/OOS split); fees 4.5bps + slip 5bps; PSA unavailable — confidence capped,15.0,catalog_taa_08,skip PSA v1; runner full-sample fallback
XS-01,Cross-sectional momentum,Cross-sectional momentum: Long top decile 20d return; short bottom,Binance perps,cross-section,RUNNER_ONLY,catalog_runner_full_sample,{},0.3327,0.3327,0.3327,-0.9222,-0.9222,-0.9222,-0.1149,-0.1149,-0.1149,2334,2334,0.0,SKIP,0,0,catalog runner full-sample only (no IS/OOS split); fees 4.5bps + slip 5bps; PSA unavailable — confidence capped,20.0,catalog_xs_01,CS PSA too expensive; runner full-sample fallback
XS-02,RSI rank L/S,RSI rank L/S: Z-score RSI cross-sectionally; L/S extremes,Binance perps,cross-section,RUNNER_ONLY,catalog_runner_full_sample,{},1.251,1.251,1.251,-0.5829,-0.5829,-0.5829,0.8675,0.8675,0.8675,2340,2340,0.0,SKIP,0,0,catalog runner full-sample only (no IS/OOS split); fees 4.5bps + slip 5bps; PSA unavailable — confidence capped,25.0,catalog_xs_02,CS PSA too expensive; runner full-sample fallback
XS-03,Vol-scaled momentum,Vol-scaled momentum: Rank 20d return / 20d vol,Binance perps,cross-section,RUNNER_ONLY,catalog_runner_full_sample,{},0.7487,0.7487,0.7487,-0.9044,-0.9044,-0.9044,0.215,0.215,0.215,2334,2334,0.0,SKIP,0,0,catalog runner full-sample only (no IS/OOS split); fees 4.5bps + slip 5bps; PSA unavailable — confidence capped,25.0,catalog_xs_03,CS PSA too expensive; runner full-sample fallback
XS-04,Short-term reversal CS,Short-term reversal CS: Long worst 5d return decile,Binance perps,cross-section,RUNNER_ONLY,catalog_runner_full_sample,{},0.7095,0.7095,0.7095,-0.8121,-0.8121,-0.8121,0.2243,0.2243,0.2243,2349,2349,0.0,SKIP,0,0,catalog runner full-sample only (no IS/OOS split); fees 4.5bps + slip 5bps; PSA unavailable — confidence capped,25.0,catalog_xs_04,CS PSA too expensive; runner full-sample fallback
XS-05,Price-path convexity,Price-path convexity: Rank low convexity (path shape),Binance perps,cross-section,RUNNER_ONLY,catalog_runner_full_sample,{},1.0134,1.0134,1.0134,-0.8314,-0.8314,-0.8314,0.5172,0.5172,0.5172,2335,2335,0.0,SKIP,0,0,catalog runner full-sample only (no IS/OOS split); fees 4.5bps + slip 5bps; PSA unavailable — confidence capped,25.0,catalog_xs_05,CS PSA too expensive; runner full-sample fallback
XS-06,Network momentum CS,Network momentum CS: Signal = weighted sum neighbor momenta,Binance perps,cross-section,RUNNER_ONLY,catalog_runner_full_sample,{},0.3327,0.3327,0.3327,-0.9222,-0.9222,-0.9222,-0.1149,-0.1149,-0.1149,2334,2334,0.0,SKIP,0,0,catalog runner full-sample only (no IS/OOS split); fees 4.5bps + slip 5bps; PSA unavailable — confidence capped,20.0,catalog_xs_06,CS PSA too expensive; runner full-sample fallback
XS-07,Dollar volume filter,Dollar volume filter: Trade XS-01 only on top 50 liquidity names,Binance perps,cross-section,RUNNER_ONLY,catalog_runner_full_sample,{},0.7252,0.7252,0.7252,-0.9943,-0.9943,-0.9943,0.1068,0.1068,0.1068,2334,2334,0.0,SKIP,0,0,catalog runner full-sample only (no IS/OOS split); fees 4.5bps + slip 5bps; PSA unavailable — confidence capped,25.0,catalog_xs_07,CS PSA too expensive; runner full-sample fallback
XS-08,Funding carry rank,Funding carry rank: Long most negative funding; short positive,Binance perps,cross-section,SKIP,skipped,{},0.0,0.0,0.0,0.0,0.0,0.0,0.0,0.0,0.0,0,0,0.0,SKIP,0,0,OOS cut-off 2025-01-01 (no OOS tuning); signal lag ≥1 bar; fees 4.5bps + slip 5bps; cost stress 2× fees/slip on OOS; no PSA grid / data skip — baseline params only,0.0,catalog_xs_08,funding cross-section join not in sweep v1
XS-09,Beta-neutral momentum,Beta-neutral momentum: Long top mom; short BTC beta hedge,Binance perps,cross-section,RUNNER_ONLY,catalog_runner_full_sample,{},0.0023,0.0023,0.0023,-0.9567,-0.9567,-0.9567,-0.3456,-0.3456,-0.3456,2399,2399,0.0,SKIP,0,0,catalog runner full-sample only (no IS/OOS split); fees 4.5bps + slip 5bps; PSA unavailable — confidence capped,20.0,catalog_xs_09,CS PSA too expensive; runner full-sample fallback
XS-10,Target = demeaned return,Target = demeaned return: Predict cross-sectional rank next week,Binance perps,cross-section,RUNNER_ONLY,catalog_runner_full_sample,{},-0.4029,-0.4029,-0.4029,-0.9799,-0.9799,-0.9799,-0.4179,-0.4179,-0.4179,2353,2353,0.0,SKIP,0,0,catalog runner full-sample only (no IS/OOS split); fees 4.5bps + slip 5bps; PSA unavailable — confidence capped,15.0,catalog_xs_10,CS PSA too expensive; runner full-sample fallback
CG-19,Funding CS mom,Funding-weighted CS momentum: XS-01 excluding top funding decile longs,Binance perps,cross-section,RUNNER_ONLY,catalog_runner_full_sample,{},0.3327,0.3327,0.3327,-0.9222,-0.9222,-0.9222,-0.1149,-0.1149,-0.1149,2334,2334,0.0,SKIP,0,0,catalog runner full-sample only (no IS/OOS split); fees 4.5bps + slip 5bps; PSA unavailable — confidence capped,20.0,catalog_cg_19,CS PSA too expensive; runner full-sample fallback
CG-01,Funding carry,Funding rate carry: Long perp when 8h funding < −X; exit when > 0,BTCUSDT,crypto,OK,psa_stable_plateau,"{""fund_thr"": -3e-05}",0.4077,-0.938,-0.938,-0.3676,-0.1668,-0.1668,0.064,-0.1097,-0.1097,128,33,-1.3358,STABLE,5,5,"OOS cut-off 2025-01-01 (no OOS tuning); signal lag ≥1 bar; fees 4.5bps + slip 5bps; cost stress 2× fees/slip on OOS; PSA IS plateau (Sharpe≥baseline−0.05, PF≥1.2, trades≥min; 5/5 stable cells); rep params = plateau center (Sharpe+0.25×PF), not grid peak",60.0,catalog_cg_01,
CG-02,Funding extreme fade,Funding extreme fade: Fade crowded funding (top decile),BTCUSDT,crypto,NO_TRADES,baseline_fallback,"{""hi_quantile"": 0.9, ""quantile_window"": 90}",0.0,0.0,0.0,0.0,0.0,0.0,0.0,0.0,0.0,0,0,0.0,NO_STABLE,0,4,OOS cut-off 2025-01-01 (no OOS tuning); signal lag ≥1 bar; fees 4.5bps + slip 5bps; cost stress 2× fees/slip on OOS; baseline params (PSA NO_STABLE / fallback),20.0,catalog_cg_02,baseline fallback
CG-03,OI expansion breakout,OI expansion breakout: Long when price up + OI up (new money),BTCUSDT,crypto,OK,psa_stable_plateau,"{""oi_diff"": 14, ""price_window"": 5}",0.9507,-1.4378,-1.4378,-0.6749,-0.3863,-0.3863,0.3747,-0.2829,-0.2829,108,20,-1.5657,STABLE,4,5,"OOS cut-off 2025-01-01 (no OOS tuning); signal lag ≥1 bar; fees 4.5bps + slip 5bps; cost stress 2× fees/slip on OOS; PSA IS plateau (Sharpe≥baseline−0.05, PF≥1.2, trades≥min; 4/5 stable cells); rep params = plateau center (Sharpe+0.25×PF), not grid peak",43.0,catalog_cg_03,
CG-04,OI divergence fade,OI divergence fade: Price new high but OI falling → fade,BTCUSDT,crypto,NO_TRADES,baseline_fallback,"{""oi_diff"": 5, ""price_window"": 20}",0.0,0.0,0.0,0.0,0.0,0.0,0.0,0.0,0.0,0,0,0.0,NO_STABLE,0,5,OOS cut-off 2025-01-01 (no OOS tuning); signal lag ≥1 bar; fees 4.5bps + slip 5bps; cost stress 2× fees/slip on OOS; baseline params (PSA NO_STABLE / fallback),20.0,catalog_cg_04,baseline fallback
CG-05,Liquidation cascade fade,Liquidation cascade fade: Long after long_liq > 95th pctile (capitulation),BTCUSDT,crypto,OK,psa_stable_plateau,"{""exit_window"": 30, ""spike_q"": 0.95, ""spike_window"": 90}",0.8015,-0.116,-0.116,-0.3392,-0.1469,-0.1469,0.17,-0.0258,-0.0258,68,14,-0.2557,STABLE,3,4,"OOS cut-off 2025-01-01 (no OOS tuning); signal lag ≥1 bar; fees 4.5bps + slip 5bps; cost stress 2× fees/slip on OOS; PSA IS plateau (Sharpe≥baseline−0.05, PF≥1.2, trades≥min; 3/4 stable cells); rep params = plateau center (Sharpe+0.25×PF), not grid peak",48.0,catalog_cg_05,
CG-06,Short squeeze setup,Short squeeze setup: Negative funding + rising price + short liqs,BTCUSDT,crypto,OK,psa_stable_plateau,"{""fund_thr"": 0.0, ""price_window"": 7}",0.8669,-1.0718,-1.0718,-0.1191,-0.0786,-0.0786,0.1007,-0.0588,-0.0588,50,17,-1.4814,STABLE,5,5,"OOS cut-off 2025-01-01 (no OOS tuning); signal lag ≥1 bar; fees 4.5bps + slip 5bps; cost stress 2× fees/slip on OOS; PSA IS plateau (Sharpe≥baseline−0.05, PF≥1.2, trades≥min; 5/5 stable cells); rep params = plateau center (Sharpe+0.25×PF), not grid peak",51.0,catalog_cg_06,
CG-07,Taker buy imbalance,Taker buy imbalance: Long when taker_buy/(buy+sell) > 0.55,BTCUSDT,crypto,OK,soft_grid_max_robust_sharpe,"{""entry_ratio"": 0.52, ""exit_ratio"": 0.5}",0.685,-0.6166,-0.6166,-0.2641,-0.1234,-0.1234,0.1254,-0.059,-0.059,80,15,-0.8374,NO_STABLE,1,5,OOS cut-off 2025-01-01 (no OOS tuning); signal lag ≥1 bar; fees 4.5bps + slip 5bps; cost stress 2× fees/slip on OOS; PSA grid searched IS-only; no stable plateau — soft floors PF≥1.0 + min trades; selected max (Sharpe+0.25×PF) under soft floors,31.0,catalog_cg_07,soft-selected; stable<3
CG-08,Orderbook imbalance,Orderbook bid/ask imbalance: Signal = (bids−asks)/(bids+asks),BTCUSDT,crypto,OK,psa_stable_plateau,"{""entry_imb"": 0.05, ""exit_imb"": 0.0}",0.6607,0.0141,0.0141,-0.2041,-0.234,-0.234,0.0827,-0.0208,-0.0208,62,67,-0.4193,STABLE,4,5,"OOS cut-off 2025-01-01 (no OOS tuning); signal lag ≥1 bar; fees 4.5bps + slip 5bps; cost stress 2× fees/slip on OOS; PSA IS plateau (Sharpe≥baseline−0.05, PF≥1.2, trades≥min; 4/5 stable cells); rep params = plateau center (Sharpe+0.25×PF), not grid peak",65.0,catalog_cg_08,
CG-09,Whale gate + trend,Whale index gate: Only take trend signals when whale_index low,BTCUSDT,crypto,OK,psa_stable_plateau,"{""mom_window"": 40}",1.2926,-0.0563,-0.0563,-0.5892,-0.3617,-0.3617,0.6236,-0.0469,-0.0469,50,20,-0.1616,STABLE,4,6,"OOS cut-off 2025-01-01 (no OOS tuning); signal lag ≥1 bar; fees 4.5bps + slip 5bps; cost stress 2× fees/slip on OOS; PSA IS plateau (Sharpe≥baseline−0.05, PF≥1.2, trades≥min; 4/6 stable cells); rep params = plateau center (Sharpe+0.25×PF), not grid peak",42.7,catalog_cg_09,
CG-12,ETF flow momentum,ETF flow momentum: Long BTC when 5d sum `flow_usd` > 0,BTCUSDT,crypto,OK,soft_grid_max_robust_sharpe,"{""flow_window"": 10}",0.9106,-0.1949,-0.1949,-0.2155,-0.2011,-0.2011,0.1706,-0.0666,-0.0666,8,8,-0.2449,NO_STABLE,0,5,OOS cut-off 2025-01-01 (no OOS tuning); signal lag ≥1 bar; fees 4.5bps + slip 5bps; cost stress 2× fees/slip on OOS; PSA grid searched IS-only; no stable plateau — soft floors PF≥1.0 + min trades; selected max (Sharpe+0.25×PF) under soft floors,28.0,catalog_cg_12,soft-selected; stable<3
CG-13,ETF flow divergence,ETF flow divergence: Price down + ETF inflows = accumulation,BTCUSDT,crypto,OK,soft_grid_max_robust_sharpe,"{""flow_window"": 10, ""price_window"": 5}",0.8766,0.1069,0.1069,-0.2568,-0.1742,-0.1742,0.1586,0.0013,0.0013,7,7,0.0582,NO_STABLE,0,4,OOS cut-off 2025-01-01 (no OOS tuning); signal lag ≥1 bar; fees 4.5bps + slip 5bps; cost stress 2× fees/slip on OOS; PSA grid searched IS-only; no stable plateau — soft floors PF≥1.0 + min trades; selected max (Sharpe+0.25×PF) under soft floors,51.0,catalog_cg_13,soft-selected; stable<3
CG-15,Exchange balance drain,Exchange balance drain: Bullish when exchange balance 30d Δ negative,BTCUSDT,crypto,OK,soft_grid_max_robust_sharpe,"{""diff_window"": 45}",0.6101,0.1909,0.1909,-0.2365,-0.4956,-0.4956,0.1063,-0.0034,-0.0034,5,2,0.1838,NO_STABLE,1,5,OOS cut-off 2025-01-01 (no OOS tuning); signal lag ≥1 bar; fees 4.5bps + slip 5bps; cost stress 2× fees/slip on OOS; PSA grid searched IS-only; no stable plateau — soft floors PF≥1.0 + min trades; selected max (Sharpe+0.25×PF) under soft floors,58.0,catalog_cg_15,soft-selected; stable<3
CG-16,Puell multiple bottom,Puell multiple bottom: Long when puell < 0.5; exit > 1.0,BTCUSDT,crypto,OK,soft_grid_max_robust_sharpe,"{""entry_thr"": 0.6, ""exit_thr"": 1.0}",0.6286,0.0,0.0,-0.504,0.0,0.0,0.1605,0.0,0.0,6,0,0.0,NO_STABLE,0,5,OOS cut-off 2025-01-01 (no OOS tuning); signal lag ≥1 bar; fees 4.5bps + slip 5bps; cost stress 2× fees/slip on OOS; PSA grid searched IS-only; no stable plateau — soft floors PF≥1.0 + min trades; selected max (Sharpe+0.25×PF) under soft floors,35.0,catalog_cg_16,soft-selected; stable<2
CG-17,Basis carry,Basis carry: Long spot/short perp when `close_basis` > X,BTCUSDT,crypto,OK,psa_stable_plateau,"{""median_window"": 20}",0.8942,-0.0166,-0.0166,-0.6537,-0.4956,-0.4956,0.3544,-0.1026,-0.1026,78,3,-0.0259,STABLE,3,5,"OOS cut-off 2025-01-01 (no OOS tuning); signal lag ≥1 bar; fees 4.5bps + slip 5bps; cost stress 2× fees/slip on OOS; PSA IS plateau (Sharpe≥baseline−0.05, PF≥1.2, trades≥min; 3/5 stable cells); rep params = plateau center (Sharpe+0.25×PF), not grid peak",39.0,catalog_cg_17,
CG-20,Funding extreme MR,Liquidation + funding double extreme: Require both liq spike AND funding extreme,BTCUSDT,crypto,NO_TRADES,baseline_fallback,"{""quantile_window"": 90}",0.0,0.0,0.0,0.0,0.0,0.0,0.0,0.0,0.0,0,0,0.0,NO_STABLE,0,4,OOS cut-off 2025-01-01 (no OOS tuning); signal lag ≥1 bar; fees 4.5bps + slip 5bps; cost stress 2× fees/slip on OOS; baseline params (PSA NO_STABLE / fallback),20.0,catalog_cg_20,baseline fallback
CG-10,Global long/short account fade,Global long/short account fade: Fade extreme `global_account_long_short_ratio`,BTCUSDT,crypto,SKIP,skipped,{},0.0,0.0,0.0,0.0,0.0,0.0,0.0,0.0,0.0,0,0,0.0,SKIP,0,0,OOS cut-off 2025-01-01 (no OOS tuning); signal lag ≥1 bar; fees 4.5bps + slip 5bps; cost stress 2× fees/slip on OOS; no PSA grid / data skip — baseline params only,0.0,catalog_cg_10,global L/S ratio file
CG-11,Net position change momentum,Net position change momentum: Follow `net_long_change` sign,BTCUSDT,crypto,SKIP,skipped,{},0.0,0.0,0.0,0.0,0.0,0.0,0.0,0.0,0.0,0,0,0.0,SKIP,0,0,OOS cut-off 2025-01-01 (no OOS tuning); signal lag ≥1 bar; fees 4.5bps + slip 5bps; cost stress 2× fees/slip on OOS; no PSA grid / data skip — baseline params only,0.0,catalog_cg_11,net position v2 file
CG-14,ETF premium discount,ETF premium discount: Fade extreme discount (capitulation buy),BTCUSDT,crypto,RUNNER_ONLY,catalog_runner_full_sample,{},0.0,0.0,0.0,0.0,0.0,0.0,0.0,0.0,0.0,0,0,0.0,SKIP,0,0,catalog runner full-sample only (no IS/OOS split); fees 4.5bps + slip 5bps; PSA unavailable — confidence capped,10.0,catalog_cg_14,0 baseline trades; runner full-sample fallback
CG-18,Multi-factor BTC bottoming,Multi-factor BTC bottoming: Score: LTH loss cooling + ETF flow improving + funding neutral,BTCUSDT,crypto,RUNNER_ONLY,catalog_runner_full_sample,{},0.0,0.0,0.0,0.0,0.0,0.0,0.0,0.0,0.0,0,0,0.0,SKIP,0,0,catalog runner full-sample only (no IS/OOS split); fees 4.5bps + slip 5bps; PSA unavailable — confidence capped,10.0,catalog_cg_18,0 baseline trades; runner full-sample fallback
ON-02,NUPL regime,NUPL regime: Long in capitulation (NUPL < 0.25); reduce > 0.75,BTC,crypto,OK,baseline_fallback,"{""entry_thr"": 0.25, ""exit_thr"": 0.75}",1.0686,-0.0303,-0.0303,-0.7667,-0.4956,-0.4956,0.6102,-0.1081,-0.1081,1,0,-0.0303,NO_STABLE,0,5,OOS cut-off 2025-01-01 (no OOS tuning); signal lag ≥1 bar; fees 4.5bps + slip 5bps; cost stress 2× fees/slip on OOS; baseline params (PSA NO_STABLE / fallback),5.0,catalog_on_02,baseline fallback
ON-04,MVRV < 1 value,MVRV < 1 deep value: Accumulate when MVRV < 1; trim > 3,BTC,crypto,OK,baseline_fallback,"{""entry_thr"": 1.0, ""exit_thr"": 3.0}",1.516,-0.0303,-0.0303,-0.3543,-0.4956,-0.4956,0.7546,-0.1081,-0.1081,2,0,-0.0303,NO_STABLE,0,5,OOS cut-off 2025-01-01 (no OOS tuning); signal lag ≥1 bar; fees 4.5bps + slip 5bps; cost stress 2× fees/slip on OOS; baseline params (PSA NO_STABLE / fallback),0.0,catalog_on_04,baseline fallback
ON-06,SOPR capitulation,SOPR capitulation: Long when SOPR < 1 persists 7d (if available),BTC,crypto,OK,psa_stable_plateau,"{""streak_min"": 6, ""streak_window"": 7}",0.8515,-0.3827,-0.3827,-0.4127,-0.3007,-0.3007,0.2378,-0.1111,-0.1111,23,3,-0.4003,STABLE,3,5,"OOS cut-off 2025-01-01 (no OOS tuning); signal lag ≥1 bar; fees 4.5bps + slip 5bps; cost stress 2× fees/slip on OOS; PSA IS plateau (Sharpe≥baseline−0.05, PF≥1.2, trades≥min; 3/5 stable cells); rep params = plateau center (Sharpe+0.25×PF), not grid peak",34.0,catalog_on_06,
ON-09,Accumulation proxy,Accumulation trend score proxy: Long when small+large wallet balance metrics rise,BTC,crypto,OK,soft_grid_max_robust_sharpe,"{""diff_window"": 45}",0.8388,-0.2743,-0.2743,-0.6622,-0.4179,-0.4179,0.3246,-0.1332,-0.1332,330,86,-0.6436,NO_STABLE,2,5,OOS cut-off 2025-01-01 (no OOS tuning); signal lag ≥1 bar; fees 4.5bps + slip 5bps; cost stress 2× fees/slip on OOS; PSA grid searched IS-only; no stable plateau — soft floors PF≥1.0 + min trades; selected max (Sharpe+0.25×PF) under soft floors,35.0,catalog_on_09,soft-selected; stable<3
ON-01,MVRV Z-score,MVRV Z-score: Long when `CapMVRVZ` < −1; exit > 2,BTC,crypto,RUNNER_ONLY,catalog_runner_full_sample,{},0.0,0.0,0.0,0.0,0.0,0.0,0.0,0.0,0.0,0,0,0.0,SKIP,0,0,catalog runner full-sample only (no IS/OOS split); fees 4.5bps + slip 5bps; PSA unavailable — confidence capped,10.0,catalog_on_01,0 baseline trades; runner full-sample fallback
ON-03,Realized price support,Realized price support: Long when price < `CapRealUSD` × 1.05,BTC,crypto,RUNNER_ONLY,catalog_runner_full_sample,{},0.8134,0.8134,0.8134,-0.7667,-0.7667,-0.7667,0.3598,0.3598,0.3598,1,1,0.0,SKIP,0,0,catalog runner full-sample only (no IS/OOS split); fees 4.5bps + slip 5bps; PSA unavailable — confidence capped,20.0,catalog_on_03,rare event; runner full-sample fallback
ON-05,NVT high fade,NVT high fade: Reduce exposure when NVTAdj > 90d 90th pctile,BTC,crypto,SKIP,skipped,{},0.0,0.0,0.0,0.0,0.0,0.0,0.0,0.0,0.0,0,0,0.0,SKIP,0,0,OOS cut-off 2025-01-01 (no OOS tuning); signal lag ≥1 bar; fees 4.5bps + slip 5bps; cost stress 2× fees/slip on OOS; no PSA grid / data skip — baseline params only,0.0,catalog_on_05,NVTAdj not in btc metrics file
ON-07,STH cost basis reclaim,STH cost basis reclaim: Long breakout when price crosses above STH cost proxy,BTC,crypto,RUNNER_ONLY,catalog_runner_full_sample,{},0.0,0.0,0.0,0.0,0.0,0.0,0.0,0.0,0.0,0,0,0.0,SKIP,0,0,catalog runner full-sample only (no IS/OOS split); fees 4.5bps + slip 5bps; PSA unavailable — confidence capped,10.0,catalog_on_07,rare cross; runner full-sample fallback
ON-08,LTH supply expansion,LTH supply expansion: Bearish when `SplyLTH` rising fast + price down,BTC,crypto,SKIP,skipped,{},0.0,0.0,0.0,0.0,0.0,0.0,0.0,0.0,0.0,0,0,0.0,SKIP,0,0,OOS cut-off 2025-01-01 (no OOS tuning); signal lag ≥1 bar; fees 4.5bps + slip 5bps; cost stress 2× fees/slip on OOS; no PSA grid / data skip — baseline params only,0.0,catalog_on_08,SplyLTH not in btc metrics
ON-10,Realized loss exhaustion,Realized loss exhaustion: Long when realized loss metric peaks then −30%,BTC,crypto,SKIP,skipped,{},0.0,0.0,0.0,0.0,0.0,0.0,0.0,0.0,0.0,0,0,0.0,SKIP,0,0,OOS cut-off 2025-01-01 (no OOS tuning); signal lag ≥1 bar; fees 4.5bps + slip 5bps; cost stress 2× fees/slip on OOS; no PSA grid / data skip — baseline params only,0.0,catalog_on_10,realized loss metric not mapped
NA-01,Active address momentum,Active address momentum: Long when `AdrActCnt` 30d ROC > 0,BTC,crypto,OK,soft_grid_max_robust_sharpe,"{""roc_window"": 45}",0.8388,-0.2743,-0.2743,-0.6622,-0.4179,-0.4179,0.3246,-0.1332,-0.1332,330,86,-0.6436,NO_STABLE,2,5,OOS cut-off 2025-01-01 (no OOS tuning); signal lag ≥1 bar; fees 4.5bps + slip 5bps; cost stress 2× fees/slip on OOS; PSA grid searched IS-only; no stable plateau — soft floors PF≥1.0 + min trades; selected max (Sharpe+0.25×PF) under soft floors,35.0,catalog_na_01,soft-selected; stable<3
NA-02,Tx count breakout,Tx count breakout: Long when `TxCnt` > 90d MA,BTC,crypto,OK,soft_grid_max_robust_sharpe,"{""ma_window"": 75}",0.6409,-0.0106,-0.0106,-0.6922,-0.2935,-0.2935,0.2007,-0.0421,-0.0421,275,66,-0.3346,NO_STABLE,1,5,OOS cut-off 2025-01-01 (no OOS tuning); signal lag ≥1 bar; fees 4.5bps + slip 5bps; cost stress 2× fees/slip on OOS; PSA grid searched IS-only; no stable plateau — soft floors PF≥1.0 + min trades; selected max (Sharpe+0.25×PF) under soft floors,40.0,catalog_na_02,soft-selected; stable<3
NA-03,Transfer value surge,Transfer value surge: Risk-off when `TxTfrValAdjUSD` spikes + price down,BTC,crypto,SKIP,skipped,{},0.0,0.0,0.0,0.0,0.0,0.0,0.0,0.0,0.0,0,0,0.0,SKIP,0,0,OOS cut-off 2025-01-01 (no OOS tuning); signal lag ≥1 bar; fees 4.5bps + slip 5bps; cost stress 2× fees/slip on OOS; no PSA grid / data skip — baseline params only,0.0,catalog_na_03,TxTfrValAdjUSD not verified
NA-04,Fee spike fade,Fee spike fade: MR after `FeeMeanUSD` > 95th pctile (stress),BTC,crypto,SKIP,skipped,{},0.0,0.0,0.0,0.0,0.0,0.0,0.0,0.0,0.0,0,0,0.0,SKIP,0,0,OOS cut-off 2025-01-01 (no OOS tuning); signal lag ≥1 bar; fees 4.5bps + slip 5bps; cost stress 2× fees/slip on OOS; no PSA grid / data skip — baseline params only,0.0,catalog_na_04,FeeMeanUSD not in btc metrics
NA-05,New address growth,New address growth: Long altcoins with `AdrNewCnt` / price divergence,BTC,crypto,RUNNER_ONLY,catalog_runner_full_sample,{},-0.0684,-0.0684,-0.0684,-0.7448,-0.7448,-0.7448,-0.1253,-0.1253,-0.1253,321,321,0.0,SKIP,0,0,catalog runner full-sample only (no IS/OOS split); fees 4.5bps + slip 5bps; PSA unavailable — confidence capped,15.0,catalog_na_05,skip PSA v1; runner full-sample fallback
EF-01,Exchange net outflow,Exchange net outflow: Long when net flow negative 7d,BTC,crypto,OK,soft_grid_max_robust_sharpe,"{""diff_window"": 10}",0.8996,0.1275,0.1275,-0.2274,-0.4558,-0.4558,0.1654,-0.0337,-0.0337,19,13,0.0838,NO_STABLE,0,5,OOS cut-off 2025-01-01 (no OOS tuning); signal lag ≥1 bar; fees 4.5bps + slip 5bps; cost stress 2× fees/slip on OOS; PSA grid searched IS-only; no stable plateau — soft floors PF≥1.0 + min trades; selected max (Sharpe+0.25×PF) under soft floors,51.0,catalog_ef_01,soft-selected; stable<3
EF-03,ETF + exchange combo,ETF vs exchange flow combo: Risk-on when ETF in + exchange out,BTC,crypto,OK,soft_grid_max_robust_sharpe,"{""bal_window"": 7, ""etf_window"": 3}",0.8774,-0.157,-0.157,-0.1787,-0.4292,-0.4292,0.1452,-0.112,-0.112,16,18,-0.2263,NO_STABLE,1,4,OOS cut-off 2025-01-01 (no OOS tuning); signal lag ≥1 bar; fees 4.5bps + slip 5bps; cost stress 2× fees/slip on OOS; PSA grid searched IS-only; no stable plateau — soft floors PF≥1.0 + min trades; selected max (Sharpe+0.25×PF) under soft floors,31.0,catalog_ef_03,soft-selected; stable<3
EF-02,Miner to exchange,Miner to exchange: Bearish when miner outflows spike,BTC,crypto,SKIP,skipped,{},0.0,0.0,0.0,0.0,0.0,0.0,0.0,0.0,0.0,0,0,0.0,SKIP,0,0,OOS cut-off 2025-01-01 (no OOS tuning); signal lag ≥1 bar; fees 4.5bps + slip 5bps; cost stress 2× fees/slip on OOS; no PSA grid / data skip — baseline params only,0.0,catalog_ef_02,miner flows not mapped
EF-04,Stablecoin flow ⚠️,Stablecoin flow ⚠️: Risk-on when stablecoin exchange inflows,BTC,crypto,SKIP,skipped,{},0.0,0.0,0.0,0.0,0.0,0.0,0.0,0.0,0.0,0,0,0.0,SKIP,0,0,OOS cut-off 2025-01-01 (no OOS tuning); signal lag ≥1 bar; fees 4.5bps + slip 5bps; cost stress 2× fees/slip on OOS; no PSA grid / data skip — baseline params only,0.0,catalog_ef_04,stablecoin flow upload required
DV-01,Funding trend,Funding rate trend: Follow 30d cumulative funding sign,BTC,crypto,OK,psa_stable_plateau,"{""cum_window"": 21}",1.0257,-0.182,-0.182,-0.7847,-0.4956,-0.4956,0.5231,-0.1646,-0.1646,10,1,-0.1851,STABLE,3,5,"OOS cut-off 2025-01-01 (no OOS tuning); signal lag ≥1 bar; fees 4.5bps + slip 5bps; cost stress 2× fees/slip on OOS; PSA IS plateau (Sharpe≥baseline−0.05, PF≥1.2, trades≥min; 3/5 stable cells); rep params = plateau center (Sharpe+0.25×PF), not grid peak",34.0,catalog_dv_01,
DV-02,OI / market cap ratio,OI / market cap ratio: Fade high OI/MCAP at extremes,BTC,crypto,SKIP,skipped,{},0.0,0.0,0.0,0.0,0.0,0.0,0.0,0.0,0.0,0,0,0.0,SKIP,0,0,OOS cut-off 2025-01-01 (no OOS tuning); signal lag ≥1 bar; fees 4.5bps + slip 5bps; cost stress 2× fees/slip on OOS; no PSA grid / data skip — baseline params only,0.0,catalog_dv_02,OI/MCAP talos join
DV-03,Options OI put/call,Options OI put/call: Risk-off when put OI > call OI by X%,BTC,crypto,SKIP,skipped,{},0.0,0.0,0.0,0.0,0.0,0.0,0.0,0.0,0.0,0,0,0.0,SKIP,0,0,OOS cut-off 2025-01-01 (no OOS tuning); signal lag ≥1 bar; fees 4.5bps + slip 5bps; cost stress 2× fees/slip on OOS; no PSA grid / data skip — baseline params only,0.0,catalog_dv_03,options OI put/call talos
DV-04,Vol term structure,Vol term structure: Long gamma proxy when short vol < long vol,BTC,crypto,SKIP,skipped,{},0.0,0.0,0.0,0.0,0.0,0.0,0.0,0.0,0.0,0,0,0.0,SKIP,0,0,OOS cut-off 2025-01-01 (no OOS tuning); signal lag ≥1 bar; fees 4.5bps + slip 5bps; cost stress 2× fees/slip on OOS; no PSA grid / data skip — baseline params only,0.0,catalog_dv_04,vol term structure talos columns
DV-05,Perp vs spot volume,Perp vs spot volume: Leverage excess when perp/spot vol ratio high,BTC,crypto,SKIP,skipped,{},0.0,0.0,0.0,0.0,0.0,0.0,0.0,0.0,0.0,0,0,0.0,SKIP,0,0,OOS cut-off 2025-01-01 (no OOS tuning); signal lag ≥1 bar; fees 4.5bps + slip 5bps; cost stress 2× fees/slip on OOS; no PSA grid / data skip — baseline params only,0.0,catalog_dv_05,perp/spot volume ratio
GF-01,Deep value accumulator,Deep value accumulator: Valuation + flows,BTC,crypto,RUNNER_ONLY,catalog_runner_full_sample,{},0.0,0.0,0.0,0.0,0.0,0.0,0.0,0.0,0.0,0,0,0.0,SKIP,0,0,catalog runner full-sample only (no IS/OOS split); fees 4.5bps + slip 5bps; PSA unavailable — confidence capped,10.0,catalog_gf_01,0 baseline trades; runner full-sample fallback
GF-02,Bear late-stage ETF,Bear market late-stage: LTH loss + ETF,BTC,crypto,OK,soft_grid_max_robust_sharpe,"{""smooth_window"": 30}",0.637,-0.7234,-0.7234,-0.1826,-0.3276,-0.3276,0.0846,-0.2017,-0.2017,37,47,-0.9727,NO_STABLE,2,5,OOS cut-off 2025-01-01 (no OOS tuning); signal lag ≥1 bar; fees 4.5bps + slip 5bps; cost stress 2× fees/slip on OOS; PSA grid searched IS-only; no stable plateau — soft floors PF≥1.0 + min trades; selected max (Sharpe+0.25×PF) under soft floors,35.0,catalog_gf_02,soft-selected; stable<3
GF-03,Recovery confirmation,Recovery confirmation: Price + derivatives,BTC,crypto,RUNNER_ONLY,catalog_runner_full_sample,{},0.0,0.0,0.0,0.0,0.0,0.0,0.0,0.0,0.0,0,0,0.0,SKIP,0,0,catalog runner full-sample only (no IS/OOS split); fees 4.5bps + slip 5bps; PSA unavailable — confidence capped,10.0,catalog_gf_03,0 baseline trades; runner full-sample fallback
GF-04,Risk-off de-risk,Risk-off de-risk: Vol + skew + flows,BTC,crypto,RUNNER_ONLY,catalog_runner_full_sample,{},0.0,0.0,0.0,0.0,0.0,0.0,0.0,0.0,0.0,0,0,0.0,SKIP,0,0,catalog runner full-sample only (no IS/OOS split); fees 4.5bps + slip 5bps; PSA unavailable — confidence capped,10.0,catalog_gf_04,0 baseline trades; runner full-sample fallback
GF-05,Macro liquidity BTC,Macro liquidity BTC: DXY + BTC,BTC,crypto,RUNNER_ONLY,catalog_runner_full_sample,{},0.0,0.0,0.0,0.0,0.0,0.0,0.0,0.0,0.0,0,0,0.0,SKIP,0,0,catalog runner full-sample only (no IS/OOS split); fees 4.5bps + slip 5bps; PSA unavailable — confidence capped,10.0,catalog_gf_05,0 baseline trades; runner full-sample fallback
GF-09,STH resistance rejection,STH resistance rejection: Cost basis,BTC,crypto,RUNNER_ONLY,catalog_runner_full_sample,{},0.0,0.0,0.0,0.0,0.0,0.0,0.0,0.0,0.0,0,0,0.0,SKIP,0,0,catalog runner full-sample only (no IS/OOS split); fees 4.5bps + slip 5bps; PSA unavailable — confidence capped,10.0,catalog_gf_09,0 baseline trades; runner full-sample fallback
GF-06,Dollar inverse sleeve,Dollar inverse sleeve: Correlation,BTC+DXY,multi-asset,RUNNER_ONLY,catalog_runner_full_sample,{},0.806,0.806,0.806,-0.3067,-0.3067,-0.3067,0.1105,0.1105,0.1105,1188,1188,0.0,SKIP,0,0,catalog runner full-sample only (no IS/OOS split); fees 4.5bps + slip 5bps; PSA unavailable — confidence capped,25.0,catalog_gf_06,continuous exposure; runner full-sample fallback
GF-07,Max pain pin ⚠️,Max pain pin ⚠️: Options,BTC,crypto,SKIP,skipped,{},0.0,0.0,0.0,0.0,0.0,0.0,0.0,0.0,0.0,0,0,0.0,SKIP,0,0,OOS cut-off 2025-01-01 (no OOS tuning); signal lag ≥1 bar; fees 4.5bps + slip 5bps; cost stress 2× fees/slip on OOS; no PSA grid / data skip — baseline params only,0.0,catalog_gf_07,options max pain strikes required
GF-08,Vol compression breakout,Vol compression breakout: DVOL proxy,BTC,crypto,OK,soft_grid_max_robust_sharpe,"{""breakout_window"": 15, ""exit_window"": 10, ""vol_quantile"": 0.1}",0.3462,-0.3278,-0.3278,-0.5419,-0.103,-0.103,0.0515,-0.0332,-0.0332,11,4,-0.3806,NO_STABLE,2,5,OOS cut-off 2025-01-01 (no OOS tuning); signal lag ≥1 bar; fees 4.5bps + slip 5bps; cost stress 2× fees/slip on OOS; PSA grid searched IS-only; no stable plateau — soft floors PF≥1.0 + min trades; selected max (Sharpe+0.25×PF) under soft floors,30.0,catalog_gf_08,soft-selected; stable<3
GF-10,Week 28 scorecard,Full Week 28 playbook: All layers,BTC,crypto,OK,baseline_fallback,"{""fund_abs"": 0.0001, ""mv_thr"": 1.5, ""score_thr"": 2}",0.7987,0.2062,0.2062,-0.2591,-0.2019,-0.2019,0.1442,0.0205,0.0205,3,2,0.1977,NO_STABLE,0,2,OOS cut-off 2025-01-01 (no OOS tuning); signal lag ≥1 bar; fees 4.5bps + slip 5bps; cost stress 2× fees/slip on OOS; baseline params (PSA NO_STABLE / fallback),33.0,catalog_gf_10,baseline fallback
IA-01,BTC leads ETH,BTC leads ETH: Trade ETH in direction of BTC 1d return,ETHUSDT,crypto,OK,soft_grid_max_robust_sharpe,"{""lag_days"": 1}",1.3108,-0.0932,-0.0932,-0.7299,-0.5414,-0.5414,0.811,-0.1815,-0.1815,507,121,-0.4023,NO_STABLE,1,4,OOS cut-off 2025-01-01 (no OOS tuning); signal lag ≥1 bar; fees 4.5bps + slip 5bps; cost stress 2× fees/slip on OOS; PSA grid searched IS-only; no stable plateau — soft floors PF≥1.0 + min trades; selected max (Sharpe+0.25×PF) under soft floors,35.0,catalog_ia_01,soft-selected; stable<3
IA-02,SPY leads BTC,SPY leads BTCUSDT: Risk-on filter for crypto longs,BTCUSDT,crypto,NO_TRADES,baseline_fallback,"{""spy_window"": 5}",0.0,0.0,0.0,0.0,0.0,0.0,0.0,0.0,0.0,0,0,0.0,NO_STABLE,0,5,OOS cut-off 2025-01-01 (no OOS tuning); signal lag ≥1 bar; fees 4.5bps + slip 5bps; cost stress 2× fees/slip on OOS; baseline params (PSA NO_STABLE / fallback),20.0,catalog_ia_02,baseline fallback
IA-03,Gold/BTC ratio MR,Gold/BTC ratio MR: Fade ratio z-score,PAXG/BTC,crypto,OK,baseline_fallback,"{""window"": 60, ""z_entry"": 2.0}",0.0,-0.6689,-0.6689,0.0,-0.4618,-0.4618,0.0,-0.2428,-0.2428,0,2,-0.6792,NO_STABLE,0,4,OOS cut-off 2025-01-01 (no OOS tuning); signal lag ≥1 bar; fees 4.5bps + slip 5bps; cost stress 2× fees/slip on OOS; baseline params (PSA NO_STABLE / fallback),10.0,catalog_ia_03,baseline fallback
IA-04,Copper/gold risk-on,Copper/gold ratio: Risk-on when copper/gold rising,BTC,crypto,NO_TRADES,baseline_fallback,"{""ratio_window"": 20}",0.0,0.0,0.0,0.0,0.0,0.0,0.0,0.0,0.0,0,0,0.0,NO_STABLE,0,5,OOS cut-off 2025-01-01 (no OOS tuning); signal lag ≥1 bar; fees 4.5bps + slip 5bps; cost stress 2× fees/slip on OOS; baseline params (PSA NO_STABLE / fallback),20.0,catalog_ia_04,baseline fallback
IA-05,Oil shock risk-off,Oil shock risk-off: Reduce BTC when USO 5d return > 8%,BTCUSDT,crypto,OK,baseline_fallback,"{""shock_thr"": 0.08, ""shock_window"": 5}",0.9674,-0.0303,-0.0303,-0.7667,-0.4956,-0.4956,0.5111,-0.1081,-0.1081,1,0,-0.0303,NO_STABLE,0,5,OOS cut-off 2025-01-01 (no OOS tuning); signal lag ≥1 bar; fees 4.5bps + slip 5bps; cost stress 2× fees/slip on OOS; baseline params (PSA NO_STABLE / fallback),10.0,catalog_ia_05,baseline fallback
IA-08,ETH/BTC rotation,ETH/BTC rotation: Hold higher 20d risk-adj momentum,ETHUSDT,crypto,OK,psa_stable_plateau,"{""mom_window"": 20}",0.7428,-0.2064,-0.2064,-0.6723,-0.4241,-0.4241,0.3013,-0.1926,-0.1926,81,26,-0.2825,STABLE,3,5,"OOS cut-off 2025-01-01 (no OOS tuning); signal lag ≥1 bar; fees 4.5bps + slip 5bps; cost stress 2× fees/slip on OOS; PSA IS plateau (Sharpe≥baseline−0.05, PF≥1.2, trades≥min; 3/5 stable cells); rep params = plateau center (Sharpe+0.25×PF), not grid peak",45.0,catalog_ia_08,
IA-09,DXY risk filter,DXY risk filter: Scale all crypto longs by DXY trend,BTCUSDT,crypto,RUNNER_ONLY,catalog_runner_full_sample,{},0.6563,0.6563,0.6563,-0.5676,-0.5676,-0.5676,0.195,0.195,0.195,779,779,0.0,SKIP,0,0,catalog runner full-sample only (no IS/OOS split); fees 4.5bps + slip 5bps; PSA unavailable — confidence capped,25.0,catalog_ia_09,continuous DXY filter; runner full-sample fallback
IA-10,Intermarket divergence,Intermarket divergence: Trade lagging leg when leader moved,ETH lag BTC,crypto,OK,soft_grid_max_robust_sharpe,"{""lead_thr"": 0.02}",0.1542,0.8832,0.8832,-0.2085,-0.149,-0.149,0.0109,0.2091,0.2091,15,5,0.8548,NO_STABLE,0,5,OOS cut-off 2025-01-01 (no OOS tuning); signal lag ≥1 bar; fees 4.5bps + slip 5bps; cost stress 2× fees/slip on OOS; PSA grid searched IS-only; no stable plateau — soft floors PF≥1.0 + min trades; selected max (Sharpe+0.25×PF) under soft floors,63.0,catalog_ia_10,soft-selected; stable<3
IA-06,Rates proxy trend,Rates proxy trend: Gate equity perps (NVDAUSDT) with TLT trend,NVDAUSDT,crypto,SKIP,skipped,{},0.0,0.0,0.0,0.0,0.0,0.0,0.0,0.0,0.0,0,0,0.0,SKIP,0,0,OOS cut-off 2025-01-01 (no OOS tuning); signal lag ≥1 bar; fees 4.5bps + slip 5bps; cost stress 2× fees/slip on OOS; no PSA grid / data skip — baseline params only,0.0,catalog_ia_06,data error; runner error: No data found for NVDAUSDT after checking local data; yfinance returned no data 
IA-07,Equity perp basket,Equity perp basket: Long strongest of SPY/QQQ/NVDA perps by 20d mom,perp basket,crypto,SKIP,skipped,{},0.0,0.0,0.0,0.0,0.0,0.0,0.0,0.0,0.0,0,0,0.0,SKIP,0,0,OOS cut-off 2025-01-01 (no OOS tuning); signal lag ≥1 bar; fees 4.5bps + slip 5bps; cost stress 2× fees/slip on OOS; no PSA grid / data skip — baseline params only,0.0,catalog_ia_07,rotation basket; runner error: No data found for SPYUSDT after checking local data; yfinance returned no data f
Q-01,Accrual anomaly ⚠️,"Accrual anomaly ⚠️: Short high accruals, long low",—,—,SKIP,skipped,{},0.0,0.0,0.0,0.0,0.0,0.0,0.0,0.0,0.0,0,0,0.0,SKIP,0,0,OOS cut-off 2025-01-01 (no OOS tuning); signal lag ≥1 bar; fees 4.5bps + slip 5bps; cost stress 2× fees/slip on OOS; no PSA grid / data skip — baseline params only,0.0,catalog_q_01,fundamentals required
Q-02,PEAD ⚠️,PEAD ⚠️: Drift in direction of earnings surprise,—,—,SKIP,skipped,{},0.0,0.0,0.0,0.0,0.0,0.0,0.0,0.0,0.0,0,0,0.0,SKIP,0,0,OOS cut-off 2025-01-01 (no OOS tuning); signal lag ≥1 bar; fees 4.5bps + slip 5bps; cost stress 2× fees/slip on OOS; no PSA grid / data skip — baseline params only,0.0,catalog_q_02,earnings data required
Q-03,Dividend premium ⚠️,Dividend premium ⚠️: Long dividend payers,—,—,SKIP,skipped,{},0.0,0.0,0.0,0.0,0.0,0.0,0.0,0.0,0.0,0,0,0.0,SKIP,0,0,OOS cut-off 2025-01-01 (no OOS tuning); signal lag ≥1 bar; fees 4.5bps + slip 5bps; cost stress 2× fees/slip on OOS; no PSA grid / data skip — baseline params only,0.0,catalog_q_03,fundamentals required
Q-04,Short interest / retail options ⚠️,Short interest / retail options ⚠️: Fade crowded retail,—,—,SKIP,skipped,{},0.0,0.0,0.0,0.0,0.0,0.0,0.0,0.0,0.0,0,0,0.0,SKIP,0,0,OOS cut-off 2025-01-01 (no OOS tuning); signal lag ≥1 bar; fees 4.5bps + slip 5bps; cost stress 2× fees/slip on OOS; no PSA grid / data skip — baseline params only,0.0,catalog_q_04,short interest/options required
Q-05,Crack spread / refiner lag ⚠️,Crack spread / refiner lag ⚠️: Long refiners vs crack,—,—,SKIP,skipped,{},0.0,0.0,0.0,0.0,0.0,0.0,0.0,0.0,0.0,0,0,0.0,SKIP,0,0,OOS cut-off 2025-01-01 (no OOS tuning); signal lag ≥1 bar; fees 4.5bps + slip 5bps; cost stress 2× fees/slip on OOS; no PSA grid / data skip — baseline params only,0.0,catalog_q_05,crack spread data required
Q-07,0DTE intraday vol ⚠️,0DTE intraday vol ⚠️: Intraday vol breakout on SPY,—,—,SKIP,skipped,{},0.0,0.0,0.0,0.0,0.0,0.0,0.0,0.0,0.0,0,0,0.0,SKIP,0,0,OOS cut-off 2025-01-01 (no OOS tuning); signal lag ≥1 bar; fees 4.5bps + slip 5bps; cost stress 2× fees/slip on OOS; no PSA grid / data skip — baseline params only,0.0,catalog_q_07,intraday SPY upload required
Q-10,Margin debt risk-off ⚠️,Margin debt risk-off ⚠️: Reduce equity when margin debt/GDP extreme,—,—,SKIP,skipped,{},0.0,0.0,0.0,0.0,0.0,0.0,0.0,0.0,0.0,0,0,0.0,SKIP,0,0,OOS cut-off 2025-01-01 (no OOS tuning); signal lag ≥1 bar; fees 4.5bps + slip 5bps; cost stress 2× fees/slip on OOS; no PSA grid / data skip — baseline params only,0.0,catalog_q_10,margin debt/GDP macro upload required
Q-06,VIX risk premium,VIX risk premium: Short vol ETP when VIX elevated vs realized,^VIX,vol,RUNNER_ONLY,catalog_runner_full_sample,{},-1.2318,-1.2318,-1.2318,-1.0,-1.0,-1.0,-0.6793,-0.6793,-0.6793,5230,5230,0.0,SKIP,0,0,catalog runner full-sample only (no IS/OOS split); fees 4.5bps + slip 5bps; PSA unavailable — confidence capped,15.0,catalog_q_06,alias V-05 continuous; runner full-sample fallback
Q-08,Recursive LS proxy,Recursive LS prediction: Online regression forecast per bar,BTCUSDT,crypto,OK,psa_stable_plateau,"{""window"": 30}",1.4217,0.3731,0.3731,-0.5635,-0.3028,-0.3028,0.74,0.0656,0.0656,72,24,0.2467,STABLE,6,6,"OOS cut-off 2025-01-01 (no OOS tuning); signal lag ≥1 bar; fees 4.5bps + slip 5bps; cost stress 2× fees/slip on OOS; PSA IS plateau (Sharpe≥baseline−0.05, PF≥1.2, trades≥min; 6/6 stable cells); rep params = plateau center (Sharpe+0.25×PF), not grid peak",74.0,catalog_q_08,
Q-09,Regime overlay proxy,HMM regime overlay: 2-state HMM gates base strategy,BTCUSDT,crypto,OK,psa_stable_plateau,"{""mom_window"": 40, ""vol_window"": 20}",0.6049,0.5837,0.5837,-0.6014,-0.1208,-0.1208,0.1555,0.1083,0.1083,50,18,0.4693,STABLE,4,5,"OOS cut-off 2025-01-01 (no OOS tuning); signal lag ≥1 bar; fees 4.5bps + slip 5bps; cost stress 2× fees/slip on OOS; PSA IS plateau (Sharpe≥baseline−0.05, PF≥1.2, trades≥min; 4/5 stable cells); rep params = plateau center (Sharpe+0.25×PF), not grid peak",88.0,catalog_q_09,
