variant,params,Sharpe,CAGR,MaxDD,n_days,vol_ann,yearly_sharpes,min_yearly_sharpe,robust_score,wf_mean,wf_std,wf_min,wf_score,wf_sharpes,composite_score,full_sharpe,full_max_dd
daily_static,"{'n_triangles': 10, 'window': 120, 'entry_z': 2.5, 'exit_z': 0.5, 'weight_cap': 0.15, 'adf_max': 0.05}",0.6370642460047368,0.1127497961682391,-0.29380601303980813,1827,0.19741497044022485,"{2020: nan, 2021: 0.9845480070490686, 2022: 0.7511318650266268, 2023: 0.8984139727998556, 2024: 0.46131125083240154}",0.46131125083240154,0.6219154568974885,0.773851273926988,0.19881298805382183,0.46131125083240154,0.7667070300665575,"[0.9845480070490686, 0.7511318650266268, 0.8984139727998556, 0.46131125083240154]",0.6104009618169138,0.6729412043433057,-0.29380601303980813
daily_static,"{'n_triangles': 10, 'window': 120, 'entry_z': 2.5, 'exit_z': 0.5, 'weight_cap': 0.2, 'adf_max': 0.05}",0.6312915363256457,0.1400202946230007,-0.3727296657850063,1827,0.25872622898371606,"{2020: nan, 2021: 0.890122483765632, 2022: 0.7868645971948282, 2023: 0.9957549945742233, 2024: 0.40416564044482806}",0.40416564044482806,0.5596439028892033,0.7692269289948779,0.22333356856717873,0.40416564044482806,0.7383932728002541,"[0.890122483765632, 0.7868645971948282, 0.9957549945742233, 0.40416564044482806]",0.5662417920691507,0.6690927146662458,-0.3727296657850063
daily_static,"{'n_triangles': 10, 'window': 120, 'entry_z': 2.0, 'exit_z': 0.5, 'weight_cap': 0.2, 'adf_max': 0.05}",0.6659775278931166,0.1625440692941611,-0.361806885571899,1827,0.2856112478549357,"{2020: nan, 2021: 1.1300325853479727, 2022: 1.0361047217696446, 2023: 0.36816591585087527, 2024: 0.2909800086298924}",0.2909800086298924,0.5413383366313523,0.7063208078995964,0.37919184153617697,0.2909800086298924,0.5749208888574864,"[1.1300325853479727, 1.0361047217696446, 0.36816591585087527, 0.2909800086298924]",0.49895839624736404,0.7252867729020134,-0.361806885571899
daily_static,"{'n_triangles': 10, 'window': 120, 'entry_z': 2.5, 'exit_z': 0.75, 'weight_cap': 0.15, 'adf_max': 0.05}",0.5589196693469162,0.09416760850345218,-0.2775276342784754,1827,0.19353339877692918,"{2020: nan, 2021: 0.9366961437504403, 2022: 0.8045521362324837, 2023: 0.47518527245833914, 2024: 0.3153430367362833}",0.3153430367362833,0.5072805313486674,0.6329441472943866,0.24873324327263371,0.3153430367362833,0.5716461330053264,"[0.9366961437504403, 0.8045521362324837, 0.47518527245833914, 0.3153430367362833]",0.4790804387936313,0.597299541034122,-0.2775276342784754
daily_static,"{'n_triangles': 10, 'window': 120, 'entry_z': 2.25, 'exit_z': 0.5, 'weight_cap': 0.15, 'adf_max': 0.05}",0.5872294392746112,0.10753897499114973,-0.2991564240875366,1827,0.21071080393108257,"{2020: nan, 2021: 1.0198653381161884, 2022: 0.8057585471618789, 2023: 0.6556850928110749, 2024: 0.1778794174839052}",0.1778794174839052,0.5026749939780846,0.6647970988932619,0.30948159942343945,0.1778794174839052,0.5456321826783233,"[1.0198653381161884, 0.8057585471618789, 0.6556850928110749, 0.1778794174839052]",0.4674425106253597,0.5991371748963379,-0.2991564240875366
daily_static,"{'n_triangles': 10, 'window': 120, 'entry_z': 2.5, 'exit_z': 0.75, 'weight_cap': 0.2, 'adf_max': 0.05}",0.55277849864021,0.11542766484356037,-0.35560931526153705,1827,0.25371479516603757,"{2020: nan, 2021: 0.8392328062706014, 2022: 0.8308076554886573, 2023: 0.5752669347680394, 2024: 0.25575889716881195}",0.25575889716881195,0.4830148806260408,0.6252665734240275,0.2382564647035373,0.25575889716881195,0.5572901205060212,"[0.8392328062706014, 0.8308076554886573, 0.5752669347680394, 0.25575889716881195]",0.4607097265214299,0.593112654573645,-0.35560931526153705
daily_static,"{'n_triangles': 10, 'window': 120, 'entry_z': 2.0, 'exit_z': 0.5, 'weight_cap': 0.15, 'adf_max': 0.05}",0.6195695059123657,0.12041150698701086,-0.2855434427030099,1827,0.22263033613040767,"{2020: nan, 2021: 1.0928449407160035, 2022: 0.9964477344145651, 2023: 0.27890796117188094, 2024: 0.2418670064045739}",0.2418670064045739,0.5137245236646572,0.6525169106767559,0.39382552500571266,0.2418670064045739,0.5039775494548143,"[1.0928449407160035, 0.9964477344145651, 0.27890796117188094, 0.2418670064045739]",0.4589406303247465,0.6769367327104304,-0.2855434427030099
daily_static,"{'n_triangles': 10, 'window': 120, 'entry_z': 2.25, 'exit_z': 0.5, 'weight_cap': 0.2, 'adf_max': 0.05}",0.6049440132170418,0.1380546868604129,-0.37392741180469435,1827,0.2735080623413196,"{2020: nan, 2021: 0.9760381388253808, 2022: 0.8604381980620402, 2023: 0.6965410786823092, 2024: 0.17974216060533238}",0.17974216060533238,0.4696179030827504,0.6781898940437656,0.30443181920775614,0.17974216060533238,0.561922416560954,"[0.9760381388253808, 0.8604381980620402, 0.6965410786823092, 0.17974216060533238]",0.4549626924918466,0.6121782445142118,-0.37392741180469435
daily_static,"{'n_triangles': 10, 'window': 90, 'entry_z': 2.25, 'exit_z': 0.75, 'weight_cap': 0.15, 'adf_max': 0.05}",0.6662136180396427,0.1366956909092314,-0.23911798718352628,1827,0.2288610056017137,"{2020: nan, 2021: 1.0352123267142217, 2022: 1.1054713770565714, 2023: 0.09584217532699454, 2024: 0.3031668454755366}",0.09584217532699454,0.5049342307816513,0.634923181143331,0.44224359854800444,0.09584217532699454,0.4329698169347277,"[1.0352123267142217, 1.1054713770565714, 0.09584217532699454, 0.3031668454755366]",0.42925326285706294,0.672166226527682,-0.23911798718352628
daily_static,"{'n_triangles': 10, 'window': 105, 'entry_z': 2.0, 'exit_z': 0.5, 'weight_cap': 0.2, 'adf_max': 0.05}",0.656092862383629,0.1649918464476794,-0.2999753585325996,1827,0.2948853636808336,"{2020: nan, 2021: 0.7358458084283871, 2022: 1.3990164821868072, 2023: 0.08472420918451641, 2024: 0.21605868561298797}",0.08472420918451641,0.47867120535283053,0.6089112963531746,0.5170792616119685,0.08472420918451641,0.36731650738409366,"[0.7358458084283871, 1.3990164821868072, 0.08472420918451641, 0.21605868561298797]",0.39182994052848963,0.67213249844242,-0.2999753585325996
daily_static,"{'n_triangles': 10, 'window': 105, 'entry_z': 2.0, 'exit_z': 0.5, 'weight_cap': 0.15, 'adf_max': 0.05}",0.6426673226369054,0.13974306468882625,-0.24322435848011237,1827,0.24851344409190812,"{2020: nan, 2021: 0.7478128818756118, 2022: 1.3138488359779612, 2023: 0.017702535361259236, 2024: 0.30642070277503325}",0.017702535361259236,0.46170039652667383,0.5964462389974664,0.4890392195136864,0.017702535361259236,0.3554671363128751,"[0.7478128818756118, 1.3138488359779612, 0.017702535361259236, 0.30642070277503325]",0.3783487157991769,0.6450460614138603,-0.24322435848011237
daily_static,"{'n_triangles': 10, 'window': 90, 'entry_z': 2.25, 'exit_z': 0.75, 'weight_cap': 0.2, 'adf_max': 0.05}",0.6462830682012198,0.1660586087871947,-0.29746917000306705,1827,0.3017850720865976,"{2020: nan, 2021: 1.0369653635898766, 2022: 1.126271920177002, 2023: -0.00969657465563535, 2024: 0.18760075804865153}",-0.00969657465563535,0.45425612179412317,0.5852853667899737,0.5022045970346302,-0.00969657465563535,0.3322437533415315,"[1.0369653635898766, 1.126271920177002, -0.00969657465563535, 0.18760075804865153]",0.3651565231907402,0.6559382080979309,-0.29746917000306705
daily_static,"{'n_triangles': 8, 'window': 90, 'entry_z': 2.0, 'exit_z': 0.75, 'weight_cap': 0.15, 'adf_max': 0.05}",0.6705090189780252,0.12221683538063988,-0.21772054380070383,1827,0.20025329960937396,"{2020: nan, 2021: 1.1542038069715737, 2022: 1.1052671396386071, 2023: -0.06287793736268786, 2024: 0.23161393110803913}",-0.06287793736268786,0.4614787151583499,0.607051735088883,0.5332338346788381,-0.06287793736268786,0.32785923027692637,"[1.1542038069715737, 1.1052671396386071, -0.06287793736268786, 0.23161393110803913]",0.36227623019774785,0.6625201606373068,-0.21772054380070383
daily_static,"{'n_triangles': 8, 'window': 90, 'entry_z': 2.0, 'exit_z': 0.5, 'weight_cap': 0.15, 'adf_max': 0.05}",0.6079940180495307,0.10983751803239228,-0.21567434923017548,1827,0.2037726899901437,"{2020: nan, 2021: 0.9393135943439885, 2022: 1.1106724095588711, 2023: 0.047722294892729576, 2024: 0.12169308718026876}",0.047722294892729576,0.43679750104971393,0.5548503464939646,0.4747510470641784,0.047722294892729576,0.3270192819404213,"[0.9393135943439885, 1.1106724095588711, 0.047722294892729576, 0.12169308718026876]",0.3546953742564901,0.6294944617987321,-0.21567434923017548
daily_static,"{'n_triangles': 8, 'window': 90, 'entry_z': 2.0, 'exit_z': 0.75, 'weight_cap': 0.2, 'adf_max': 0.05}",0.6596887308650726,0.15340077630126658,-0.2845200828632738,1827,0.26648331198520964,"{2020: nan, 2021: 1.1542038069715734, 2022: 1.1052671396386078, 2023: -0.08631208231338272, 2024: 0.17180599937046093}",-0.08631208231338272,0.44304822888225776,0.5862412159168149,0.5513741701437953,-0.08631208231338272,0.29329171438224066,"[1.1542038069715734, 1.1052671396386078, -0.08631208231338272, 0.17180599937046093]",0.33769741768768774,0.6503514057113537,-0.2845200828632738
daily_static,"{'n_triangles': 10, 'window': 120, 'entry_z': 2.25, 'exit_z': 0.75, 'weight_cap': 0.15, 'adf_max': 0.05}",0.5013471220180578,0.0863824197912133,-0.2877990473557933,1827,0.20665515142228244,"{2020: nan, 2021: 0.9153142096445293, 2022: 0.854614532515189, 2023: 0.1500048839298625, 2024: 0.1182178901398097}",0.1182178901398097,0.3899038740706505,0.5095378790573476,0.3762072685163802,0.1182178901398097,0.34507782282711946,"[0.9153142096445293, 0.854614532515189, 0.1500048839298625, 0.1182178901398097]",0.3352243687283496,0.5094537741051698,-0.2877990473557933
daily_static,"{'n_triangles': 8, 'window': 90, 'entry_z': 2.25, 'exit_z': 0.5, 'weight_cap': 0.15, 'adf_max': 0.05}",0.4991622577260788,0.0789592172627458,-0.21266944569732282,1827,0.18511472222521844,"{2020: nan, 2021: 0.7646688393765088, 2022: 0.8412034359748974, 2023: 0.3395858350820793, 2024: 0.047170148887516146}",0.047170148887516146,0.38261609973767335,0.49815706483025046,0.3229718919591505,0.047170148887516146,0.3461051486281785,"[0.7646688393765088, 0.8412034359748974, 0.3395858350820793, 0.047170148887516146]",0.3315756568755828,0.5403900323722717,-0.21266944569732282
daily_static,"{'n_triangles': 12, 'window': 105, 'entry_z': 2.0, 'exit_z': 0.5, 'weight_cap': 0.2, 'adf_max': 0.05}",0.5876418139558324,0.14429479151974545,-0.29648769396612473,1827,0.303204467893438,"{2020: nan, 2021: 0.45758764310678457, 2022: 1.3155924218150992, 2023: 0.5386730377484632, 2024: -0.04806092526040824}",-0.04806092526040824,0.41262117885155464,0.5659480443524847,0.48771395560558234,-0.04806092526040824,0.3124788814976119,"[0.45758764310678457, 1.3155924218150992, 0.5386730377484632, -0.04806092526040824]",0.3315031643664784,0.5880065228717894,-0.29648769396612473
daily_static,"{'n_triangles': 10, 'window': 120, 'entry_z': 2.25, 'exit_z': 0.75, 'weight_cap': 0.2, 'adf_max': 0.05}",0.5148915460957962,0.10941940030538522,-0.36212087521963066,1827,0.2699790093591569,"{2020: nan, 2021: 0.8700731273651006, 2022: 0.9028361154283917, 2023: 0.20043739530661267, 2024: 0.08752581888651802}",0.08752581888651802,0.37060945405857515,0.5152181142466558,0.3735563530788393,0.08752581888651802,0.3459451014845397,"[0.8700731273651006, 0.9028361154283917, 0.20043739530661267, 0.08752581888651802]",0.3249159852518052,0.5210409002040598,-0.36212087521963066
daily_static,"{'n_triangles': 8, 'window': 90, 'entry_z': 2.0, 'exit_z': 0.5, 'weight_cap': 0.2, 'adf_max': 0.05}",0.5912460174975629,0.1341766937141704,-0.2821544876029176,1827,0.27095085913398614,"{2020: nan, 2021: 0.9393135943439885, 2022: 1.1132560577723631, 2023: 0.02572571642538903, 2024: 0.017404326478909007}",0.017404326478909007,0.4090556327645782,0.5239249237551625,0.50611868638311,0.017404326478909007,0.27434644585938933,"[0.9393135943439885, 1.1132560577723631, 0.02572571642538903, 0.017404326478909007]",0.32100185407130427,0.6108102647472603,-0.2821544876029176
daily_static,"{'n_triangles': 10, 'window': 90, 'entry_z': 2.25, 'exit_z': 0.5, 'weight_cap': 0.15, 'adf_max': 0.05}",0.5952997584306852,0.12056848284071253,-0.24480718717332073,1827,0.2342228627652204,"{2020: nan, 2021: 0.922913204111459, 2022: 1.0258517195264583, 2023: -0.11084041071113515, 2024: 0.38194991932505906}",-0.11084041071113515,0.40893667976541614,0.5549686080629603,0.4556180545578567,-0.11084041071113515,0.3049914986418049,"[0.922913204111459, 1.0258517195264583, -0.11084041071113515, 0.38194991932505906]",0.3205781573244971,0.6197303091435133,-0.24480718717332073
daily_static,"{'n_triangles': 12, 'window': 120, 'entry_z': 2.5, 'exit_z': 0.5, 'weight_cap': 0.15, 'adf_max': 0.05}",0.5020261455691261,0.08839902727995419,-0.3368482976040197,1827,0.21377835543740853,"{2020: nan, 2021: 0.761953974146639, 2022: 0.6281185729073331, 2023: 1.2388484082443245, 2024: -0.11930973713920517}",-0.11930973713920517,0.37335512348472183,0.6274028045397728,0.4872242491289906,-0.11930973713920517,0.35992873254743646,"[0.761953974146639, 0.6281185729073331, 1.2388484082443245, -0.11930973713920517]",0.3193894005942792,0.5064995956264802,-0.3368482976040197
daily_static,"{'n_triangles': 8, 'window': 90, 'entry_z': 2.25, 'exit_z': 0.75, 'weight_cap': 0.15, 'adf_max': 0.05}",0.5372809941057632,0.08516587255456498,-0.21382000311985883,1827,0.18137492661335544,"{2020: nan, 2021: 0.9315129913834994, 2022: 0.8817221562687321, 2023: 0.20818881983409807, 2024: -0.004264589116873545}",-0.004264589116873545,0.3847031351977875,0.504289844592364,0.4096578438037363,-0.004264589116873545,0.29860800486712114,"[0.9315129913834994, 0.8817221562687321, 0.20818881983409807, -0.004264589116873545]",0.3156730671505882,0.5517969482974477,-0.21382000311985883
daily_static,"{'n_triangles': 10, 'window': 105, 'entry_z': 2.5, 'exit_z': 0.5, 'weight_cap': 0.15, 'adf_max': 0.05}",0.42471457778471855,0.06081527247046137,-0.2535205446401252,1827,0.17465104561250552,"{2020: nan, 2021: 0.7151809452649934, 2022: 0.6648236100586978, 2023: 0.09362759561743299, 2024: 0.351501224622548}",0.09362759561743299,0.3467966760835033,0.45628334389091807,0.25150322805321523,0.09362759561743299,0.34925724898779703,"[0.7151809452649934, 0.6648236100586978, 0.09362759561743299, 0.351501224622548]",0.31297820899165574,0.44966464093544445,-0.2535205446401252
daily_static,"{'n_triangles': 10, 'window': 105, 'entry_z': 2.5, 'exit_z': 0.5, 'weight_cap': 0.2, 'adf_max': 0.05}",0.41108893147648357,0.07017076214475093,-0.32559991657664733,1827,0.22737846232810127,"{2020: nan, 2021: 0.6125111897430318, 2022: 0.6981396672711887, 2023: 0.12621926164080055, 2024: 0.2897606250183588}",0.12621926164080055,0.3395797476441199,0.4316576859183449,0.2329957312637975,0.12621926164080055,0.3404036726146063,"[0.6125111897430318, 0.6981396672711887, 0.12621926164080055, 0.2897606250183588]",0.30591014661937815,0.4362572313191076,-0.32559991657664733
daily_static,"{'n_triangles': 10, 'window': 90, 'entry_z': 2.5, 'exit_z': 0.75, 'weight_cap': 0.15, 'adf_max': 0.05}",0.5575501859514951,0.09858476820024453,-0.2601814420978469,1827,0.20360012149319226,"{2020: nan, 2021: 1.063527188414719, 2022: 0.9463943032923826, 2023: 0.4112308999735921, 2024: -0.148854081602368}",-0.148854081602368,0.38252899970028115,0.5680745775195813,0.4814524239237359,-0.148854081602368,0.2975775492372398,"[1.063527188414719, 0.9463943032923826, 0.4112308999735921, -0.148854081602368]",0.2996576839079518,0.5509004895784859,-0.2601814420978469
daily_static,"{'n_triangles': 10, 'window': 105, 'entry_z': 2.25, 'exit_z': 0.5, 'weight_cap': 0.15, 'adf_max': 0.05}",0.5131354696146454,0.08225362451008777,-0.2403763509670953,1827,0.18834813900981345,"{2020: nan, 2021: 0.9163697507963185, 2022: 0.9931438359160558, 2023: -0.02618695672592826, 2024: 0.16458879405462723}",-0.02618695672592826,0.36458398201573644,0.5119788560102683,0.44870759711006525,-0.02618695672592826,0.28238766611005,"[0.9163697507963185, 0.9931438359160558, -0.02618695672592826, 0.16458879405462723]",0.2967381775745797,0.5368029777893307,-0.2403763509670953
daily_static,"{'n_triangles': 8, 'window': 90, 'entry_z': 2.25, 'exit_z': 0.5, 'weight_cap': 0.2, 'adf_max': 0.05}",0.4839287796972747,0.09468150704927258,-0.2759180200125385,1827,0.24627507432750745,"{2020: nan, 2021: 0.7646688393765089, 2022: 0.841203435974898, 2023: 0.33958583508207923, 2024: -0.053564493368502546}",-0.053564493368502546,0.3461582544398659,0.4729734042662459,0.3590661444548909,-0.053564493368502546,0.2827274333651,"[0.7646688393765089, 0.841203435974898, 0.33958583508207923, -0.053564493368502546]",0.283985192282861,0.5231135660809598,-0.2759180200125385
daily_static,"{'n_triangles': 8, 'window': 90, 'entry_z': 2.25, 'exit_z': 0.75, 'weight_cap': 0.2, 'adf_max': 0.05}",0.5278733926964182,0.10510157751742444,-0.2772009132425538,1827,0.24148589443824386,"{2020: nan, 2021: 0.9315129913834993, 2022: 0.8817221562687321, 2023: 0.20818881983409798, 2024: -0.06820395722114184}",-0.06820395722114184,0.3621009682444248,0.48830500256629694,0.4299353661688204,-0.06820395722114184,0.2596965280376584,"[0.9315129913834993, 0.8817221562687321, 0.20818881983409798, -0.06820395722114184]",0.2832289216254999,0.540219119877367,-0.2772009132425538
daily_static,"{'n_triangles': 10, 'window': 105, 'entry_z': 2.25, 'exit_z': 0.5, 'weight_cap': 0.2, 'adf_max': 0.05}",0.5069408367211179,0.0993733519517146,-0.30229859462856856,1827,0.24613086247894603,"{2020: nan, 2021: 0.8726475815792455, 2022: 1.0582144076617916, 2023: -0.0030580129857373504, 2024: 0.02920408365245481}",-0.0030580129857373504,0.35301244925607234,0.48925201497693865,0.4808127565717565,-0.0030580129857373504,0.24823403409391295,"[0.8726475815792455, 1.0582144076617916, -0.0030580129857373504, 0.02920408365245481]",0.2807329577251356,0.5296863572174366,-0.30229859462856856
daily_static,"{'n_triangles': 10, 'window': 90, 'entry_z': 2.0, 'exit_z': 0.5, 'weight_cap': 0.15, 'adf_max': 0.05}",0.6912392534825367,0.16031132118599678,-0.255942876716732,1827,0.2600594340864094,"{2020: nan, 2021: 1.102893447518045, 2022: 1.2690425722232814, 2023: -0.34309469603183795, 2024: 0.4438853352860604}",-0.34309469603183795,0.41891902368610906,0.6181816647488872,0.6350190716611778,-0.34309469603183795,0.23205318971193079,"[1.102893447518045, 1.2690425722232814, -0.34309469603183795, 0.4438853352860604]",0.277314609823352,0.7077305432280343,-0.255942876716732
daily_static,"{'n_triangles': 10, 'window': 90, 'entry_z': 2.25, 'exit_z': 0.5, 'weight_cap': 0.2, 'adf_max': 0.05}",0.5861469473781564,0.14726734036884603,-0.31067677506864055,1827,0.3086491593283785,"{2020: nan, 2021: 0.9213506249522998, 2022: 1.057831014664764, 2023: -0.17255650130887276, 2024: 0.2876304730625481}",-0.17255650130887276,0.3791718159168387,0.5235639028426848,0.4959646719841457,-0.17255650130887276,0.2410702665888374,"[0.9213506249522998, 1.057831014664764, -0.17255650130887276, 0.2876304730625481]",0.2756634419294671,0.6102520490763249,-0.31067677506864055
daily_static,"{'n_triangles': 8, 'window': 120, 'entry_z': 2.5, 'exit_z': 0.5, 'weight_cap': 0.15, 'adf_max': 0.05}",0.4353550555243217,0.058327587201537856,-0.26315487742725985,1827,0.15932053808556523,"{2020: nan, 2021: 0.6589350829715549, 2022: 0.6085752644811007, 2023: 0.9568646503525077, 2024: -0.11014589452763689}",-0.11014589452763689,0.3226841605460218,0.5285572758193816,0.392042790393494,-0.11014589452763689,0.31050670171710726,"[0.6589350829715549, 0.6085752644811007, 0.9568646503525077, -0.11014589452763689]",0.2751390444485359,0.5170842646079737,-0.26315487742725985
daily_static,"{'n_triangles': 10, 'window': 90, 'entry_z': 2.0, 'exit_z': 0.75, 'weight_cap': 0.15, 'adf_max': 0.05}",0.7017754282520943,0.16070980043718608,-0.2537650212583361,1827,0.2546744810156285,"{2020: nan, 2021: 1.2009253131857347, 2022: 1.2121554987990475, 2023: -0.3939244803342808, 2024: 0.5346774040248823}",-0.3939244803342808,0.4200042437065446,0.6384584339188459,0.6561406663841264,-0.3939244803342808,0.23160320465992656,"[1.2009253131857347, 1.2121554987990475, -0.3939244803342808, 0.5346774040248823]",0.27267100763614577,0.7020977434009323,-0.2537650212583361
daily_static,"{'n_triangles': 12, 'window': 120, 'entry_z': 2.0, 'exit_z': 0.5, 'weight_cap': 0.15, 'adf_max': 0.05}",0.4925958620775026,0.09376433289427122,-0.3367378837496302,1827,0.23987481348664133,"{2020: nan, 2021: 0.8608910114884711, 2022: 0.8289425228533297, 2023: 0.539387471511857, 2024: -0.15882221574138317}",-0.15882221574138317,0.34086580109512754,0.5175996975280687,0.41012333296474673,-0.15882221574138317,0.2807735878974187,"[0.8608910114884711, 0.8289425228533297, 0.539387471511857, -0.15882221574138317]",0.26986472479227835,0.5081182490831958,-0.3367378837496302
daily_static,"{'n_triangles': 8, 'window': 120, 'entry_z': 2.5, 'exit_z': 0.5, 'weight_cap': 0.2, 'adf_max': 0.05}",0.43353788765938234,0.07197482596890303,-0.3402216160491792,1827,0.21235555641540968,"{2020: nan, 2021: 0.6589350829715548, 2022: 0.6085752644811009, 2023: 0.9568646503525073, 2024: -0.12131571506188477}",-0.12131571506188477,0.3184885922894961,0.5257648206858195,0.39659556579751565,-0.12131571506188477,0.30320389477468473,"[0.6589350829715548, 0.6085752644811009, 0.9568646503525073, -0.12131571506188477]",0.26915851742417407,0.5145131060174113,-0.3402216160491792
daily_static,"{'n_triangles': 8, 'window': 120, 'entry_z': 2.0, 'exit_z': 0.5, 'weight_cap': 0.15, 'adf_max': 0.05}",0.48586594079616385,0.07375022422749278,-0.25675444217760157,1827,0.17948349957285106,"{2020: nan, 2021: 0.8166711533286471, 2022: 0.84919333891644, 2023: 0.5378834077362483, 2024: -0.15756129299554858}",-0.15756129299554858,0.3363336070477243,0.5115466517464468,0.4048164130984504,-0.15756129299554858,0.27762618659811183,"[0.8166711533286471, 0.84919333891644, 0.5378834077362483, -0.15756129299554858]",0.2663965198860327,0.5805914058774069,-0.25675444217760157
daily_static,"{'n_triangles': 8, 'window': 120, 'entry_z': 2.0, 'exit_z': 0.5, 'weight_cap': 0.2, 'adf_max': 0.05}",0.4852130976059132,0.09125216426126892,-0.3325482460406566,1827,0.238383795447314,"{2020: nan, 2021: 0.8166711533286467, 2022: 0.8471719510109, 2023: 0.5353237665234633, 2024: -0.16422678163630036}",-0.16422678163630036,0.3337874437696757,0.5087350223066774,0.40710832906756494,-0.16422678163630036,0.2723355014456349,"[0.8166711533286467, 0.8471719510109, 0.5353237665234633, -0.16422678163630036]",0.2624778414156638,0.576190203618951,-0.3325482460406566
daily_static,"{'n_triangles': 10, 'window': 90, 'entry_z': 2.5, 'exit_z': 0.75, 'weight_cap': 0.2, 'adf_max': 0.05}",0.5428949242508323,0.11917714612350205,-0.32742490108519406,1827,0.2689455284555415,"{2020: nan, 2021: 1.0782977128178433, 2022: 0.955165678275942, 2023: 0.327132189167138, 2024: -0.19979115738333783}",-0.19979115738333783,0.35365881285450224,0.5402011057193964,0.5135003572784922,-0.19979115738333783,0.24349269560348272,"[1.0782977128178433, 0.955165678275942, 0.327132189167138, -0.19979115738333783]",0.25975567479286144,0.5425569081441795,-0.32742490108519406
daily_static,"{'n_triangles': 10, 'window': 90, 'entry_z': 2.5, 'exit_z': 0.5, 'weight_cap': 0.15, 'adf_max': 0.05}",0.4706908829967142,0.0811110189218176,-0.2692457714415901,1827,0.20990227458966526,"{2020: nan, 2021: 0.8651744918675455, 2022: 0.8530101305587927, 2023: 0.15172615186979074, 2024: -0.059447937533872786}",-0.059447937533872786,0.32375266266471375,0.45261570919056404,0.4132989674037824,-0.059447937533872786,0.2340766379818983,"[0.8651744918675455, 0.8530101305587927, 0.15172615186979074, -0.059447937533872786]",0.2540459940058697,0.4916449633974385,-0.2692457714415901
daily_static,"{'n_triangles': 12, 'window': 105, 'entry_z': 2.0, 'exit_z': 0.5, 'weight_cap': 0.15, 'adf_max': 0.05}",0.5149983009207478,0.10768773499976292,-0.27625866431685564,1827,0.26170007822599384,"{2020: nan, 2021: 0.44924343263396016, 2022: 1.1884103847596226, 2023: 0.2970605189690912, 2024: -0.089406480010804}",-0.089406480010804,0.33872096886534825,0.4613269640879675,0.46343475910555154,-0.089406480010804,0.2117282885330309,"[0.44924343263396016, 1.1884103847596226, 0.2970605189690912, -0.089406480010804]",0.25146078586142195,0.5087392683953676,-0.27625866431685564
daily_static,"{'n_triangles': 10, 'window': 90, 'entry_z': 2.0, 'exit_z': 0.5, 'weight_cap': 0.2, 'adf_max': 0.05}",0.672868021903833,0.18274294771308197,-0.3250515950681291,1827,0.31884060295540695,"{2020: nan, 2021: 1.1029176650279415, 2022: 1.2707345526796967, 2023: -0.35587381188170986, 2024: 0.32127015267812853}",-0.35587381188170986,0.3945307780346974,0.5847621396260143,0.6506280274530574,-0.35587381188170986,0.18827336352314367,"[1.1029176650279415, 1.2707345526796967, -0.35587381188170986, 0.32127015267812853]",0.24730022396401288,0.6984371990442838,-0.3250515950681291
daily_static,"{'n_triangles': 12, 'window': 90, 'entry_z': 2.25, 'exit_z': 0.75, 'weight_cap': 0.15, 'adf_max': 0.05}",0.5116849662170458,0.10060015915720277,-0.28248653047022065,1827,0.24077726271954028,"{2020: nan, 2021: 0.8135143016973418, 2022: 0.9196243011860609, 2023: 0.3860689192188477, 2024: -0.18456075589679066}",-0.18456075589679066,0.3336768831528386,0.48366169155136485,0.43442828231618325,-0.18456075589679066,0.22953539921391508,"[0.8135143016973418, 0.9196243011860609, 0.3860689192188477, -0.18456075589679066]",0.24540359986925245,0.5054755572930987,-0.28248653047022065
daily_static,"{'n_triangles': 12, 'window': 120, 'entry_z': 2.5, 'exit_z': 0.5, 'weight_cap': 0.2, 'adf_max': 0.05}",0.5166653339046581,0.11133371584041085,-0.4221573707241709,1827,0.2788893157385904,"{2020: nan, 2021: 0.7619539741466388, 2022: 0.6675998375585156, 2023: 1.3887237936003292, 2024: -0.16139771084902552}",-0.16139771084902552,0.23219936852216372,0.6642199736141146,0.5513877275595795,-0.16139771084902552,0.3562465676645197,"[0.7619539741466388, 0.6675998375585156, 1.3887237936003292, -0.16139771084902552]",0.2362561802848694,0.5216259409247291,-0.4221573707241709
daily_static,"{'n_triangles': 12, 'window': 90, 'entry_z': 2.25, 'exit_z': 0.5, 'weight_cap': 0.2, 'adf_max': 0.05}",0.4510248978400743,0.10163033672172705,-0.36049181501190164,1827,0.3210198944641574,"{2020: nan, 2021: 0.6888738300978495, 2022: 0.849794572926269, 2023: 0.1296509291233393, 2024: -0.04417711425951181}",-0.04417711425951181,0.28634013425824945,0.4060355544719865,0.3728268582177154,-0.04417711425951181,0.21078670251122647,"[0.6888738300978495, 0.849794572926269, 0.1296509291233393, -0.04417711425951181]",0.22684470829501527,0.4715625487163828,-0.36049181501190164
daily_static,"{'n_triangles': 10, 'window': 90, 'entry_z': 2.5, 'exit_z': 0.5, 'weight_cap': 0.2, 'adf_max': 0.05}",0.46379574842591476,0.09731674385455813,-0.3370000089614009,1827,0.27723149116137863,"{2020: nan, 2021: 0.8691840178806719, 2022: 0.8684132174725259, 2023: 0.11510559242128175, 2024: -0.10726458490620121}",-0.10726458490620121,0.30397667428933905,0.4363595607170696,0.4395277854940319,-0.10726458490620121,0.19514275098881342,"[0.8691840178806719, 0.8684132174725259, 0.11510559242128175, -0.10726458490620121]",0.22476067521460105,0.48985026000473936,-0.3370000089614009
daily_static,"{'n_triangles': 12, 'window': 120, 'entry_z': 2.0, 'exit_z': 0.5, 'weight_cap': 0.2, 'adf_max': 0.05}",0.5263283892270951,0.12121146930354265,-0.42431826705093467,1827,0.30543696251265917,"{2020: nan, 2021: 0.8431773116427841, 2022: 0.8371189990420662, 2023: 0.7627205092985252, 2024: -0.15828138256404684}",-0.15828138256404684,0.225104988811619,0.5711838593548322,0.42234694388837724,-0.15828138256404684,0.3283541108978342,"[0.8431773116427841, 0.8371189990420662, 0.7627205092985252, -0.15828138256404684]",0.22290354440422772,0.5571699610386803,-0.42431826705093467
daily_static,"{'n_triangles': 10, 'window': 90, 'entry_z': 2.0, 'exit_z': 0.75, 'weight_cap': 0.2, 'adf_max': 0.05}",0.6730465640781014,0.1797437486179767,-0.32536798243624143,1827,0.31161830278600455,"{2020: nan, 2021: 1.20417990315953, 2022: 1.1913671703710593, 2023: -0.4328182284790612, 2024: 0.38341769138935716}",-0.4328182284790612,0.37982105508218456,0.5865366341102213,0.675952074146523,-0.4328182284790612,0.1619969513411475,"[1.20417990315953, 1.1913671703710593, -0.4328182284790612, 0.38341769138935716]",0.22231869041669702,0.6828165034640222,-0.32536798243624143
daily_static,"{'n_triangles': 12, 'window': 120, 'entry_z': 2.5, 'exit_z': 0.75, 'weight_cap': 0.15, 'adf_max': 0.05}",0.44318257738859684,0.07383416925353248,-0.3266864729736364,1827,0.20994688135985823,"{2020: nan, 2021: 0.8467814190661603, 2022: 0.6528588233008875, 2023: 0.8314031018944384, 2024: -0.2562038446935666}",-0.2562038446935666,0.2928562983437373,0.5187098748919798,0.45384336655699975,-0.2562038446935666,0.24054742267476664,"[0.8467814190661603, 0.6528588233008875, 0.8314031018944384, -0.2562038446935666]",0.21964217755586718,0.44299712257783563,-0.3266864729736364
daily_static,"{'n_triangles': 12, 'window': 90, 'entry_z': 2.0, 'exit_z': 0.5, 'weight_cap': 0.2, 'adf_max': 0.05}",0.5346225604141887,0.1342596923091144,-0.38029977234145185,1827,0.33239730072796636,"{2020: nan, 2021: 0.8382316929003876, 2022: 1.0456315339345512, 2023: -0.11571380880801424, 2024: 0.08212035006287988}",-0.11571380880801424,0.2813622791970141,0.46256744202245104,0.48995830422279435,-0.11571380880801424,0.194445528149451,"[0.8382316929003876, 1.0456315339345512, -0.11571380880801424, 0.08212035006287988]",0.2112338075298642,0.5645909433159839,-0.38029977234145185
daily_static,"{'n_triangles': 12, 'window': 90, 'entry_z': 2.25, 'exit_z': 0.75, 'weight_cap': 0.2, 'adf_max': 0.05}",0.5033647590938778,0.1188985031226204,-0.3479750954211547,1827,0.3143612420532442,"{2020: nan, 2021: 0.8367832590491029, 2022: 0.93846419511805, 2023: 0.2889838585849408, 2024: -0.24709579716494895}",-0.24709579716494895,0.304920405321132,0.45428387889678623,0.4743400418319622,-0.24709579716494895,0.16769469854781532,"[0.8367832590491029, 0.93846419511805, 0.2889838585849408, -0.24709579716494895]",0.20168978770186308,0.4999540318484763,-0.3479750954211547
daily_static,"{'n_triangles': 12, 'window': 90, 'entry_z': 2.25, 'exit_z': 0.5, 'weight_cap': 0.15, 'adf_max': 0.05}",0.42047738142382474,0.0779111220696691,-0.2953706110940433,1827,0.24726337263995263,"{2020: nan, 2021: 0.6694882110068603, 2022: 0.8154599024437087, 2023: 0.1269117524754602, 2024: -0.11217266490763249}",-0.11217266490763249,0.26981395141694964,0.3749218002545992,0.3806616580425928,-0.11217266490763249,0.1621564382517763,"[0.6694882110068603, 0.8154599024437087, 0.1269117524754602, -0.11217266490763249]",0.1939351601766808,0.4449266975800065,-0.2953706110940433
daily_static,"{'n_triangles': 12, 'window': 120, 'entry_z': 2.25, 'exit_z': 0.5, 'weight_cap': 0.15, 'adf_max': 0.05}",0.43082255252271107,0.07508234989382578,-0.3465848117619461,1827,0.2273809463893372,"{2020: nan, 2021: 0.7422016086846369, 2022: 0.6744773769752138, 2023: 0.8819635865469085, 2024: -0.3000755625240665}",-0.3000755625240665,0.2716726867220167,0.4996417524206732,0.46773939008710913,-0.3000755625240665,0.20575694487230534,"[0.7422016086846369, 0.6744773769752138, 0.8819635865469085, -0.3000755625240665]",0.19142735215000944,0.39074314222895007,-0.3465848117619461
daily_static,"{'n_triangles': 12, 'window': 90, 'entry_z': 2.0, 'exit_z': 0.75, 'weight_cap': 0.15, 'adf_max': 0.05}",0.5415455810001222,0.11797229686278454,-0.2971649982035154,1827,0.2671999827867,"{2020: nan, 2021: 0.9635430493400166, 2022: 1.0406938580222493, 2023: -0.272537751236208, 2024: 0.08210138690983114}",-0.272537751236208,0.3084834647077911,0.45345013575897225,0.5634732192302436,-0.272537751236208,0.11720597589660883,"[0.9635430493400166, 1.0406938580222493, -0.272537751236208, 0.08210138690983114]",0.1834342220294774,0.5451941885154861,-0.2971649982035154
daily_static,"{'n_triangles': 8, 'window': 120, 'entry_z': 2.25, 'exit_z': 0.5, 'weight_cap': 0.15, 'adf_max': 0.05}",0.4044169586691891,0.056267752809971316,-0.26529708424675724,1827,0.17155838347529895,"{2020: nan, 2021: 0.7538056563647156, 2022: 0.6636105499159023, 2023: 0.6394768187843646, 2024: -0.2597474567361222}",-0.2597474567361222,0.2565172270956712,0.4492863920822151,0.4115726619108602,-0.2597474567361222,0.19155056977956053,"[0.7538056563647156, 0.6636105499159023, 0.6394768187843646, -0.2597474567361222]",0.18215242865185316,0.482761452724332,-0.26529708424675724
daily_static,"{'n_triangles': 12, 'window': 90, 'entry_z': 2.0, 'exit_z': 0.5, 'weight_cap': 0.15, 'adf_max': 0.05}",0.5210548721804189,0.11364460828676437,-0.30523196696264854,1827,0.2735752084585047,"{2020: nan, 2021: 0.8193607287531003, 2022: 1.0826788404826533, 2023: -0.23915821145255892, 2024: 0.05933870309443666}",-0.23915821145255892,0.29899969327504045,0.43055501521940776,0.5391550618141902,-0.23915821145255892,0.11314584202180089,"[0.8193607287531003, 1.0826788404826533, -0.23915821145255892, 0.05933870309443666]",0.18013505486364667,0.5452115349886613,-0.30523196696264854
daily_static,"{'n_triangles': 8, 'window': 120, 'entry_z': 2.25, 'exit_z': 0.5, 'weight_cap': 0.2, 'adf_max': 0.05}",0.40567394319475175,0.06893966196422707,-0.34153728229119995,1827,0.2282875945665603,"{2020: nan, 2021: 0.7538056563647159, 2022: 0.669550690672732, 2023: 0.6392747396347214, 2024: -0.2691675507580163}",-0.2691675507580163,0.25479706854494916,0.4483658839785382,0.41638821861348896,-0.2691675507580163,0.18633826452019048,"[0.7538056563647159, 0.669550690672732, 0.6392747396347214, -0.2691675507580163]",0.1784400252059871,0.47943192292328957,-0.34153728229119995
daily_static,"{'n_triangles': 8, 'window': 105, 'entry_z': 2.0, 'exit_z': 0.5, 'weight_cap': 0.15, 'adf_max': 0.05}",0.4448802526959875,0.06866706572998682,-0.21573825160872973,1827,0.1880535986318589,"{2020: nan, 2021: 0.3522709783690374, 2022: 1.1203600729350838, 2023: 0.3338888325984577, 2024: -0.1854334078727484}",-0.1854334078727484,0.2685681386694373,0.4052716190074576,0.46588316556453924,-0.1854334078727484,0.1352433546506383,"[0.3522709783690374, 1.1203600729350838, 0.3338888325984577, -0.1854334078727484]",0.17650430960863908,0.4792759331280229,-0.21573825160872973
daily_static,"{'n_triangles': 12, 'window': 90, 'entry_z': 2.0, 'exit_z': 0.75, 'weight_cap': 0.2, 'adf_max': 0.05}",0.5286976627713422,0.1303896128256028,-0.3725828014037318,1827,0.3253498740975026,"{2020: nan, 2021: 0.987144644449164, 2022: 0.9863673908496663, 2023: -0.20241509623856635, 2024: -0.002881690437705186}",-0.20241509623856635,0.2654842583578247,0.44205381215563977,0.5492515504657127,-0.20241509623856635,0.12694501767507013,"[0.987144644449164, 0.9863673908496663, -0.20241509623856635, -0.002881690437705186]",0.17020558865922147,0.5437606099883306,-0.3725828014037318
daily_static,"{'n_triangles': 8, 'window': 120, 'entry_z': 2.5, 'exit_z': 0.75, 'weight_cap': 0.15, 'adf_max': 0.05}",0.38601245483598506,0.049419017093796924,-0.2440166037081365,1827,0.15673993067742842,"{2020: nan, 2021: 0.6650779324910051, 2022: 0.6946196783560326, 2023: 0.5676940610737489, 2024: -0.25977653849636173}",-0.25977653849636173,0.23938738626958178,0.4169037833561062,0.39349412081725077,-0.25977653849636173,0.16820141524820845,"[0.6650779324910051, 0.6946196783560326, 0.5676940610737489, -0.25977653849636173]",0.1645559039355068,0.4592249193221333,-0.2440166037081365
daily_static,"{'n_triangles': 8, 'window': 120, 'entry_z': 2.5, 'exit_z': 0.75, 'weight_cap': 0.2, 'adf_max': 0.05}",0.3841506878621844,0.06014799404863336,-0.3171106155311486,1827,0.2089134988944963,"{2020: nan, 2021: 0.6650779324910051, 2022: 0.6946196783560329, 2023: 0.5676940610737489, 2024: -0.271567302015939}",-0.271567302015939,0.23495006411378971,0.41395609247621196,0.39856364433923014,-0.271567302015939,0.1603608099034091,"[0.6650779324910051, 0.6946196783560329, 0.5676940610737489, -0.271567302015939]",0.1581920885271836,0.4576558667783004,-0.3171106155311486
daily_static,"{'n_triangles': 12, 'window': 105, 'entry_z': 2.25, 'exit_z': 0.5, 'weight_cap': 0.15, 'adf_max': 0.05}",0.3517648151572996,0.05231168999757396,-0.2899101795832565,1827,0.20503309997404212,"{2020: nan, 2021: 0.5360929175698943, 2022: 0.7797182266660367, 2023: 0.22341909555266792, 2024: -0.16537182675337042}",-0.16537182675337042,0.21863157547348444,0.3434646032588072,0.3538178655177796,-0.16537182675337042,0.13348130514924328,"[0.5360929175698943, 0.7797182266660367, 0.22341909555266792, -0.16537182675337042]",0.15042864063731454,0.33958722558001386,-0.2899101795832565
daily_static,"{'n_triangles': 12, 'window': 120, 'entry_z': 2.5, 'exit_z': 0.75, 'weight_cap': 0.2, 'adf_max': 0.05}",0.4553497279953592,0.09155846133225509,-0.4104514948468153,1827,0.27420651670786333,"{2020: nan, 2021: 0.8467814190661606, 2022: 0.6902155355777977, 2023: 0.9714469072254516, 2024: -0.3232742650775924}",-0.3232742650775924,0.168160332042061,0.5462923991979544,0.5118373910633559,-0.3232742650775924,0.22571885065075792,"[0.8467814190661606, 0.6902155355777977, 0.9714469072254516, -0.3232742650775924]",0.13916235384313957,0.4554751754650082,-0.4104514948468153
daily_static,"{'n_triangles': 10, 'window': 120, 'entry_z': 2.0, 'exit_z': 0.75, 'weight_cap': 0.2, 'adf_max': 0.05}",0.5035482322765263,0.10891134855551576,-0.3547126529794089,1827,0.28173590939245896,"{2020: nan, 2021: 1.0223801440028868, 2022: 1.0255296737629613, 2023: -0.3608770024482489, 2024: 0.13775752980081737}",-0.3608770024482489,0.261079083949321,0.45619758627960416,0.5944990890706306,-0.3608770024482489,0.08677264125463906,"[1.0223801440028868, 1.0255296737629613, -0.3608770024482489, 0.13775752980081737]",0.13787622036642533,0.5680328654818226,-0.3547126529794089
daily_static,"{'n_triangles': 12, 'window': 105, 'entry_z': 2.5, 'exit_z': 0.5, 'weight_cap': 0.15, 'adf_max': 0.05}",0.2559315666073919,0.03101613267023806,-0.30136584377201503,1827,0.1915725806256717,"{2020: nan, 2021: 0.3540709803369476, 2022: 0.4616812083893012, 2023: 0.3826049449818663, 2024: -0.09979168354424227}",-0.09979168354424227,0.17522445992150013,0.2746413625409682,0.21974371962146352,-0.09979168354424227,0.144811166021388,"[0.3540709803369476, 0.4616812083893012, 0.3826049449818663, -0.09979168354424227]",0.13707819270988666,0.24493034829364072,-0.30136584377201503
daily_static,"{'n_triangles': 12, 'window': 105, 'entry_z': 2.0, 'exit_z': 0.75, 'weight_cap': 0.2, 'adf_max': 0.05}",0.4314219416696956,0.09107213820662285,-0.38251396424319584,1827,0.3064119234734683,"{2020: nan, 2021: 0.7357919650640824, 2022: 0.9458409009134823, 2023: -0.10162262744961924, 2024: -0.09917566783072776}",-0.10162262744961924,0.19660852874028956,0.3702086426743044,0.4764320625099982,-0.10162262744961924,0.11166808592938147,"[0.7357919650640824, 0.9458409009134823, -0.10162262744961924, -0.09917566783072776]",0.13705625813748085,0.40147038975798577,-0.38251396424319584
daily_static,"{'n_triangles': 10, 'window': 105, 'entry_z': 2.0, 'exit_z': 0.75, 'weight_cap': 0.15, 'adf_max': 0.05}",0.5514366291145394,0.11210459432244946,-0.27884814558725957,1827,0.24229108696234475,"{2020: nan, 2021: 0.9029049975136175, 2022: 1.153413841600193, 2023: -0.46165690337569654, 2024: 0.3108098113364184}",-0.46165690337569654,0.2836493052295646,0.4763679367686331,0.6220179087177836,-0.46165690337569654,0.07302760173460197,"[0.9029049975136175, 1.153413841600193, -0.46165690337569654, 0.3108098113364184]",0.13540108814580157,0.521500203041875,-0.27884814558725957
daily_static,"{'n_triangles': 12, 'window': 120, 'entry_z': 2.0, 'exit_z': 0.75, 'weight_cap': 0.15, 'adf_max': 0.05}",0.41924677324322,0.07352001781706319,-0.3357418143129488,1827,0.2338324098031747,"{2020: nan, 2021: 1.1182978706957938, 2022: 0.7970238641344709, 2023: -0.12930573761166345, 2024: -0.20533964096000862}",-0.20533964096000862,0.2321642241599206,0.39516908906464815,0.5744752113282905,-0.20533964096000862,0.06686355520850118,"[1.1182978706957938, 0.7970238641344709, -0.12930573761166345, -0.20533964096000862]",0.1305586035149309,0.4208429470747238,-0.3357418143129488
daily_static,"{'n_triangles': 12, 'window': 105, 'entry_z': 2.25, 'exit_z': 0.5, 'weight_cap': 0.2, 'adf_max': 0.05}",0.3893109952062939,0.06950962803156657,-0.3318636709113215,1827,0.2579194446227526,"{2020: nan, 2021: 0.5547272439959977, 2022: 0.9563185706183743, 2023: 0.25892844864906084, 2024: -0.27188827687634476}",-0.27188827687634476,0.21852132661261772,0.37452149659677203,0.4478195213228258,-0.27188827687634476,0.09623408056009017,"[0.5547272439959977, 0.9563185706183743, 0.25892844864906084, -0.27188827687634476]",0.12667983014533685,0.38009395239076843,-0.3318636709113215
daily_static,"{'n_triangles': 12, 'window': 105, 'entry_z': 2.0, 'exit_z': 0.75, 'weight_cap': 0.15, 'adf_max': 0.05}",0.43173121864984904,0.08271337000316503,-0.3028694739516937,1827,0.25595896038335225,"{2020: nan, 2021: 0.7395995893442597, 2022: 0.9996266792779888, 2023: -0.20876492092599575, 2024: -0.1337893141974549}",-0.20876492092599575,0.23151280676100305,0.3491680083746994,0.5291668524661627,-0.20876492092599575,0.042831597956418915,"[0.7395995893442597, 0.9996266792779888, -0.20876492092599575, -0.1337893141974549]",0.12144661091069874,0.38856440475235804,-0.3028694739516937
daily_static,"{'n_triangles': 12, 'window': 120, 'entry_z': 2.25, 'exit_z': 0.5, 'weight_cap': 0.2, 'adf_max': 0.05}",0.4515849408361006,0.09397222280856998,-0.434358481567389,1827,0.29297756172590766,"{2020: nan, 2021: 0.7486268834722027, 2022: 0.6876165601003466, 2023: 0.9639873786261766, 2024: -0.2830719081842592}",-0.2830719081842592,0.123962543323554,0.5292897285036167,0.4801222888331297,-0.2830719081842592,0.23261420245019998,"[0.7486268834722027, 0.6876165601003466, 0.9639873786261766, -0.2830719081842592]",0.12128717886709878,0.40660930299463444,-0.434358481567389
daily_static,"{'n_triangles': 8, 'window': 105, 'entry_z': 2.0, 'exit_z': 0.5, 'weight_cap': 0.2, 'adf_max': 0.05}",0.4280500250652686,0.07963962387756829,-0.2914829881244386,1827,0.24962049716476098,"{2020: nan, 2021: 0.34914177812017055, 2022: 1.1260725546344708, 2023: 0.3312757482871148, 2024: -0.29410671720022374}",-0.29410671720022374,0.229203830526809,0.37809584096038307,0.5035761864478007,-0.29410671720022374,0.06748640429643799,"[0.34914177812017055, 1.1260725546344708, 0.3312757482871148, -0.29410671720022374]",0.1202716765734759,0.4605997402524388,-0.2914829881244386
daily_static,"{'n_triangles': 8, 'window': 105, 'entry_z': 2.0, 'exit_z': 0.75, 'weight_cap': 0.15, 'adf_max': 0.05}",0.4185134873396669,0.0622047975467479,-0.24212378854562266,1827,0.1832580666725865,"{2020: nan, 2021: 0.5818965565045657, 2022: 1.0567481088768123, 2023: -0.18657842956045576, 2024: -0.12606477870950902}",-0.18657842956045576,0.22419381662478685,0.3315003642778533,0.5163463084087838,-0.18657842956045576,0.036011524161370226,"[0.5818965565045657, 1.0567481088768123, -0.18657842956045576, -0.12606477870950902]",0.11725278964406677,0.4275321155981605,-0.24212378854562266
daily_static,"{'n_triangles': 8, 'window': 90, 'entry_z': 2.5, 'exit_z': 0.5, 'weight_cap': 0.15, 'adf_max': 0.05}",0.3392623537873689,0.041505074260842045,-0.22300806878149215,1827,0.15495204899855472,"{2020: nan, 2021: 0.6469479962461391, 2022: 0.5930195254489554, 2023: 0.4484275544436375, 2024: -0.28977115670715564}",-0.28977115670715564,0.19158916113185337,0.3496559798578941,0.376241692683296,-0.28977115670715564,0.10358090217481497,"[0.6469479962461391, 0.5930195254489554, 0.4484275544436375, -0.28977115670715564]",0.11265023871298904,0.4038460977211321,-0.22300806878149215
daily_static,"{'n_triangles': 12, 'window': 90, 'entry_z': 2.5, 'exit_z': 0.75, 'weight_cap': 0.15, 'adf_max': 0.05}",0.4404775709484812,0.07550517910701471,-0.30408686798769335,1827,0.21575668752192212,"{2020: nan, 2021: 0.8168526279827079, 2022: 0.7506768543308531, 2023: 0.7944886691672147, 2024: -0.48651154902008864}",-0.48651154902008864,0.22713288104835005,0.4688766506151718,0.5521069720323526,-0.48651154902008864,0.09552085479497778,"[0.8168526279827079, 0.7506768543308531, 0.7944886691672147, -0.48651154902008864]",0.10970422885282591,0.4136415455499708,-0.30408686798769335
daily_static,"{'n_triangles': 10, 'window': 105, 'entry_z': 2.0, 'exit_z': 0.75, 'weight_cap': 0.2, 'adf_max': 0.05}",0.5160768830596778,0.11686065164301151,-0.3501947759172497,1827,0.2916623944770584,"{2020: nan, 2021: 0.8480110740196846, 2022: 1.1458788409278058, 2023: -0.4511481940823629, 2024: 0.18996458023517526}",-0.4511481940823629,0.2532303321780074,0.4331765752750757,0.6166876342698954,-0.4511481940823629,0.034603119323655424,"[0.8480110740196846, 1.1458788409278058, -0.4511481940823629, 0.18996458023517526]",0.10627295505294719,0.5045978902462612,-0.3501947759172497
daily_static,"{'n_triangles': 8, 'window': 90, 'entry_z': 2.5, 'exit_z': 0.75, 'weight_cap': 0.15, 'adf_max': 0.05}",0.39146469734583905,0.048797080433098605,-0.219831254329806,1827,0.15027329339717765,"{2020: nan, 2021: 0.9475357770433864, 2022: 0.6541514495414825, 2023: 0.3253611626271949, 2024: -0.35535344274406533}",-0.35535344274406533,0.20715219654637373,0.39292373661699964,0.4848499437821859,-0.35535344274406533,0.07942807617709363,"[0.9475357770433864, 0.6541514495414825, 0.3253611626271949, -0.35535344274406533]",0.10619819048808178,0.4306418293057144,-0.219831254329806
daily_static,"{'n_triangles': 10, 'window': 120, 'entry_z': 2.0, 'exit_z': 0.75, 'weight_cap': 0.15, 'adf_max': 0.05}",0.4798224659716676,0.08444040423809307,-0.2808755907872379,1827,0.21670152686611754,"{2020: nan, 2021: 1.0796192680223657, 2022: 0.9818500999890912, 2023: -0.4340543362222156, 2024: 0.15846266359008548}",-0.4340543362222156,0.23948794653499672,0.44646942384483174,0.6216472431302511,-0.4340543362222156,0.04883493503526305,"[1.0796192680223657, 0.9818500999890912, -0.4340543362222156, 0.15846266359008548]",0.10540516423436871,0.5438099576250488,-0.2808755907872379
daily_static,"{'n_triangles': 8, 'window': 90, 'entry_z': 2.5, 'exit_z': 0.5, 'weight_cap': 0.2, 'adf_max': 0.05}",0.33616115173525735,0.04948314622642891,-0.29082325592549263,1827,0.20651938627249322,"{2020: nan, 2021: 0.6469479962461391, 2022: 0.5930195254489554, 2023: 0.44842755444363763, 2024: -0.3083399375523415}",-0.3083399375523415,0.1845216347797164,0.34501378464659765,0.3841342895720215,-0.3083399375523415,0.09127865235011859,"[0.6469479962461391, 0.5930195254489554, 0.44842755444363763, -0.3083399375523415]",0.10260043369615138,0.401216678495012,-0.29082325592549263
daily_static,"{'n_triangles': 8, 'window': 120, 'entry_z': 2.0, 'exit_z': 0.75, 'weight_cap': 0.15, 'adf_max': 0.05}",0.39553982695548734,0.055584623945855505,-0.24749566310197102,1827,0.17555522003824825,"{2020: nan, 2021: 0.9023046663331005, 2022: 0.8617148521042887, 2023: -0.15429376881346882, 2024: -0.2346377191232209}",-0.2346377191232209,0.2046061774851139,0.34377200762517485,0.5391778117298232,-0.2346377191232209,0.02725555793561909,"[0.9023046663331005, 0.8617148521042887, -0.15429376881346882, -0.2346377191232209]",0.09860907098195724,0.4659504861116453,-0.24749566310197102
daily_static,"{'n_triangles': 8, 'window': 90, 'entry_z': 2.5, 'exit_z': 0.75, 'weight_cap': 0.2, 'adf_max': 0.05}",0.3887709672125531,0.05973725868009172,-0.28667115098375573,1827,0.20028167761906396,"{2020: nan, 2021: 0.9475357770433869, 2022: 0.6541514495414825, 2023: 0.32536116262719506, 2024: -0.37208819247418917}",-0.37208819247418917,0.2009351611663741,0.3887400491844688,0.49131771123161594,-0.37208819247418917,0.068663555073823,"[0.9475357770433869, 0.6541514495414825, 0.32536116262719506, -0.37208819247418917]",0.09733776366992489,0.4283562051989632,-0.28667115098375573
daily_static,"{'n_triangles': 12, 'window': 120, 'entry_z': 2.25, 'exit_z': 0.75, 'weight_cap': 0.15, 'adf_max': 0.05}",0.3600081139286343,0.057313066539549595,-0.34214744452995594,1827,0.2232522809153887,"{2020: nan, 2021: 0.7350797828723917, 2022: 0.6904829765674184, 2023: 0.397746170238654, 2024: -0.35287732598264326}",-0.35287732598264326,0.19000224738507923,0.36760790092395523,0.435686577703065,-0.35287732598264326,0.07918914687589407,"[0.7350797828723917, 0.6904829765674184, 0.397746170238654, -0.35287732598264326]",0.09692970487009218,0.3066148353112107,-0.34214744452995594
daily_static,"{'n_triangles': 10, 'window': 105, 'entry_z': 2.5, 'exit_z': 0.75, 'weight_cap': 0.15, 'adf_max': 0.05}",0.3448557108458866,0.04541508740046285,-0.2603044782786037,1827,0.1707071137771431,"{2020: nan, 2021: 0.7559784956838973, 2022: 0.6346490674374119, 2023: -0.3235091526139695, 2024: 0.33726578849679656}",-0.3235091526139695,0.1837408142066294,0.35109604975103403,0.4182151252788202,-0.3235091526139695,0.07728665658883002,"[0.7559784956838973, 0.6346490674374119, -0.3235091526139695, 0.33726578849679656]",0.09575686235833973,0.342845671399004,-0.2603044782786037
hourly_native_lb365_w1440,"{'n_triangles': 10, 'window': 120, 'entry_z': 2.0, 'exit_z': 0.5, 'weight_cap': 0.2, 'adf_max': 0.05, 'disc_window': 1440, 'bt_window': 1440, 'liquid_top_n': 30}",0.6951097576244896,0.15162693052273513,-0.4401640006678308,1096,0.24798418325771432,"{2022: -0.3260020401380608, 2023: -0.01786118701663515, 2024: 2.8874755802826857}",-0.3260020401380608,0.19028913895786015,0.8478707843759966,1.4476943712802495,-0.3260020401380608,0.05882319070825971,"[-0.3260020401380608, -0.01786118701663515, 2.8874755802826857]",0.09264693916090791,0.9277257726728284,-0.4401640006678308
daily_static,"{'n_triangles': 8, 'window': 120, 'entry_z': 2.0, 'exit_z': 0.75, 'weight_cap': 0.2, 'adf_max': 0.05}",0.392809789556092,0.06664429712609676,-0.3225397996075541,1827,0.23332451272526028,"{2020: nan, 2021: 0.9023046663331008, 2022: 0.8546736780619566, 2023: -0.1542937688134687, 2024: -0.24647887948107425}",-0.24647887948107425,0.19968641463478798,0.33905142402512867,0.5406837660429341,-0.24647887948107425,0.01941376510744676,"[0.9023046663331008, 0.8546736780619566, -0.1542937688134687, -0.24647887948107425]",0.09197445788863234,0.4634999082859279,-0.3225397996075541
daily_static,"{'n_triangles': 12, 'window': 105, 'entry_z': 2.5, 'exit_z': 0.5, 'weight_cap': 0.2, 'adf_max': 0.05}",0.26466406402609227,0.03504679304292724,-0.38025560991292984,1827,0.24787607782614302,"{2020: nan, 2021: 0.35407098033694784, 2022: 0.5010937150178135, 2023: 0.4197854606822669, 2024: -0.1446339754336042}",-0.1446339754336042,0.11031921809693707,0.282579045150856,0.2520894301451344,-0.1446339754336042,0.12760753499156796,"[0.35407098033694784, 0.5010937150178135, 0.4197854606822669, -0.1446339754336042]",0.09087480965700376,0.24965326885921854,-0.38025560991292984
daily_static,"{'n_triangles': 8, 'window': 105, 'entry_z': 2.25, 'exit_z': 0.5, 'weight_cap': 0.15, 'adf_max': 0.05}",0.3352707065813885,0.04055474868309905,-0.21659839417007254,1827,0.15426636713106712,"{2020: nan, 2021: 0.6816755311912563, 2022: 0.7357346113631767, 2023: 0.1258778594972273, 2024: -0.2776823403185348}",-0.2776823403185348,0.17498471697058143,0.3164014154332814,0.4178816348759098,-0.2776823403185348,0.05192412993161952,"[0.6816755311912563, 0.7357346113631767, 0.1258778594972273, -0.2776823403185348]",0.08664680577803315,0.39789481760365375,-0.21659839417007254
daily_static,"{'n_triangles': 8, 'window': 120, 'entry_z': 2.25, 'exit_z': 0.75, 'weight_cap': 0.15, 'adf_max': 0.05}",0.3578945461536176,0.04736429004730858,-0.2484257341641508,1827,0.16900470994042896,"{2020: nan, 2021: 0.7589910278311061, 2022: 0.7457085550704324, 2023: 0.14053710515450596, 2024: -0.31429146761442783}",-0.31429146761442783,0.18210987275457147,0.3327363051104042,0.44939532680583544,-0.31429146761442783,0.04518034818460091,"[0.7589910278311061, 0.7457085550704324, 0.14053710515450596, -0.31429146761442783]",0.08454440511818184,0.41813266446610653,-0.2484257341641508
daily_static,"{'n_triangles': 10, 'window': 105, 'entry_z': 2.5, 'exit_z': 0.75, 'weight_cap': 0.2, 'adf_max': 0.05}",0.32728057989573284,0.04941165142660897,-0.3336434311376406,1827,0.2221378255039213,"{2020: nan, 2021: 0.6504504041049972, 2022: 0.6669859011902729, 2023: -0.3109413088255129, 2024: 0.260273354434961}",-0.3109413088255129,0.1687843405088349,0.3166920877261796,0.39724272285230083,-0.3109413088255129,0.055882464534926624,"[0.6504504041049972, 0.6669859011902729, -0.3109413088255129, 0.260273354434961]",0.08129611898453223,0.32600917696515297,-0.3336434311376406
daily_static,"{'n_triangles': 8, 'window': 105, 'entry_z': 2.0, 'exit_z': 0.75, 'weight_cap': 0.2, 'adf_max': 0.05}",0.40018781660038943,0.07114834882686338,-0.312465138334859,1827,0.24334782449111658,"{2020: nan, 2021: 0.57942871465877, 2022: 1.0550881147175906, 2023: -0.1905851311017412, 2024: -0.2290545602951178}",-0.2290545602951178,0.19577914884635306,0.3037192844948754,0.5405450105870405,-0.2290545602951178,-0.01236413285766843,"[0.57942871465877, 1.0550881147175906, -0.1905851311017412, -0.2290545602951178]",0.08044562933579845,0.4114362038164501,-0.312465138334859
daily_static,"{'n_triangles': 8, 'window': 120, 'entry_z': 2.25, 'exit_z': 0.75, 'weight_cap': 0.2, 'adf_max': 0.05}",0.3564599609450128,0.05652659856119402,-0.3225981261704287,1827,0.2249421631208512,"{2020: nan, 2021: 0.7589910278311061, 2022: 0.7457085550704328, 2023: 0.14053710515450588, 2024: -0.32849376734138763}",-0.32849376734138763,0.1773566010738813,0.32918573017866426,0.4545202093217794,-0.32849376734138763,0.03622687204949704,"[0.7589910278311061, 0.7457085550704328, 0.14053710515450588, -0.32849376734138763]",0.07737615907381992,0.4153156303883338,-0.3225981261704287
daily_static,"{'n_triangles': 12, 'window': 90, 'entry_z': 2.5, 'exit_z': 0.5, 'weight_cap': 0.2, 'adf_max': 0.05}",0.37016355237072973,0.06965639128063983,-0.3770689204247647,1827,0.28868203281450505,"{2020: nan, 2021: 0.6217391133691396, 2022: 0.7064004534927193, 2023: 0.4321480082891444, 2024: -0.3472860475999489}",-0.3472860475999489,0.14086434925215338,0.35325038188776364,0.41646647419036875,-0.3472860475999489,0.07555993527258949,"[0.6217391133691396, 0.7064004534927193, 0.4321480082891444, -0.3472860475999489]",0.0691927646740958,0.38584214983407866,-0.3770689204247647
daily_static,"{'n_triangles': 12, 'window': 90, 'entry_z': 2.5, 'exit_z': 0.5, 'weight_cap': 0.15, 'adf_max': 0.05}",0.35317853983912156,0.05639490156996918,-0.3065621667070936,1827,0.22263103123924952,"{2020: nan, 2021: 0.5914856347181593, 2022: 0.6849523245042323, 2023: 0.4940236734554314, 2024: -0.4065332586291034}",-0.4065332586291034,0.17003890811015784,0.3409820935121799,0.43682618707098336,-0.4065332586291034,0.041262348250867525,"[0.5914856347181593, 0.6849523245042323, 0.4940236734554314, -0.4065332586291034]",0.06730989548548011,0.36385515390414186,-0.3065621667070936
daily_static,"{'n_triangles': 8, 'window': 105, 'entry_z': 2.5, 'exit_z': 0.5, 'weight_cap': 0.15, 'adf_max': 0.05}",0.20802948258396559,0.019602108085347236,-0.22324888364289242,1827,0.1430976540219685,"{2020: nan, 2021: 0.4145095482700485, 2022: 0.451373418760868, 2023: 0.1348114258167011, 2024: -0.16881885444732012}",-0.16881885444732012,0.11404216062426736,0.20796888460007434,0.24961261339891996,-0.16881885444732012,0.04939880701115034,"[0.4145095482700485, 0.451373418760868, 0.1348114258167011, -0.16881885444732012]",0.06313088535251767,0.32577487070993966,-0.22324888364289242
daily_static,"{'n_triangles': 12, 'window': 90, 'entry_z': 2.5, 'exit_z': 0.75, 'weight_cap': 0.2, 'adf_max': 0.05}",0.4312642548209253,0.08748442487605712,-0.3737003883194552,1827,0.2811500508415308,"{2020: nan, 2021: 0.8574248410448017, 2022: 0.7722178652536924, 2023: 0.6575937373289765, 2024: -0.5132945264818848}",-0.5132945264818848,0.16230662923226608,0.44348547928639637,0.5569293272931242,-0.5132945264818848,0.062361910343457325,"[0.8574248410448017, 0.7722178652536924, 0.6575937373289765, -0.5132945264818848]",0.05976586204976792,0.4129806606985438,-0.3737003883194552
daily_static,"{'n_triangles': 12, 'window': 120, 'entry_z': 2.0, 'exit_z': 0.75, 'weight_cap': 0.2, 'adf_max': 0.05}",0.43863642855871887,0.09076393479056888,-0.42229208001759555,1827,0.29959903486861184,"{2020: nan, 2021: 1.0885430107936414, 2022: 0.8067032120400659, 2023: 0.041898202483309936, 2024: -0.2726725807022841}",-0.2726725807022841,0.09778783968530724,0.41611796115368327,0.5520835815170625,-0.2726725807022841,0.0855416542546952,"[1.0885430107936414, 0.8067032120400659, 0.041898202483309936, -0.2726725807022841]",0.0564556327458339,0.4493765384060998,-0.42229208001759555
daily_static,"{'n_triangles': 8, 'window': 105, 'entry_z': 2.25, 'exit_z': 0.5, 'weight_cap': 0.2, 'adf_max': 0.05}",0.3254129221782109,0.04658454320319927,-0.2812152904989028,1827,0.20525423856076908,"{2020: nan, 2021: 0.6816755311912565, 2022: 0.7426540698613154, 2023: 0.12587785949722707, 2024: -0.34457672108454085}",-0.34457672108454085,0.15116087026678726,0.30140768486631453,0.44368022818961295,-0.34457672108454085,0.01065222655459988,"[0.6816755311912565, 0.7426540698613154, 0.12587785949722707, -0.34457672108454085]",0.052409085832388874,0.38871436210514554,-0.2812152904989028
daily_static,"{'n_triangles': 12, 'window': 105, 'entry_z': 2.5, 'exit_z': 0.75, 'weight_cap': 0.15, 'adf_max': 0.05}",0.18977791655442183,0.018028536641566006,-0.30774192048762883,1827,0.18687281924922058,"{2020: nan, 2021: 0.5221875459302723, 2022: 0.4018360242447422, 2023: -0.05464732257258941, 2024: -0.14039794902313474}",-0.14039794902313474,0.09530094401086378,0.18224457464482258,0.2846039342269654,-0.14039794902313474,0.01186301772671293,"[0.5221875459302723, 0.4018360242447422, -0.05464732257258941, -0.14039794902313474]",0.042527780508011134,0.15173889811545985,-0.30774192048762883
daily_static,"{'n_triangles': 8, 'window': 105, 'entry_z': 2.5, 'exit_z': 0.5, 'weight_cap': 0.2, 'adf_max': 0.05}",0.19729672507148568,0.019312803633299014,-0.2906042877696611,1827,0.19042547989199585,"{2020: nan, 2021: 0.4145095482700487, 2022: 0.4513734187608685, 2023: 0.13481142581670127, 2024: -0.22563128308154826}",-0.22563128308154826,0.09210018084824009,0.19376577744151754,0.27132039140866704,-0.22563128308154826,0.012979325120874373,"[0.4145095482700487, 0.4513734187608685, 0.13481142581670127, -0.22563128308154826]",0.03263473495068327,0.3158071065657206,-0.2906042877696611
daily_static,"{'n_triangles': 10, 'window': 105, 'entry_z': 2.25, 'exit_z': 0.75, 'weight_cap': 0.15, 'adf_max': 0.05}",0.38736780397827175,0.056033971610049305,-0.2529446763348904,1827,0.18415601846837565,"{2020: nan, 2021: 0.9405178059261299, 2022: 0.8786847779701583, 2023: -0.4972264392936396, 2024: 0.09229333690710292}",-0.4972264392936396,0.15540605176720002,0.35356737037743785,0.5942165709335658,-0.4972264392936396,-0.04298620294807298,"[0.9405178059261299, 0.8786847779701583, -0.4972264392936396, 0.09229333690710292]",0.020705513510770518,0.3712374233660696,-0.2529446763348904
daily_static,"{'n_triangles': 12, 'window': 120, 'entry_z': 2.25, 'exit_z': 0.75, 'weight_cap': 0.2, 'adf_max': 0.05}",0.37303615951022734,0.0687728652161228,-0.42666813430469086,1827,0.2894891655660236,"{2020: nan, 2021: 0.7350797828723917, 2022: 0.7123248941451917, 2023: 0.4697253536441706, 2024: -0.38917569484501896}",-0.38917569484501896,0.03947137136551593,0.3819885839541838,0.4572164581015309,-0.38917569484501896,0.07554521593441454,"[0.7350797828723917, 0.7123248941451917, 0.4697253536441706, -0.38917569484501896]",0.009232510343576958,0.319095384990727,-0.42666813430469086
daily_static,"{'n_triangles': 8, 'window': 105, 'entry_z': 2.25, 'exit_z': 0.75, 'weight_cap': 0.15, 'adf_max': 0.05}",0.28646174658987994,0.03226046477102762,-0.2207811267720614,1827,0.15071545703875405,"{2020: nan, 2021: 0.7701462509764868, 2022: 0.6871301283486272, 2023: -0.31443849089685666, 2024: -0.20796533041137677}",-0.31443849089685666,0.10592113355451765,0.23371813950422013,0.497216635244359,-0.31443849089685666,-0.0777778762973307,"[0.7701462509764868, 0.6871301283486272, -0.31443849089685666, -0.20796533041137677]",-0.000409482338766691,0.32201301726016446,-0.2207811267720614
daily_static,"{'n_triangles': 10, 'window': 105, 'entry_z': 2.25, 'exit_z': 0.75, 'weight_cap': 0.2, 'adf_max': 0.05}",0.3769888921016104,0.06398934851356652,-0.3187532750778187,1827,0.24058688298862424,"{2020: nan, 2021: 0.8955309612404022, 2022: 0.9379134760411495, 2023: -0.4937186423411, 2024: -0.055188649222395206}",-0.4937186423411,0.1372833674843705,0.32113428642951414,0.6156200849946964,-0.4937186423411,-0.0854194845360541,"[0.8955309612404022, 0.9379134760411495, -0.4937186423411, -0.055188649222395206]",-0.0037628317053251467,0.360440572501683,-0.3187532750778187
daily_static,"{'n_triangles': 8, 'window': 105, 'entry_z': 2.5, 'exit_z': 0.75, 'weight_cap': 0.15, 'adf_max': 0.05}",0.18154612633553602,0.015597926591797373,-0.22562070706158677,1827,0.13944529070784337,"{2020: nan, 2021: 0.4422451767227098, 2022: 0.46505733444583464, 2023: -0.25634746494846505, 2024: -0.02692487515127153}",-0.25634746494846505,0.061909975548893624,0.15600754276720197,0.3086035801569468,-0.25634746494846505,-0.049563740300964436,"[0.4422451767227098, 0.46505733444583464, -0.25634746494846505, -0.02692487515127153]",-0.008931569048292565,0.26865849313567564,-0.22562070706158677
daily_static,"{'n_triangles': 12, 'window': 105, 'entry_z': 2.25, 'exit_z': 0.75, 'weight_cap': 0.15, 'adf_max': 0.05}",0.2568098558033785,0.03175197308671085,-0.3027914527320327,1827,0.20015120650776316,"{2020: nan, 2021: 0.7747765352408086, 2022: 0.6372603198258899, 2023: -0.2776590311114532, 2024: -0.27844194701764435}",-0.27844194701764435,0.08950969827605854,0.2139839692344002,0.49443080755648716,-0.27844194701764435,-0.08891982394737227,"[0.7747765352408086, 0.6372603198258899, -0.2776590311114532, -0.27844194701764435]",-0.009735799031512532,0.2032363168302306,-0.3027914527320327
daily_static,"{'n_triangles': 8, 'window': 105, 'entry_z': 2.25, 'exit_z': 0.75, 'weight_cap': 0.2, 'adf_max': 0.05}",0.2738528252963624,0.03522603377167077,-0.287711671406375,1827,0.20054092402359253,"{2020: nan, 2021: 0.7701462509764866, 2022: 0.6871301283486273, 2023: -0.31443849089685666, 2024: -0.2781607209589739}",-0.31443849089685666,0.09128372858944692,0.2161692918673208,0.5134689283281344,-0.31443849089685666,-0.10345287047611772,"[0.7701462509764866, 0.6871301283486273, -0.31443849089685666, -0.2781607209589739]",-0.01744630303213105,0.31133277896369865,-0.287711671406375
daily_static,"{'n_triangles': 8, 'window': 105, 'entry_z': 2.5, 'exit_z': 0.75, 'weight_cap': 0.2, 'adf_max': 0.05}",0.17001026334992334,0.014123613548633118,-0.293469149941083,1827,0.18554870330411508,"{2020: nan, 2021: 0.4422451767227101, 2022: 0.4650573344458349, 2023: -0.256347464948465, 2024: -0.08643171587484227}",-0.256347464948465,0.049641155558484175,0.14113083258630943,0.3183441287839783,-0.256347464948465,-0.0693107247953727,"[0.4422451767227101, 0.4650573344458349, -0.256347464948465, -0.08643171587484227]",-0.022590864616060646,0.2589552732929382,-0.293469149941083
daily_static,"{'n_triangles': 12, 'window': 105, 'entry_z': 2.5, 'exit_z': 0.75, 'weight_cap': 0.2, 'adf_max': 0.05}",0.19250531081503405,0.017017713657304645,-0.3879372485015853,1827,0.24180746818854024,"{2020: nan, 2021: 0.5221875459302725, 2022: 0.43939636479173394, 2023: -0.05337437593581972, 2024: -0.21370027267805383}",-0.21370027267805383,0.0029786436434537378,0.17362731552703323,0.3137195603869752,-0.21370027267805383,-0.025972519202065135,"[0.5221875459302725, 0.43939636479173394, -0.05337437593581972, -0.21370027267805383]",-0.028822154984628628,0.15108735904630222,-0.3879372485015853
daily_static,"{'n_triangles': 12, 'window': 105, 'entry_z': 2.25, 'exit_z': 0.75, 'weight_cap': 0.2, 'adf_max': 0.05}",0.261396141428426,0.03436388489782094,-0.3783775671062859,1827,0.25840680612920575,"{2020: nan, 2021: 0.800796712453042, 2022: 0.6839649139506278, 2023: -0.2945647758984753, 2024: -0.3819397111206222}",-0.3819397111206222,0.008925132398763302,0.20206428484614303,0.5427729330669916,-0.3819397111206222,-0.1457101239114772,"[0.800796712453042, 0.6839649139506278, -0.2945647758984753, -0.3819397111206222]",-0.08428369166175942,0.21446197018362645,-0.3783775671062859
hourly_native_lb365_w720,"{'n_triangles': 10, 'window': 120, 'entry_z': 2.0, 'exit_z': 0.5, 'weight_cap': 0.2, 'adf_max': 0.05, 'disc_window': 720, 'bt_window': 1440, 'liquid_top_n': 30}",0.49129615841160224,0.10085173801870839,-0.5379122643988399,1096,0.271915043781396,"{2022: -0.5665690034015186, 2023: -0.5232046427392166, 2024: 3.0569351085767456}",-0.5665690034015186,-0.24858196075807962,0.6557204874786701,1.698007432134362,-0.5665690034015186,-0.3065970292688146,"[-0.5665690034015186, -0.5232046427392166, 3.0569351085767456]",-0.3006859390011808,0.7721254330587243,-0.5379122643988399
hourly_native_lb365_w1440,"{'n_triangles': 10, 'window': 120, 'entry_z': 2.5, 'exit_z': 0.5, 'weight_cap': 0.2, 'adf_max': 0.05, 'disc_window': 1440, 'bt_window': 1440, 'liquid_top_n': 30}",0.312262304599683,0.046244563945016415,-0.4873623780716876,1096,0.2348124480729195,"{2022: -0.6290416108939968, 2023: -0.32806184293861157, 2024: 2.5962112675169733}",-0.6290416108939968,-0.25162435730002525,0.5463692712281216,1.4546560561387512,-0.6290416108939968,-0.3067670790200533,"[-0.6290416108939968, -0.32806184293861157, 2.5962112675169733]",-0.3086660352614322,0.7553888502695385,-0.4873623780716876
hourly_native_lb365_w1440,"{'n_triangles': 10, 'window': 120, 'entry_z': 2.5, 'exit_z': 0.5, 'weight_cap': 0.15, 'adf_max': 0.05, 'disc_window': 1440, 'bt_window': 1440, 'liquid_top_n': 30}",0.21858259648710987,0.02346412042345425,-0.4548806207507353,1096,0.19847500688647576,"{2022: -0.836216019730945, 2023: -0.34360123992359376, 2024: 2.7602968724167214}",-0.836216019730945,-0.2957335348962806,0.5268265375873943,1.5920551985286464,-0.836216019730945,-0.4364442656231179,"[-0.836216019730945, -0.34360123992359376, 2.7602968724167214]",-0.39903053913414005,0.7044201121026225,-0.4548806207507353
hourly_native_lb365_w720,"{'n_triangles': 10, 'window': 120, 'entry_z': 2.5, 'exit_z': 0.5, 'weight_cap': 0.2, 'adf_max': 0.05, 'disc_window': 720, 'bt_window': 1440, 'liquid_top_n': 30}",0.2819536399300376,0.0394800805590696,-0.5588994916284904,1096,0.25222429062295243,"{2022: -0.8921958233997707, 2023: -0.530436147387633, 2024: 3.055916831820529}",-0.8921958233997707,-0.5005285266191791,0.5444282870110418,1.7820210527804394,-0.8921958233997707,-0.525021404059132,"[-0.8921958233997707, -0.530436147387633, 3.055916831820529]",-0.5482677634012219,0.7517295437888077,-0.5588994916284904
hourly_native_lb365_w720,"{'n_triangles': 10, 'window': 120, 'entry_z': 2.5, 'exit_z': 0.5, 'weight_cap': 0.15, 'adf_max': 0.05, 'disc_window': 720, 'bt_window': 1440, 'liquid_top_n': 30}",0.20076020100150008,0.019815647132259917,-0.5051755721352542,1096,0.2092016264988887,"{2022: -1.0429869013152901, 2023: -0.4653218221173083, 2024: 3.166056072455691}",-1.0429869013152901,-0.4700550999448875,0.5525824496743642,1.8629917728681318,-1.0429869013152901,-0.5875108170227598,"[-1.0429869013152901, -0.4653218221173083, 3.166056072455691]",-0.5684577810591831,0.7066756821747019,-0.5051755721352542
hourly_exec_daily_tris,"{'n_triangles': 10, 'window': 120, 'entry_z': 2.5, 'exit_z': 0.5, 'weight_cap': 0.15, 'adf_max': 0.05, 'bt_window': 1440}",-0.23584984981931525,-0.07235098246541949,-0.5120820677548508,1096,0.2165945202916754,"{2022: -1.1521207325187146, 2023: -0.16181396540045487, 2024: 1.027524667446767}",-1.1521207325187146,-0.789001504772716,-0.09547001015746748,0.8910722595822907,-1.1521207325187146,-0.7714302864523557,"[-1.1521207325187146, -0.16181396540045487, 1.027524667446767]",-0.8191635011351898,0.08515949743009331,-0.5120820677548508
hourly_exec_daily_tris,"{'n_triangles': 10, 'window': 120, 'entry_z': 2.25, 'exit_z': 0.5, 'weight_cap': 0.15, 'adf_max': 0.05, 'bt_window': 1440}",-0.1892288793715146,-0.06817983282870543,-0.553544601849246,1096,0.23006933481768407,"{2022: -1.0423946517462426, 2023: -0.4624706112196271, 2024: 1.2806231071586756}",-1.0423946517462426,-0.8380287079483262,-0.0747473852690647,0.9872013816856351,-1.0423946517462426,-0.7768270064611307,"[-1.0423946517462426, -0.4624706112196271, 1.2806231071586756]",-0.8370447068075993,0.08129469484598438,-0.553544601849246
hourly_exec_daily_tris,"{'n_triangles': 10, 'window': 120, 'entry_z': 2.0, 'exit_z': 0.5, 'weight_cap': 0.2, 'adf_max': 0.05, 'bt_window': 1440}",-0.11577076386202131,-0.07297568076292538,-0.6270610928714925,1096,0.2885751511582552,"{2022: -0.9154421347018369, 2023: -0.5653230750464715, 2024: 1.308705649801364}",-0.9154421347018369,-0.918788518825377,-0.057353186648981445,0.9764675783887359,-0.9154421347018369,-0.7286754027837168,"[-0.9154421347018369, -0.5653230750464715, 1.308705649801364]",-0.851914289798442,0.07861013574223949,-0.6270610928714925
hourly_exec_daily_tris,"{'n_triangles': 10, 'window': 120, 'entry_z': 2.5, 'exit_z': 0.75, 'weight_cap': 0.15, 'adf_max': 0.05, 'bt_window': 1440}",-0.3117135826708695,-0.08354792720135418,-0.5013431998051792,1096,0.20835101838202727,"{2022: -1.231797067895943, 2023: -0.11311238343208746, 2024: 0.8657625307536237}",-1.231797067895943,-0.835356964946584,-0.1597156401914689,0.8569589508361016,-1.231797067895943,-0.8345545291887083,"[-1.231797067895943, -0.11311238343208746, 0.8657625307536237]",-0.8747201227262634,0.13452029135340784,-0.5013431998051792
hourly_exec_daily_tris,"{'n_triangles': 10, 'window': 120, 'entry_z': 2.5, 'exit_z': 0.5, 'weight_cap': 0.2, 'adf_max': 0.05, 'bt_window': 1440}",-0.2577821578420518,-0.10023642384802534,-0.6032715076802827,1096,0.2675668271887547,"{2022: -1.1027927220988651, 2023: -0.22576189143162578, 2024: 0.8512722729007497}",-1.1027927220988651,-0.9813406460627859,-0.15909411354324707,0.7991353434085875,-1.1027927220988651,-0.7792203296673139,"[-1.1027927220988651, -0.22576189143162578, 0.8512722729007497]",-0.9227437429279787,0.04465110033182949,-0.6032715076802827
