n_triangles,window,entry_z,exit_z,weight_cap,is_sharpe,is_cagr,is_max_dd,is_n_days,robust_score,min_yearly_sharpe,yearly_sharpes
10,120,2.5,0.5,0.15,0.6370642460047368,0.1127497961682391,-0.29380601303980813,1827,0.6219154568974885,0.46131125083240154,"{2020: nan, 2021: 0.9845480070490686, 2022: 0.7511318650266268, 2023: 0.8984139727998556, 2024: 0.46131125083240154}"
10,120,2.5,0.5,0.2,0.6312915363256457,0.1400202946230007,-0.3727296657850063,1827,0.5596439028892033,0.40416564044482806,"{2020: nan, 2021: 0.890122483765632, 2022: 0.7868645971948282, 2023: 0.9957549945742233, 2024: 0.40416564044482806}"
10,120,2.0,0.5,0.2,0.6659775278931166,0.1625440692941611,-0.361806885571899,1827,0.5413383366313523,0.2909800086298924,"{2020: nan, 2021: 1.1300325853479727, 2022: 1.0361047217696446, 2023: 0.36816591585087527, 2024: 0.2909800086298924}"
10,120,2.0,0.5,0.15,0.6195695059123657,0.12041150698701086,-0.2855434427030099,1827,0.5137245236646572,0.2418670064045739,"{2020: nan, 2021: 1.0928449407160035, 2022: 0.9964477344145651, 2023: 0.27890796117188094, 2024: 0.2418670064045739}"
10,120,2.5,0.75,0.15,0.5589196693469162,0.09416760850345218,-0.2775276342784754,1827,0.5072805313486674,0.3153430367362833,"{2020: nan, 2021: 0.9366961437504403, 2022: 0.8045521362324837, 2023: 0.47518527245833914, 2024: 0.3153430367362833}"
10,120,2.5,0.75,0.2,0.55277849864021,0.11542766484356037,-0.35560931526153705,1827,0.4830148806260408,0.25575889716881195,"{2020: nan, 2021: 0.8392328062706014, 2022: 0.8308076554886573, 2023: 0.5752669347680394, 2024: 0.25575889716881195}"
8,90,2.0,0.75,0.15,0.6705090189780252,0.12221683538063988,-0.21772054380070383,1827,0.4614787151583499,-0.06287793736268786,"{2020: nan, 2021: 1.1542038069715737, 2022: 1.1052671396386071, 2023: -0.06287793736268786, 2024: 0.23161393110803913}"
10,120,2.0,0.5,0.25,0.6748159454158289,0.1881110873798435,-0.4288893918359694,1827,0.44800074191117767,0.3787446396407185,"{2020: nan, 2021: 1.0116806301300296, 2022: 1.014532566845573, 2023: 0.5335727701745583, 2024: 0.3787446396407185}"
8,90,2.0,0.75,0.2,0.6596887308650726,0.15340077630126658,-0.2845200828632738,1827,0.44304822888225776,-0.08631208231338272,"{2020: nan, 2021: 1.1542038069715734, 2022: 1.1052671396386078, 2023: -0.08631208231338272, 2024: 0.17180599937046093}"
8,90,2.0,0.5,0.15,0.6079940180495307,0.10983751803239228,-0.21567434923017548,1827,0.43679750104971393,0.047722294892729576,"{2020: nan, 2021: 0.9393135943439885, 2022: 1.1106724095588711, 2023: 0.047722294892729576, 2024: 0.12169308718026876}"
10,90,2.0,0.75,0.15,0.7017754282520943,0.16070980043718608,-0.2537650212583361,1827,0.4200042437065446,-0.3939244803342808,"{2020: nan, 2021: 1.2009253131857347, 2022: 1.2121554987990475, 2023: -0.3939244803342808, 2024: 0.5346774040248823}"
10,90,2.0,0.5,0.15,0.6912392534825367,0.16031132118599678,-0.255942876716732,1827,0.41891902368610906,-0.34309469603183795,"{2020: nan, 2021: 1.102893447518045, 2022: 1.2690425722232814, 2023: -0.34309469603183795, 2024: 0.4438853352860604}"
8,90,2.0,0.5,0.2,0.5912460174975629,0.1341766937141704,-0.2821544876029176,1827,0.4090556327645782,0.017404326478909007,"{2020: nan, 2021: 0.9393135943439885, 2022: 1.1132560577723631, 2023: 0.02572571642538903, 2024: 0.017404326478909007}"
10,120,2.5,0.5,0.25,0.6056884636690574,0.15216843903101318,-0.43698387998273025,1827,0.4073792253518458,0.3950411695265537,"{2020: nan, 2021: 0.7436140692829398, 2022: 0.8096574260324123, 2023: 1.0223587768802984, 2024: 0.3950411695265537}"
8,90,2.0,0.5,0.25,0.5992001962919541,0.16078155619398649,-0.3273567717359013,1827,0.4014264950418539,-0.043954995678516844,"{2020: nan, 2021: 0.9400200432234325, 2022: 1.1295951505451325, 2023: -0.043954995678516844, 2024: 0.05901191931182451}"
10,90,2.0,0.5,0.2,0.672868021903833,0.18274294771308197,-0.3250515950681291,1827,0.3945307780346974,-0.35587381188170986,"{2020: nan, 2021: 1.1029176650279415, 2022: 1.2707345526796967, 2023: -0.35587381188170986, 2024: 0.32127015267812853}"
8,90,2.0,0.75,0.25,0.6390215191701728,0.1750153368988776,-0.3537869140142451,1827,0.39381074162626656,-0.16078219258690105,"{2020: nan, 2021: 1.1526411653234172, 2022: 1.1077353270210522, 2023: -0.16078219258690105, 2024: 0.07349527904629606}"
10,90,2.5,0.75,0.15,0.5575501859514951,0.09858476820024453,-0.2601814420978469,1827,0.38252899970028115,-0.148854081602368,"{2020: nan, 2021: 1.063527188414719, 2022: 0.9463943032923826, 2023: 0.4112308999735921, 2024: -0.148854081602368}"
10,90,2.0,0.75,0.2,0.6730465640781014,0.1797437486179767,-0.32536798243624143,1827,0.37982105508218456,-0.4328182284790612,"{2020: nan, 2021: 1.20417990315953, 2022: 1.1913671703710593, 2023: -0.4328182284790612, 2024: 0.38341769138935716}"
12,120,2.5,0.5,0.15,0.5020261455691261,0.08839902727995419,-0.3368482976040197,1827,0.37335512348472183,-0.11930973713920517,"{2020: nan, 2021: 0.761953974146639, 2022: 0.6281185729073331, 2023: 1.2388484082443245, 2024: -0.11930973713920517}"
10,120,3.0,0.5,0.15,0.4562624137371198,0.05851454570957215,-0.28382116800677226,1827,0.370508862740929,0.05455970384619011,"{2020: nan, 2021: 1.5733755050531704, 2022: 0.26190699656402794, 2023: 0.7658908943750854, 2024: 0.05455970384619011}"
10,90,2.0,0.5,0.25,0.6704019006182722,0.1981810505479782,-0.3740887135869887,1827,0.3691065086083849,-0.2650863590839594,"{2020: nan, 2021: 1.0787928072829416, 2022: 1.2219488125831588, 2023: -0.2650863590839594, 2024: 0.33887701819661226}"
10,120,3.0,0.5,0.2,0.47726741135243206,0.07675318110161888,-0.3629183617798687,1827,0.36370771824301346,0.044240379582254,"{2020: nan, 2021: 1.57337550505317, 2022: 0.2946442514830891, 2023: 0.8705677584391434, 2024: 0.044240379582254}"
10,90,2.5,0.75,0.2,0.5428949242508323,0.11917714612350205,-0.32742490108519406,1827,0.35365881285450224,-0.19979115738333783,"{2020: nan, 2021: 1.0782977128178433, 2022: 0.955165678275942, 2023: 0.327132189167138, 2024: -0.19979115738333783}"
10,120,2.5,0.75,0.25,0.5361713221798768,0.126837346730454,-0.4155021284023033,1827,0.3435714304704487,0.22290854365623283,"{2020: nan, 2021: 0.6821115752573014, 2022: 0.8594873960347786, 2023: 0.6534569964727154, 2024: 0.22290854365623283}"
12,120,2.0,0.5,0.15,0.4925958620775026,0.09376433289427122,-0.3367378837496302,1827,0.34086580109512754,-0.15882221574138317,"{2020: nan, 2021: 0.8608910114884711, 2022: 0.8289425228533297, 2023: 0.539387471511857, 2024: -0.15882221574138317}"
12,120,3.0,0.5,0.15,0.4751050929229043,0.06353153716996185,-0.29301812774534497,1827,0.3390345446561691,-0.19583293206245347,"{2020: nan, 2021: 1.4417488084384247, 2022: 0.32502002537255553, 2023: 1.163717400772387, 2024: -0.19583293206245347}"
8,120,2.0,0.5,0.15,0.48586594079616385,0.07375022422749278,-0.25675444217760157,1827,0.3363336070477243,-0.15756129299554858,"{2020: nan, 2021: 0.8166711533286471, 2022: 0.84919333891644, 2023: 0.5378834077362483, 2024: -0.15756129299554858}"
8,120,2.0,0.5,0.2,0.4852130976059132,0.09125216426126892,-0.3325482460406566,1827,0.3337874437696757,-0.16422678163630036,"{2020: nan, 2021: 0.8166711533286467, 2022: 0.8471719510109, 2023: 0.5353237665234633, 2024: -0.16422678163630036}"
10,90,2.5,0.5,0.15,0.4706908829967142,0.0811110189218176,-0.2692457714415901,1827,0.32375266266471375,-0.059447937533872786,"{2020: nan, 2021: 0.8651744918675455, 2022: 0.8530101305587927, 2023: 0.15172615186979074, 2024: -0.059447937533872786}"
8,120,2.5,0.5,0.15,0.4353550555243217,0.058327587201537856,-0.26315487742725985,1827,0.3226841605460218,-0.11014589452763689,"{2020: nan, 2021: 0.6589350829715549, 2022: 0.6085752644811007, 2023: 0.9568646503525077, 2024: -0.11014589452763689}"
10,90,3.0,0.75,0.15,0.3683971832545522,0.040003424074978255,-0.2538730677215092,1827,0.31854675520666287,0.12659719879829778,"{2020: nan, 2021: 0.86666382719987, 2022: 0.12659719879829778, 2023: 0.5918523715842485, 2024: 0.27887501486625266}"
8,120,2.5,0.5,0.2,0.43353788765938234,0.07197482596890303,-0.3402216160491792,1827,0.3184885922894961,-0.12131571506188477,"{2020: nan, 2021: 0.6589350829715548, 2022: 0.6085752644811009, 2023: 0.9568646503525073, 2024: -0.12131571506188477}"
10,90,2.0,0.75,0.25,0.6429806699849979,0.18419952285915797,-0.37829743173763,1827,0.31408730881828273,-0.3533328928935322,"{2020: nan, 2021: 1.1890146221620148, 2022: 1.1172434685324033, 2023: -0.3533328928935322, 2024: 0.2581794325152319}"
12,120,3.0,0.5,0.2,0.49520950981169554,0.08231374884497589,-0.37014785532773176,1827,0.3111172115180443,-0.2253080712057362,"{2020: nan, 2021: 1.441748808438425, 2022: 0.35797699153654167, 2023: 1.303511870016869, 2024: -0.2253080712057362}"
12,90,2.0,0.75,0.15,0.5415455810001222,0.11797229686278454,-0.2971649982035154,1827,0.3084834647077911,-0.272537751236208,"{2020: nan, 2021: 0.9635430493400166, 2022: 1.0406938580222493, 2023: -0.272537751236208, 2024: 0.08210138690983114}"
10,120,3.0,0.75,0.2,0.4262766820297595,0.06510419315167049,-0.35312115268967637,1827,0.3042980675739084,-0.10086832076173285,"{2020: nan, 2021: 1.5872051908666935, 2022: 0.3191943548391225, 2023: 0.6543795108810819, 2024: -0.10086832076173285}"
10,90,2.5,0.5,0.2,0.46379574842591476,0.09731674385455813,-0.3370000089614009,1827,0.30397667428933905,-0.10726458490620121,"{2020: nan, 2021: 0.8691840178806719, 2022: 0.8684132174725259, 2023: 0.11510559242128175, 2024: -0.10726458490620121}"
10,90,3.0,0.75,0.2,0.34038214827553365,0.04409181284009356,-0.32360408496628357,1827,0.3032494404330034,0.1516455931882032,"{2020: nan, 2021: 0.7750059269194689, 2022: 0.1516455931882032, 2023: 0.5142341453247549, 2024: 0.2788750148662527}"
12,90,2.0,0.5,0.15,0.5210548721804189,0.11364460828676437,-0.30523196696264854,1827,0.29899969327504045,-0.23915821145255892,"{2020: nan, 2021: 0.8193607287531003, 2022: 1.0826788404826533, 2023: -0.23915821145255892, 2024: 0.05933870309443666}"
12,120,2.5,0.75,0.15,0.44318257738859684,0.07383416925353248,-0.3266864729736364,1827,0.2928562983437373,-0.2562038446935666,"{2020: nan, 2021: 0.8467814190661603, 2022: 0.6528588233008875, 2023: 0.8314031018944384, 2024: -0.2562038446935666}"
10,120,3.0,0.75,0.15,0.40297937259498734,0.04931011755786785,-0.2741221261641391,1827,0.2891413507061219,-0.08992041477641304,"{2020: nan, 2021: 1.5872051908666933, 2022: 0.29474022484939805, 2023: 0.5316225894767027, 2024: -0.08992041477641304}"
12,90,2.0,0.5,0.2,0.5346225604141887,0.1342596923091144,-0.38029977234145185,1827,0.2813622791970141,-0.11571380880801424,"{2020: nan, 2021: 0.8382316929003876, 2022: 1.0456315339345512, 2023: -0.11571380880801424, 2024: 0.08212035006287988}"
12,120,3.0,0.75,0.15,0.42469164324063047,0.05437842184923758,-0.28845773002091557,1827,0.2692776501530206,-0.31452199651042223,"{2020: nan, 2021: 1.5072715787625905, 2022: 0.3257891482613495, 2023: 0.9484431299342542, 2024: -0.31452199651042223}"
12,90,2.0,0.75,0.2,0.5286976627713422,0.1303896128256028,-0.3725828014037318,1827,0.2654842583578247,-0.20241509623856635,"{2020: nan, 2021: 0.987144644449164, 2022: 0.9863673908496663, 2023: -0.20241509623856635, 2024: -0.002881690437705186}"
10,120,2.0,0.75,0.2,0.5035482322765263,0.10891134855551576,-0.3547126529794089,1827,0.261079083949321,-0.3608770024482489,"{2020: nan, 2021: 1.0223801440028868, 2022: 1.0255296737629613, 2023: -0.3608770024482489, 2024: 0.13775752980081737}"
12,120,3.0,0.75,0.2,0.4473600806085031,0.07091114931054499,-0.36639373843668754,1827,0.252363861105142,-0.34139071959714945,"{2020: nan, 2021: 1.5072715787625905, 2022: 0.35051908676381643, 2023: 1.107994250657445, 2024: -0.34139071959714945}"
12,120,2.0,0.5,0.25,0.5943208383837357,0.1585366873465648,-0.44719973412558445,1827,0.2467889543854272,-0.10819524800306159,"{2020: nan, 2021: 0.8819155581730829, 2022: 0.9179975938646125, 2023: 0.931889108399628, 2024: -0.10819524800306159}"
12,90,2.0,0.5,0.25,0.5504137352610212,0.14979052394350134,-0.4013543832597083,1827,0.2452890776710957,-0.15406759906617248,"{2020: nan, 2021: 0.8578515647992873, 2022: 1.073515077987922, 2023: -0.15406759906617248, 2024: 0.1405654360491223}"
12,90,2.0,0.75,0.25,0.5500048489840286,0.14777378052250545,-0.38958158507303264,1827,0.24014092325098801,-0.23567319040680423,"{2020: nan, 2021: 1.0099744756975184, 2022: 1.0194518403587025, 2023: -0.23567319040680423, 2024: 0.03353577655280861}"
10,120,2.0,0.75,0.15,0.4798224659716676,0.08444040423809307,-0.2808755907872379,1827,0.23948794653499672,-0.4340543362222156,"{2020: nan, 2021: 1.0796192680223657, 2022: 0.9818500999890912, 2023: -0.4340543362222156, 2024: 0.15846266359008548}"
8,120,2.5,0.75,0.15,0.38601245483598506,0.049419017093796924,-0.2440166037081365,1827,0.23938738626958178,-0.25977653849636173,"{2020: nan, 2021: 0.6650779324910051, 2022: 0.6946196783560326, 2023: 0.5676940610737489, 2024: -0.25977653849636173}"
8,120,2.5,0.75,0.2,0.3841506878621844,0.06014799404863336,-0.3171106155311486,1827,0.23495006411378971,-0.271567302015939,"{2020: nan, 2021: 0.6650779324910051, 2022: 0.6946196783560329, 2023: 0.5676940610737489, 2024: -0.271567302015939}"
12,120,2.5,0.5,0.2,0.5166653339046581,0.11133371584041085,-0.4221573707241709,1827,0.23219936852216372,-0.16139771084902552,"{2020: nan, 2021: 0.7619539741466388, 2022: 0.6675998375585156, 2023: 1.3887237936003292, 2024: -0.16139771084902552}"
12,120,2.0,0.75,0.15,0.41924677324322,0.07352001781706319,-0.3357418143129488,1827,0.2321642241599206,-0.20533964096000862,"{2020: nan, 2021: 1.1182978706957938, 2022: 0.7970238641344709, 2023: -0.12930573761166345, 2024: -0.20533964096000862}"
12,120,2.5,0.5,0.25,0.5556846026742737,0.13594417178041018,-0.44756532524240056,1827,0.2279836272485169,-0.09197471361511976,"{2020: nan, 2021: 0.7405933950840532, 2022: 0.7520689043202761, 2023: 1.42627928711356, 2024: -0.09197471361511976}"
10,90,2.5,0.75,0.25,0.48374292597025725,0.10714846228862829,-0.3743348011176252,1827,0.22768722326707752,-0.31434481931264036,"{2020: nan, 2021: 1.0790412393056619, 2022: 0.8752427262669469, 2023: 0.2259881961643158, 2024: -0.31434481931264036}"
12,90,2.5,0.75,0.15,0.4404775709484812,0.07550517910701471,-0.30408686798769335,1827,0.22713288104835005,-0.48651154902008864,"{2020: nan, 2021: 0.8168526279827079, 2022: 0.7506768543308531, 2023: 0.7944886691672147, 2024: -0.48651154902008864}"
12,120,2.0,0.5,0.2,0.5263283892270951,0.12121146930354265,-0.42431826705093467,1827,0.225104988811619,-0.15828138256404684,"{2020: nan, 2021: 0.8431773116427841, 2022: 0.8371189990420662, 2023: 0.7627205092985252, 2024: -0.15828138256404684}"
10,90,2.5,0.5,0.25,0.43644391991812986,0.0929355281382167,-0.3841064171370616,1827,0.224971205066675,-0.06494734512208994,"{2020: nan, 2021: 0.8564897635016583, 2022: 0.7806745266061834, 2023: 0.08389401049860758, 2024: -0.06494734512208994}"
8,120,2.0,0.5,0.25,0.46705823175878597,0.09841583212998684,-0.4050148900831455,1827,0.21124452479512967,-0.15160847098147523,"{2020: nan, 2021: 0.8162887265449087, 2022: 0.799168501651, 2023: 0.4813417775542704, 2024: -0.15160847098147523}"
8,90,2.5,0.75,0.15,0.39146469734583905,0.048797080433098605,-0.219831254329806,1827,0.20715219654637373,-0.35535344274406533,"{2020: nan, 2021: 0.9475357770433864, 2022: 0.6541514495414825, 2023: 0.3253611626271949, 2024: -0.35535344274406533}"
10,90,3.0,0.5,0.15,0.26142428270813944,0.02645870987889798,-0.27196094150342787,1827,0.2068676645966005,-0.03474256945568762,"{2020: nan, 2021: 0.5715842146393806, 2022: -0.03474256945568762, 2023: 0.44737560983770863, 2024: 0.3817211158119718}"
8,120,2.0,0.75,0.15,0.39553982695548734,0.055584623945855505,-0.24749566310197102,1827,0.2046061774851139,-0.2346377191232209,"{2020: nan, 2021: 0.9023046663331005, 2022: 0.8617148521042887, 2023: -0.15429376881346882, 2024: -0.2346377191232209}"
8,90,2.5,0.75,0.2,0.3887709672125531,0.05973725868009172,-0.28667115098375573,1827,0.2009351611663741,-0.37208819247418917,"{2020: nan, 2021: 0.9475357770433869, 2022: 0.6541514495414825, 2023: 0.32536116262719506, 2024: -0.37208819247418917}"
8,120,2.0,0.75,0.2,0.392809789556092,0.06664429712609676,-0.3225397996075541,1827,0.19968641463478798,-0.24647887948107425,"{2020: nan, 2021: 0.9023046663331008, 2022: 0.8546736780619566, 2023: -0.1542937688134687, 2024: -0.24647887948107425}"
10,120,3.0,0.5,0.25,0.4417567719284495,0.07758908141367016,-0.4278153316297403,1827,0.199409512650095,-0.01815177151158764,"{2020: nan, 2021: 1.4723469635788788, 2022: 0.3044980176733562, 2023: 0.917403294232148, 2024: -0.01815177151158764}"
10,90,3.0,0.5,0.2,0.24261559655050763,0.027377376804115672,-0.3455810007211644,1827,0.19832632293645996,-0.01094455756084794,"{2020: nan, 2021: 0.4769601733308701, 2022: -0.01094455756084794, 2023: 0.4254209652023635, 2024: 0.3817211158119719}"
8,90,2.5,0.5,0.25,0.3501758778633897,0.058792930004072375,-0.35541270366278166,1827,0.19529577205733695,-0.25711756323844115,"{2020: nan, 2021: 0.6576960532024478, 2022: 0.5863353339546934, 2023: 0.4328271649793022, 2024: -0.25711756323844115}"
12,90,2.5,0.5,0.25,0.4054063981034919,0.08294812633982107,-0.38110369454987425,1827,0.1948991866001798,-0.20468369791099855,"{2020: nan, 2021: 0.6590009523415851, 2022: 0.7119546193932791, 2023: 0.42672295213506023, 2024: -0.20468369791099855}"
8,90,2.5,0.5,0.15,0.3392623537873689,0.041505074260842045,-0.22300806878149215,1827,0.19158916113185337,-0.28977115670715564,"{2020: nan, 2021: 0.6469479962461391, 2022: 0.5930195254489554, 2023: 0.4484275544436375, 2024: -0.28977115670715564}"
12,120,3.0,0.5,0.25,0.4840813536033069,0.08915983605854816,-0.42438478180295525,1827,0.19032493299530173,-0.2481500870421442,"{2020: nan, 2021: 1.4417488084384242, 2022: 0.3044522372455675, 2023: 1.4310555602707538, 2024: -0.2481500870421442}"
10,90,3.0,0.75,0.25,0.28756768456329784,0.037695428458936586,-0.3858366838136672,1827,0.18577365952427738,0.12678196376060372,"{2020: nan, 2021: 0.6399939310947941, 2022: 0.12678196376060372, 2023: 0.41587300889694223, 2024: 0.26760923706618056}"
8,90,2.5,0.5,0.2,0.33616115173525735,0.04948314622642891,-0.29082325592549263,1827,0.1845216347797164,-0.3083399375523415,"{2020: nan, 2021: 0.6469479962461391, 2022: 0.5930195254489554, 2023: 0.44842755444363763, 2024: -0.3083399375523415}"
12,90,2.5,0.75,0.25,0.45545150694096276,0.09832661526038788,-0.377561162695609,1827,0.18445820378471428,-0.4409849383159859,"{2020: nan, 2021: 0.9047033220840885, 2022: 0.7906735315970018, 2023: 0.5427981605965374, 2024: -0.4409849383159859}"
12,120,2.5,0.75,0.25,0.5068203195325252,0.1177694746775797,-0.4293368886518244,1827,0.18441338392681428,-0.26760773013129424,"{2020: nan, 2021: 0.8254514638988278, 2022: 0.789971240621952, 2023: 1.0791848396679145, 2024: -0.26760773013129424}"
12,90,3.0,0.75,0.15,0.28168334515468524,0.030387179551260024,-0.2835345957868567,1827,0.18126261200384258,-0.12054700788298886,"{2020: nan, 2021: 0.6435650014957441, 2022: -0.03332742272408758, 2023: 1.1220973814258268, 2024: -0.12054700788298886}"
10,120,2.0,0.75,0.25,0.5187421489207434,0.1266949494719274,-0.4195627179842827,1827,0.17917777768996257,-0.21584318908662542,"{2020: nan, 2021: 0.9190392832917436, 2022: 1.007169011605189, 2023: -0.21584318908662542, 2024: 0.18259195563497355}"
12,90,2.5,0.5,0.15,0.35317853983912156,0.05639490156996918,-0.3065621667070936,1827,0.17003890811015784,-0.4065332586291034,"{2020: nan, 2021: 0.5914856347181593, 2022: 0.6849523245042323, 2023: 0.4940236734554314, 2024: -0.4065332586291034}"
10,120,3.0,0.75,0.25,0.4106938716713936,0.06919859213728374,-0.4166182164984257,1827,0.16989369381483915,-0.12258978378352539,"{2020: nan, 2021: 1.4871555104398635, 2022: 0.3300547590959484, 2023: 0.7676287604107178, 2024: -0.12258978378352539}"
12,120,2.5,0.75,0.2,0.4553497279953592,0.09155846133225509,-0.4104514948468153,1827,0.168160332042061,-0.3232742650775924,"{2020: nan, 2021: 0.8467814190661606, 2022: 0.6902155355777977, 2023: 0.9714469072254516, 2024: -0.3232742650775924}"
8,120,2.5,0.5,0.25,0.4203437126777861,0.07902037296558984,-0.41342752570642693,1827,0.16397341951510297,-0.1911785744666762,"{2020: nan, 2021: 0.6589350829715549, 2022: 0.6046145243014477, 2023: 0.9532232927824223, 2024: -0.1911785744666762}"
12,90,2.5,0.75,0.2,0.4312642548209253,0.08748442487605712,-0.3737003883194552,1827,0.16230662923226608,-0.5132945264818848,"{2020: nan, 2021: 0.8574248410448017, 2022: 0.7722178652536924, 2023: 0.6575937373289765, 2024: -0.5132945264818848}"
12,120,3.0,0.75,0.25,0.456272847225683,0.08124391026752265,-0.41981460876983534,1827,0.15905652249164726,-0.3249766463409465,"{2020: nan, 2021: 1.50727157876259, 2022: 0.2966872830091111, 2023: 1.298365438255196, 2024: -0.3249766463409465}"
8,90,2.5,0.75,0.25,0.366282286876015,0.06247034466685886,-0.3557848206634734,1827,0.1508838637042303,-0.45577012460396504,"{2020: nan, 2021: 0.9448877011263428, 2022: 0.6354854452953729, 2023: 0.3090522177792169, 2024: -0.45577012460396504}"
12,90,3.0,0.75,0.2,0.2621951085092026,0.03128062953612476,-0.360444454954596,1827,0.14700053321890683,-0.12196005132361709,"{2020: nan, 2021: 0.643565001495744, 2022: -0.036306209030118226, 2023: 1.0366043081903884, 2024: -0.12196005132361709}"
12,90,2.5,0.5,0.2,0.37016355237072973,0.06965639128063983,-0.3770689204247647,1827,0.14086434925215338,-0.3472860475999489,"{2020: nan, 2021: 0.6217391133691396, 2022: 0.7064004534927193, 2023: 0.4321480082891444, 2024: -0.3472860475999489}"
12,120,2.0,0.75,0.25,0.511616534890823,0.12482155516398818,-0.44654233944209565,1827,0.13009595526641826,-0.193150451642529,"{2020: nan, 2021: 1.0739711836297041, 2022: 0.8981804201629561, 2023: 0.19478015957506503, 2024: -0.193150451642529}"
8,120,2.5,0.75,0.25,0.3691547675425874,0.06400454229110086,-0.3891555183619445,1827,0.12664793605389715,-0.34495608866992855,"{2020: nan, 2021: 0.665077932491005, 2022: 0.6845629529577318, 2023: 0.5676940610737485, 2024: -0.34495608866992855}"
12,150,2.0,0.75,0.15,0.35140598708193843,0.048566930178266965,-0.2665664252061938,1827,0.12114360901214433,-0.4901111083411262,"{2020: nan, 2021: -0.4901111083411262, 2022: 0.6087789193987012, 2023: 1.2695564389852771, 2024: -0.039536533871346924}"
12,90,3.0,0.75,0.25,0.27979577344546064,0.0366494878215875,-0.3848235039152893,1827,0.1129451401203537,-0.12593685602235682,"{2020: nan, 2021: 0.6435650014957439, 2022: 0.05956401654435721, 2023: 0.8807716649784733, 2024: -0.12593685602235682}"
12,90,3.0,0.5,0.15,0.19415019063427955,0.017735492695286625,-0.29517375220659814,1827,0.1077180700251756,-0.13879131965006114,"{2020: nan, 2021: 0.37969277797073475, 2022: -0.13879131965006114, 2023: 0.9612300422506176, 2024: -0.04381035854552787}"
12,150,2.0,0.75,0.2,0.3274827717684188,0.04975605339832678,-0.3443739989587373,1827,0.09876143157865296,-0.4901111083411268,"{2020: nan, 2021: -0.4901111083411268, 2022: 0.5806775926361415, 2023: 1.3722995733117902, 2024: -0.13859429957062028}"
12,120,2.0,0.75,0.2,0.43863642855871887,0.09076393479056888,-0.42229208001759555,1827,0.09778783968530724,-0.2726725807022841,"{2020: nan, 2021: 1.0885430107936414, 2022: 0.8067032120400659, 2023: 0.041898202483309936, 2024: -0.2726725807022841}"
8,120,2.0,0.75,0.25,0.3716226370240685,0.06778299356374684,-0.3926632114779438,1827,0.09564607370697412,-0.24923549086893987,"{2020: nan, 2021: 0.8862509410833835, 2022: 0.8097517041727211, 2023: -0.19051200818364705, 2024: -0.24923549086893987}"
8,120,3.0,0.5,0.2,0.23783323742308674,0.024932670149926617,-0.3276531747412945,1827,0.08577804060164687,-0.43104540412559383,"{2020: nan, 2021: 1.3993485273143964, 2022: -0.12280802926086576, 2023: 0.9027854751623408, 2024: -0.43104540412559383}"
8,120,3.0,0.5,0.15,0.23783323742308668,0.02137138326136001,-0.25290043187237776,1827,0.08577804060164683,-0.4310454041255937,"{2020: nan, 2021: 1.3993485273143964, 2022: -0.12280802926086595, 2023: 0.9027854751623404, 2024: -0.4310454041255937}"
10,150,3.0,0.75,0.15,0.09353493061265276,0.0035785336393119316,-0.2311799678906694,1827,0.07840424089494076,0.0076181179294310146,"{2020: nan, 2021: 0.32799243071091116, 2022: 0.0076181179294310146, 2023: 0.1383470272409234, 2024: 0.10300769336946206}"
10,150,3.0,0.75,0.2,0.08960269626503228,0.0008655942015085571,-0.286557991010012,1827,0.0722861881108325,-0.004483089267306364,"{2020: nan, 2021: 0.3279924307109111, 2022: -0.004483089267306364, 2023: 0.16930406430063238, 2024: 0.07142460558825009}"
12,90,3.0,0.5,0.2,0.18717046408653107,0.016825051642429978,-0.3730716525420742,1827,0.05586699386674672,-0.13856499593219268,"{2020: nan, 2021: 0.3796927779707351, 2022: -0.13856499593219268, 2023: 0.9704813363866127, 2024: -0.06380212846121544}"
10,90,3.0,0.5,0.25,0.20534871392424459,0.02046091074316969,-0.4059558273028596,1827,0.054316727278127835,-0.019188568072149498,"{2020: nan, 2021: 0.3417127994828736, 2022: -0.019188568072149498, 2023: 0.42810346460059, 2024: 0.3433464749265921}"
10,150,3.0,0.5,0.15,0.06417146774139003,-0.0004355921081468095,-0.24152508653157256,1827,0.043687630629055285,-0.04710904271644564,"{2020: nan, 2021: 0.2540293930488717, 2022: -0.04710904271644564, 2023: 0.06232632577221189, 2024: 0.16114355993510293}"
12,90,3.0,0.5,0.25,0.21055372308041959,0.02150887967473536,-0.3986780571998373,1827,0.039203155925172456,-0.05551908273421235,"{2020: nan, 2021: 0.37969277797073475, 2022: -0.05551908273421235, 2023: 0.9074262323241046, 2024: -0.052652866419739056}"
10,150,3.0,0.75,0.25,0.05610946535454008,-0.008152498339555558,-0.3290718419499976,1827,0.02211296219296919,-0.10146838299779207,"{2020: nan, 2021: 0.32799243071091116, 2022: -0.026872009707471594, 2023: 0.24673954173979395, 2024: -0.10146838299779207}"
12,150,3.0,0.75,0.15,0.09179310096012826,0.0029427375629211827,-0.2757110280210907,1827,0.02201770014629917,-0.24684133252590026,"{2020: nan, 2021: 0.42644894983469195, 2022: 0.10409543651301768, 2023: 0.3587289254970238, 2024: -0.24684133252590026}"
8,120,3.0,0.75,0.15,0.197647626871638,0.016264346470300284,-0.2405790306569099,1827,0.020081826856408816,-0.5711386647585821,"{2020: nan, 2021: 1.4145165034376852, 2022: -0.055736141878932076, 2023: 0.6728555021723461, 2024: -0.5711386647585821}"
8,120,3.0,0.75,0.2,0.19764762687163795,0.018210341895599225,-0.3127532947248747,1827,0.020081826856408747,-0.5711386647585823,"{2020: nan, 2021: 1.4145165034376848, 2022: -0.055736141878931875, 2023: 0.672855502172346, 2024: -0.5711386647585823}"
10,150,3.0,0.5,0.2,0.037318242272925434,-0.007911338714493898,-0.3104636755682816,1827,0.017281883353604956,-0.06163084828636847,"{2020: nan, 2021: 0.2540293930488715, 2022: -0.06163084828636847, 2023: 0.08172086096447491, 2024: 0.03473689608789665}"
12,150,2.0,0.5,0.15,0.3371217833188768,0.046708837963236105,-0.30658046562633,1827,0.01472874684294967,-0.8746251986967006,"{2020: nan, 2021: -0.8746251986967006, 2022: 0.7039365292316515, 2023: 1.3572055769548208, 2024: -0.045957554873467275}"
12,150,3.0,0.5,0.15,0.06880201193436247,-0.0004106984882995546,-0.2591461414060655,1827,0.006187610379606051,-0.2272389986660106,"{2020: nan, 2021: 0.3390495107030481, 2022: 0.05078093177162537, 2023: 0.34111509719509264, 2024: -0.2272389986660106}"
8,120,3.0,0.5,0.25,0.23783323742308668,0.02650469065877248,-0.3979275428577105,1827,-0.010077045113774066,-0.43104540412559333,"{2020: nan, 2021: 1.3993485273143962, 2022: -0.12280802926086562, 2023: 0.9027854751623405, 2024: -0.43104540412559333}"
10,150,3.0,0.5,0.25,0.020055954463716233,-0.015109681405759412,-0.35044747196421555,1827,-0.012751952640266555,-0.11979697614894454,"{2020: nan, 2021: 0.2540293930488714, 2022: -0.042370260668645236, 2023: 0.1362027553792824, 2024: -0.11979697614894454}"
8,90,3.0,0.75,0.2,0.0905098776967034,0.0020717000027083987,-0.28533757051551867,1827,-0.02017177602388031,-0.3983756588361886,"{2020: nan, 2021: 0.6398143393213644, 2022: -0.3983756588361886, 2023: 0.45548908222140855, 2024: -0.019692530049874677}"
8,90,3.0,0.75,0.15,0.09050987769670328,0.003732251006734799,-0.21911563985907367,1827,-0.020171776023880372,-0.39837565883618853,"{2020: nan, 2021: 0.6398143393213643, 2022: -0.39837565883618853, 2023: 0.45548908222140866, 2024: -0.019692530049874743}"
8,90,3.0,0.75,0.25,0.08799786591993065,-0.0015879864698505886,-0.3482695726779046,1827,-0.022755776883034297,-0.39837565883618875,"{2020: nan, 2021: 0.6398143393213642, 2022: -0.39837565883618875, 2023: 0.455489082221409, 2024: -0.032642976669641804}"
12,150,2.0,0.75,0.25,0.28118996290496556,0.03882276781447036,-0.40027621961381943,1827,-0.03695178228335359,-0.4901111083411263,"{2020: nan, 2021: -0.4901111083411263, 2022: 0.4242097992489675, 2023: 1.4847173363342858, 2024: -0.15339348846142983}"
8,120,3.0,0.75,0.25,0.19764762687163798,0.01822582048253696,-0.38111866819434026,1827,-0.042155509532271776,-0.5711386647585822,"{2020: nan, 2021: 1.4145165034376848, 2022: -0.05573614187893172, 2023: 0.6728555021723458, 2024: -0.5711386647585822}"
12,150,3.0,0.75,0.2,0.05940610871020472,-0.005284319748894428,-0.34205304278631266,1827,-0.04382459166762724,-0.4235343926136631,"{2020: nan, 2021: 0.4264489498346917, 2022: 0.0976698850977231, 2023: 0.41814251471317077, 2024: -0.4235343926136631}"
10,150,2.5,0.75,0.15,0.003084922381917016,-0.010908932995986498,-0.2646238473412351,1827,-0.05545220933352624,-0.2047099109588115,"{2020: nan, 2021: -0.2047099109588115, 2022: 0.09686511932141209, 2023: 0.08932403690890883, 2024: -0.08209872730965323}"
12,150,2.5,0.75,0.15,0.03997264391147564,-0.006708350930620277,-0.2840398874114094,1827,-0.05623468704967757,-0.3163511695458559,"{2020: nan, 2021: -0.12354863538094478, 2022: 0.25664261397731597, 2023: 0.28049833363636995, 2024: -0.3163511695458559}"
10,150,2.5,0.75,0.2,-0.013569879072969693,-0.02100153545387884,-0.3382599607454988,1827,-0.07065345235325328,-0.20470991095881158,"{2020: nan, 2021: -0.20470991095881158, 2022: 0.08810736208291274, 2023: 0.11170882798076805, 2024: -0.14840451401175334}"
8,90,3.0,0.5,0.15,0.037663270745693506,-0.002397150629207978,-0.22326273754802795,1827,-0.07506756563712903,-0.4766377720445776,"{2020: nan, 2021: 0.2967575817978754, 2022: -0.4766377720445776, 2023: 0.5671835415955939, 2024: 0.057502196724283784}"
8,90,3.0,0.5,0.2,0.037663270745693464,-0.006286554640683839,-0.2904647632923958,1827,-0.0750675656371291,-0.4766377720445777,"{2020: nan, 2021: 0.2967575817978752, 2022: -0.4766377720445777, 2023: 0.5671835415955939, 2024: 0.057502196724283784}"
12,150,3.0,0.5,0.2,0.026772680512066827,-0.01121330795630493,-0.3310050896489827,1827,-0.07712066918115487,-0.44508359488248744,"{2020: nan, 2021: 0.3390495107030482, 2022: 0.04211937469776251, 2023: 0.3957398180796907, 2024: -0.44508359488248744}"
8,90,3.0,0.5,0.25,0.035077825843182406,-0.012273944752512533,-0.3541904513755566,1827,-0.08594191857479772,-0.47663777204457775,"{2020: nan, 2021: 0.29675758179787537, 2022: -0.47663777204457775, 2023: 0.5671835415955943, 2024: 0.044228745818745606}"
12,150,2.0,0.5,0.2,0.30480380715650646,0.04459702916488428,-0.39091919101477124,1827,-0.09272368168757525,-0.8746251986967007,"{2020: nan, 2021: -0.8746251986967007, 2022: 0.6646554686828497, 2023: 1.4074805649015814, 2024: -0.12179272000920241}"
10,150,2.5,0.5,0.15,-0.04134617679845225,-0.018017377432210657,-0.29507191647701614,1827,-0.11797996852481282,-0.31075633359834565,"{2020: nan, 2021: -0.31075633359834565, 2022: 0.034912885553250825, 2023: 0.11757618761450563, 2024: -0.1564283996807414}"
12,150,2.5,0.75,0.2,-0.004943194537030385,-0.021518849011887498,-0.35429480059992513,1827,-0.12398525305301214,-0.43378907008422196,"{2020: nan, 2021: -0.12354863538094511, 2022: 0.18190650966836666, 2023: 0.32510600476186774, 2024: -0.43378907008422196}"
12,150,3.0,0.5,0.25,0.006617040111570034,-0.01857157953067401,-0.35489689869796626,1827,-0.13144452084521402,-0.563498276026577,"{2020: nan, 2021: 0.3390495107030481, 2022: -0.008104965978599015, 2023: 0.5091994664307086, 2024: -0.563498276026577}"
12,150,3.0,0.75,0.25,0.029924128975481253,-0.013861712434077189,-0.36971815772424077,1827,-0.1335284133460682,-0.5351911277925925,"{2020: nan, 2021: 0.42644894983469206, 2022: 0.007191510220932146, 2023: 0.5433914265952733, 2024: -0.5351911277925925}"
12,150,2.5,0.5,0.15,-0.007726295049867554,-0.01475832668803101,-0.3042149214891785,1827,-0.1496406843342887,-0.4836979474997014,"{2020: nan, 2021: -0.4836979474997014, 2022: 0.2388138984422377, 2023: 0.3587993433128124, 2024: -0.3558653796982359}"
8,150,3.0,0.5,0.2,-0.09122042681756574,-0.02531303368096771,-0.28515239121572633,1827,-0.1542396894676404,-0.3494087241703534,"{2020: nan, 2021: 0.2540293930488715, 2022: -0.23101544401956425, 2023: 0.13766542968513876, 2024: -0.3494087241703534}"
8,150,3.0,0.75,0.25,-0.0821710301531343,-0.03263578560429381,-0.3447490948385453,1827,-0.1580645013976492,-0.39975641719628147,"{2020: nan, 2021: 0.32799243071091116, 2022: -0.25340817783406294, 2023: 0.24371588673085168, 2024: -0.39975641719628147}"
8,150,3.0,0.75,0.15,-0.0839088396647156,-0.015685482921908633,-0.21267432949377418,1827,-0.15947699152173106,-0.39975641719628163,"{2020: nan, 2021: 0.32799243071091116, 2022: -0.2578346553172159, 2023: 0.24371588673085198, 2024: -0.39975641719628163}"
8,150,3.0,0.75,0.2,-0.0839088396647158,-0.023716709314756,-0.280021610803454,1827,-0.15947699152173128,-0.3997564171962818,"{2020: nan, 2021: 0.3279924307109111, 2022: -0.25783465531721655, 2023: 0.24371588673085173, 2024: -0.3997564171962818}"
8,150,3.0,0.5,0.15,-0.09764978041313771,-0.017580898305024184,-0.21960632517077117,1827,-0.15983184961745073,-0.3494087241703531,"{2020: nan, 2021: 0.2540293930488717, 2022: -0.250884947659168, 2023: 0.13766542968513915, 2024: -0.3494087241703531}"
10,150,2.5,0.5,0.2,-0.06783238499167167,-0.03147868551730204,-0.37266848398493957,1827,-0.1883079351920317,-0.31075633359834615,"{2020: nan, 2021: -0.31075633359834615, 2022: 0.018905098617396005, 2023: 0.1424266759586781, 2024: -0.25991311047858273}"
8,150,3.0,0.5,0.25,-0.10559676696757109,-0.03700669600556039,-0.35035716646465564,1827,-0.1938371265154279,-0.4730089645172768,"{2020: nan, 2021: 0.2540293930488714, 2022: -0.2008492837697922, 2023: 0.1376654296851389, 2024: -0.4730089645172768}"
10,150,2.5,0.75,0.25,-0.05376850732046393,-0.03709876856946037,-0.4024452441816222,1827,-0.22914751667313665,-0.29926530855097994,"{2020: nan, 2021: -0.20470991095881141, 2022: 0.046558800361390755, 2023: 0.17044927475407468, 2024: -0.29926530855097994}"
12,150,2.5,0.75,0.25,-0.023543234761883098,-0.032095406163307305,-0.40041252349536327,1827,-0.2365752599250617,-0.4616840433575428,"{2020: nan, 2021: -0.12354863538094463, 2022: 0.09369755801731189, 2023: 0.4189612984807916, 2024: -0.4616840433575428}"
12,150,2.0,0.5,0.25,0.2385006262896642,0.027032514043501266,-0.4444893159723212,1827,-0.24850384945616316,-0.8746251986967012,"{2020: nan, 2021: -0.8746251986967012, 2022: 0.5377880536091968, 2023: 1.433919212994885, 2024: -0.1784387847931839}"
12,150,2.5,0.5,0.2,-0.04322237807048727,-0.02972448351494794,-0.3844485715785452,1827,-0.2493287591428131,-0.4836979474997016,"{2020: nan, 2021: -0.4836979474997016, 2022: 0.17751801671768205, 2023: 0.4100992736670318, 2024: -0.44776016884272407}"
10,150,2.0,0.75,0.15,0.14119665600096684,0.009348479994570225,-0.3622961755473918,1827,-0.31551950889029523,-1.5322750488443466,"{2020: nan, 2021: -1.5322750488443466, 2022: 0.46203583073496096, 2023: 1.0292534940051128, 2024: 0.09610652828095821}"
10,150,2.5,0.5,0.25,-0.08211304075331335,-0.04369891947934512,-0.42719082875881853,1827,-0.3254119034527021,-0.3754315430927769,"{2020: nan, 2021: -0.310756333598346, 2022: 0.035127866887988295, 2023: 0.20307982381365028, 2024: -0.3754315430927769}"
12,150,2.5,0.5,0.25,-0.059488575478302094,-0.04058605795472736,-0.4249057537748375,1827,-0.34361321272911,-0.48369794749970163,"{2020: nan, 2021: -0.48369794749970163, 2022: 0.11249451223491692, 2023: 0.5059580778014713, 2024: -0.477653444959246}"
8,150,2.5,0.75,0.15,-0.2250350244643395,-0.037351350864519905,-0.26509855346561295,1827,-0.34831560308108983,-0.7123205299308913,"{2020: nan, 2021: -0.2047099109588115, 2022: -0.1483459299352324, 2023: 0.06827307519679976, 2024: -0.7123205299308913}"
8,150,2.5,0.75,0.2,-0.22503502446433965,-0.05336730001786161,-0.34387857653033915,1827,-0.3483156030810901,-0.7123205299308919,"{2020: nan, 2021: -0.20470991095881158, 2022: -0.14834592993523296, 2023: 0.06827307519679955, 2024: -0.7123205299308919}"
8,150,2.5,0.5,0.15,-0.24853468935430972,-0.04144220719078884,-0.282113969978003,1827,-0.3827691544918057,-0.7640418980851366,"{2020: nan, 2021: -0.31075633359834565, 2022: -0.15575444008454753, 2023: 0.11595644664174051, 2024: -0.7640418980851366}"
8,150,2.5,0.5,0.2,-0.23022864939918206,-0.055597233007025126,-0.3642423157854757,1827,-0.3850139522231314,-0.710201775060114,"{2020: nan, 2021: -0.31075633359834615, 2022: -0.1389307105133022, 2023: 0.11595644664174029, 2024: -0.710201775060114}"
8,150,2.5,0.75,0.25,-0.20404678454539862,-0.0663983447878852,-0.41624882986606593,1827,-0.45185516195707787,-0.6567393496049981,"{2020: nan, 2021: -0.20470991095881141, 2022: -0.12296991923848309, 2023: 0.06827307519679945, 2024: -0.6567393496049981}"
10,150,2.0,0.5,0.15,0.1337493525175274,0.007851850619147838,-0.3990392933163729,1827,-0.46966142140499423,-1.8279836842855897,"{2020: nan, 2021: -1.8279836842855897, 2022: 0.5080688316432239, 2023: 1.2438437417072015, 2024: 0.0663955249863826}"
10,150,2.0,0.75,0.2,0.14143656064443852,0.006264982708594102,-0.4544187096022806,1827,-0.4963816880234393,-1.5322750488443462,"{2020: nan, 2021: -1.5322750488443462, 2022: 0.4835995841462192, 2023: 1.116256897245101, 2024: 0.0826139981599508}"
8,150,2.5,0.5,0.25,-0.22408584900885578,-0.07131989097727032,-0.43834057788218117,1827,-0.5390766097393865,-0.7498558605797202,"{2020: nan, 2021: -0.310756333598346, 2022: -0.10582354371705441, 2023: 0.11595644664174035, 2024: -0.7498558605797202}"
8,150,2.0,0.75,0.15,-0.2363476205890027,-0.0438091324922224,-0.362098808352896,1827,-0.6151912977357734,-1.5756587392974444,"{2020: nan, 2021: -1.5756587392974444, 2022: -0.00752135830455589, 2023: 0.9633507417183156, 2024: -0.5407562374489919}"
10,150,2.0,0.5,0.2,0.1286846148424785,0.0029456856755443184,-0.4950051856489154,1827,-0.661970798795965,-1.8279836842855903,"{2020: nan, 2021: -1.8279836842855903, 2022: 0.5267027894280948, 2023: 1.338770587924611, 2024: 0.041562313670839665}"
10,150,2.0,0.75,0.25,0.09554889301862149,-0.010772435008969738,-0.5351242087424728,1827,-0.6930016471298698,-1.5322750488443462,"{2020: nan, 2021: -1.5322750488443462, 2022: 0.45296454503199324, 2023: 1.2664066802173697, 2024: -0.08656614359769636}"
8,150,2.0,0.5,0.15,-0.21901071958678223,-0.042689561691236166,-0.38981764570980326,1827,-0.7447058738760421,-1.9135087373820232,"{2020: nan, 2021: -1.9135087373820232, 2022: 0.047889265555647834, 2023: 1.290788834415676, 2024: -0.5535865883061692}"
8,150,2.0,0.75,0.2,-0.24331008028915638,-0.06356715168474403,-0.45799924983253915,1827,-0.8139721056253739,-1.5756587392974444,"{2020: nan, 2021: -1.5756587392974444, 2022: -0.007521358304556734, 2023: 0.9633507417183157, 2024: -0.5774798605528204}"
10,150,2.0,0.5,0.25,0.09085410782451794,-0.012442271617474132,-0.5688950477957013,1827,-0.8339939868343298,-1.8279836842855905,"{2020: nan, 2021: -1.8279836842855905, 2022: 0.5172240313228655, 2023: 1.4240624423800066, 2024: -0.03220870557984772}"
8,150,2.0,0.5,0.2,-0.2096721346813634,-0.0591168548410026,-0.4873195749506237,1827,-0.932951370515273,-1.9135087373820237,"{2020: nan, 2021: -1.9135087373820237, 2022: 0.07690259191430344, 2023: 1.2907888344156757, 2024: -0.5563519351401994}"
8,150,2.0,0.75,0.25,-0.2469000455993828,-0.084367144644512,-0.5420035385929363,1827,-0.9844369890667966,-1.5756587392974442,"{2020: nan, 2021: -1.5756587392974442, 2022: 0.014963181463990314, 2023: 0.9301302131944004, 2024: -0.590122216173104}"
8,150,2.0,0.5,0.25,-0.19741364773127007,-0.07499514065576085,-0.5733998623719581,1827,-1.0925929861489738,-1.9135087373820234,"{2020: nan, 2021: -1.9135087373820234, 2022: 0.10230212396584377, 2023: 1.2600001791594717, 2024: -0.4972871624402674}"
