time,return
2024-03-24 00:00:00+00:00,0.0
2024-03-25 00:00:00+00:00,0.0
2024-03-26 00:00:00+00:00,0.0
2024-03-27 00:00:00+00:00,0.0
2024-03-28 00:00:00+00:00,0.0
2024-03-29 00:00:00+00:00,0.0
2024-03-30 00:00:00+00:00,0.0
2024-03-31 00:00:00+00:00,0.0
2024-04-01 00:00:00+00:00,0.0
2024-04-02 00:00:00+00:00,0.0
2024-04-03 00:00:00+00:00,0.0
2024-04-04 00:00:00+00:00,0.0
2024-04-05 00:00:00+00:00,0.0
2024-04-06 00:00:00+00:00,0.0
2024-04-07 00:00:00+00:00,0.0
2024-04-08 00:00:00+00:00,0.0
2024-04-09 00:00:00+00:00,0.0
2024-04-10 00:00:00+00:00,0.0
2024-04-11 00:00:00+00:00,0.0
2024-04-12 00:00:00+00:00,0.0
2024-04-13 00:00:00+00:00,0.0
2024-04-14 00:00:00+00:00,0.0
2024-04-15 00:00:00+00:00,0.0
2024-04-16 00:00:00+00:00,0.0
2024-04-17 00:00:00+00:00,0.0
2024-04-18 00:00:00+00:00,0.0
2024-04-19 00:00:00+00:00,0.0
2024-04-20 00:00:00+00:00,0.0
2024-04-21 00:00:00+00:00,0.0
2024-04-22 00:00:00+00:00,0.0
2024-04-23 00:00:00+00:00,0.0
2024-04-24 00:00:00+00:00,0.0011417380591516313
2024-04-25 00:00:00+00:00,0.006304918378510438
2024-04-26 00:00:00+00:00,0.00774182272755608
2024-04-27 00:00:00+00:00,0.0028472254616660475
2024-04-28 00:00:00+00:00,0.0
2024-04-29 00:00:00+00:00,0.0
2024-04-30 00:00:00+00:00,0.0
2024-05-01 00:00:00+00:00,0.0
2024-05-02 00:00:00+00:00,0.0
2024-05-03 00:00:00+00:00,0.0
2024-05-04 00:00:00+00:00,0.0
2024-05-05 00:00:00+00:00,0.0
2024-05-06 00:00:00+00:00,0.0
2024-05-07 00:00:00+00:00,0.0
2024-05-08 00:00:00+00:00,0.0
2024-05-09 00:00:00+00:00,0.0
2024-05-10 00:00:00+00:00,0.0
2024-05-11 00:00:00+00:00,0.0
2024-05-12 00:00:00+00:00,0.0
2024-05-13 00:00:00+00:00,0.0
2024-05-14 00:00:00+00:00,0.0
2024-05-15 00:00:00+00:00,0.0
2024-05-16 00:00:00+00:00,0.0
2024-05-17 00:00:00+00:00,0.0
2024-05-18 00:00:00+00:00,0.0
2024-05-19 00:00:00+00:00,0.0
2024-05-20 00:00:00+00:00,-0.0028818878493904743
2024-05-21 00:00:00+00:00,-0.004057319984026586
2024-05-22 00:00:00+00:00,0.002678173479317092
2024-05-23 00:00:00+00:00,-0.0037067183946867255
2024-05-24 00:00:00+00:00,0.0022854169971051608
2024-05-25 00:00:00+00:00,-0.0004800433442879726
2024-05-26 00:00:00+00:00,-0.0017765729339017655
2024-05-27 00:00:00+00:00,3.936419870065322e-07
2024-05-28 00:00:00+00:00,-0.0017928771215033334
2024-05-29 00:00:00+00:00,-0.0024690863061563872
2024-05-30 00:00:00+00:00,-0.0004974919336548922
2024-05-31 00:00:00+00:00,-0.0018471491834819442
2024-06-01 00:00:00+00:00,0.002159245435863877
2024-06-02 00:00:00+00:00,-0.0019643389190939775
2024-06-03 00:00:00+00:00,-0.02292239603747004
2024-06-04 00:00:00+00:00,0.0052260220412923
2024-06-05 00:00:00+00:00,0.004829173580172208
2024-06-06 00:00:00+00:00,0.0013527495299234804
2024-06-07 00:00:00+00:00,0.0022582340843115833
2024-06-08 00:00:00+00:00,0.0029700895105402303
2024-06-09 00:00:00+00:00,0.0010664750840345683
2024-06-10 00:00:00+00:00,0.004432794163762299
2024-06-11 00:00:00+00:00,-0.0049036580536906405
2024-06-12 00:00:00+00:00,0.008686985455786722
2024-06-13 00:00:00+00:00,-0.005875729846411715
2024-06-14 00:00:00+00:00,0.0073337335818872695
2024-06-15 00:00:00+00:00,0.013644552345051242
2024-06-16 00:00:00+00:00,-0.004175832327469098
2024-06-17 00:00:00+00:00,0.0016801523504905713
2024-06-18 00:00:00+00:00,0.0022936789950942504
2024-06-19 00:00:00+00:00,0.012477679993426305
2024-06-20 00:00:00+00:00,0.0028127108617721497
2024-06-21 00:00:00+00:00,-0.0012327027986196448
2024-06-22 00:00:00+00:00,-0.001678070268395948
2024-06-23 00:00:00+00:00,8.90391182806205e-05
2024-06-24 00:00:00+00:00,-0.003186294584853866
2024-06-25 00:00:00+00:00,0.002229877573372674
2024-06-26 00:00:00+00:00,-0.005142125756841365
2024-06-27 00:00:00+00:00,-0.005048908172404776
2024-06-28 00:00:00+00:00,0.011568554955077692
2024-06-29 00:00:00+00:00,0.002825469850183282
2024-06-30 00:00:00+00:00,-0.004253854518359357
2024-07-01 00:00:00+00:00,0.0009015392783486842
2024-07-02 00:00:00+00:00,-0.01026699041874879
2024-07-03 00:00:00+00:00,0.006057899335832451
2024-07-04 00:00:00+00:00,0.0018873588944856579
2024-07-05 00:00:00+00:00,-0.010079518716830993
2024-07-06 00:00:00+00:00,-0.004527186978890874
2024-07-07 00:00:00+00:00,0.006314018068244165
2024-07-08 00:00:00+00:00,-0.009326192749973816
2024-07-09 00:00:00+00:00,-0.0011052358693027786
2024-07-10 00:00:00+00:00,0.0002612524684912909
2024-07-11 00:00:00+00:00,0.0105618741108362
2024-07-12 00:00:00+00:00,0.001153643581030206
2024-07-13 00:00:00+00:00,0.001463619795154969
2024-07-14 00:00:00+00:00,0.002404623152368668
2024-07-15 00:00:00+00:00,0.0022514699500471025
2024-07-16 00:00:00+00:00,0.0
2024-07-17 00:00:00+00:00,0.0
2024-07-18 00:00:00+00:00,0.0
2024-07-19 00:00:00+00:00,0.0
2024-07-20 00:00:00+00:00,0.0
2024-07-21 00:00:00+00:00,0.0
2024-07-22 00:00:00+00:00,0.0
2024-07-23 00:00:00+00:00,0.0
2024-07-24 00:00:00+00:00,0.0
2024-07-25 00:00:00+00:00,-0.0015952736421593894
2024-07-26 00:00:00+00:00,0.002708766609350377
2024-07-27 00:00:00+00:00,-0.002097281552107866
2024-07-28 00:00:00+00:00,0.003605629392370524
2024-07-29 00:00:00+00:00,0.0035422111977068127
2024-07-30 00:00:00+00:00,-0.00020077826421893707
2024-07-31 00:00:00+00:00,-0.000868234964850001
2024-08-01 00:00:00+00:00,-0.003129924277867291
2024-08-02 00:00:00+00:00,-0.004877615980426242
2024-08-03 00:00:00+00:00,-0.0011084182364857753
2024-08-04 00:00:00+00:00,-0.009771137561359389
2024-08-05 00:00:00+00:00,-0.0054140643702074165
2024-08-06 00:00:00+00:00,0.0009391785740495706
2024-08-07 00:00:00+00:00,-0.0018542916196334636
2024-08-08 00:00:00+00:00,0.01702384723204231
2024-08-09 00:00:00+00:00,-0.004089479281754516
2024-08-10 00:00:00+00:00,-0.0004497094072591912
2024-08-11 00:00:00+00:00,0.00932447710303208
2024-08-12 00:00:00+00:00,-0.0008101255893858683
2024-08-13 00:00:00+00:00,0.00012796588008145982
2024-08-14 00:00:00+00:00,0.0017454701933752315
2024-08-15 00:00:00+00:00,0.0024052092890320953
2024-08-16 00:00:00+00:00,-0.00018797722574337428
2024-08-17 00:00:00+00:00,0.0010782983873787177
2024-08-18 00:00:00+00:00,-0.002277374872433069
2024-08-19 00:00:00+00:00,-0.001831628567278254
2024-08-20 00:00:00+00:00,-0.004502639111386153
2024-08-21 00:00:00+00:00,-0.0011376034451685557
2024-08-22 00:00:00+00:00,-0.001975427238870342
2024-08-23 00:00:00+00:00,-0.0023936176624843597
2024-08-24 00:00:00+00:00,-0.003401771014553745
2024-08-25 00:00:00+00:00,0.003403298450703973
2024-08-26 00:00:00+00:00,0.0030614695795641023
2024-08-27 00:00:00+00:00,0.0004031647182185516
2024-08-28 00:00:00+00:00,0.0020451629249125247
2024-08-29 00:00:00+00:00,0.0002101706116817148
2024-08-30 00:00:00+00:00,0.0006396448066496863
2024-08-31 00:00:00+00:00,0.001434390758479065
2024-09-01 00:00:00+00:00,0.00037576395256389006
2024-09-02 00:00:00+00:00,0.0
2024-09-03 00:00:00+00:00,0.009117064527681684
2024-09-04 00:00:00+00:00,0.0
2024-09-05 00:00:00+00:00,-0.00043509533279062484
2024-09-06 00:00:00+00:00,-0.0020548635303634377
2024-09-07 00:00:00+00:00,0.0016950684908305647
2024-09-08 00:00:00+00:00,0.0017152563128088882
2024-09-09 00:00:00+00:00,0.006055984265630254
2024-09-10 00:00:00+00:00,0.005285706666907641
2024-09-11 00:00:00+00:00,0.0018340319726519727
2024-09-12 00:00:00+00:00,-0.0010499080357853074
2024-09-13 00:00:00+00:00,0.0036889588387609695
2024-09-14 00:00:00+00:00,0.00010837034231836462
2024-09-15 00:00:00+00:00,0.0018230379479937664
2024-09-16 00:00:00+00:00,0.0
2024-09-17 00:00:00+00:00,0.0
2024-09-18 00:00:00+00:00,0.0
2024-09-19 00:00:00+00:00,0.0
2024-09-20 00:00:00+00:00,0.0
2024-09-21 00:00:00+00:00,0.0
2024-09-22 00:00:00+00:00,0.0
2024-09-23 00:00:00+00:00,0.008539055777697646
2024-09-24 00:00:00+00:00,0.002761108064118112
2024-09-25 00:00:00+00:00,-0.0010844208420756063
2024-09-26 00:00:00+00:00,0.0005230269230638296
2024-09-27 00:00:00+00:00,0.00048250795871696006
2024-09-28 00:00:00+00:00,0.0016783032084088934
2024-09-29 00:00:00+00:00,0.0
2024-09-30 00:00:00+00:00,0.0
2024-10-01 00:00:00+00:00,-0.0037616159573289343
2024-10-02 00:00:00+00:00,0.001495540202506307
2024-10-03 00:00:00+00:00,-0.0018122605640971123
2024-10-04 00:00:00+00:00,0.013405930962226975
2024-10-05 00:00:00+00:00,0.001115090131230012
2024-10-06 00:00:00+00:00,0.0011634669618449944
2024-10-07 00:00:00+00:00,0.0
2024-10-08 00:00:00+00:00,0.0
2024-10-09 00:00:00+00:00,0.0
2024-10-10 00:00:00+00:00,0.0
2024-10-11 00:00:00+00:00,0.0
2024-10-12 00:00:00+00:00,0.0
2024-10-13 00:00:00+00:00,0.0
2024-10-14 00:00:00+00:00,0.0
2024-10-15 00:00:00+00:00,0.0
2024-10-16 00:00:00+00:00,0.0
2024-10-17 00:00:00+00:00,0.0
2024-10-18 00:00:00+00:00,0.0
2024-10-19 00:00:00+00:00,0.0
2024-10-20 00:00:00+00:00,0.0
2024-10-21 00:00:00+00:00,-0.0001119878853450551
2024-10-22 00:00:00+00:00,-0.0004963404552823514
2024-10-23 00:00:00+00:00,-0.0021030741644825213
2024-10-24 00:00:00+00:00,0.005544838558773968
2024-10-25 00:00:00+00:00,0.012217359058426691
2024-10-26 00:00:00+00:00,-0.0005792573530665202
2024-10-27 00:00:00+00:00,-0.00017903607268210386
2024-10-28 00:00:00+00:00,-0.003991230233185816
2024-10-29 00:00:00+00:00,0.005705766988746808
2024-10-30 00:00:00+00:00,-0.0016723443116587466
2024-10-31 00:00:00+00:00,-0.0011844679997023988
2024-11-01 00:00:00+00:00,-0.004158897880499723
2024-11-02 00:00:00+00:00,-0.001928693474389731
2024-11-03 00:00:00+00:00,0.0024289916498136943
2024-11-04 00:00:00+00:00,-0.01182207809240654
2024-11-05 00:00:00+00:00,0.014254569585662624
2024-11-06 00:00:00+00:00,0.027780344690572223
2024-11-07 00:00:00+00:00,-0.0016805225424957326
2024-11-08 00:00:00+00:00,-0.001931305872261202
2024-11-09 00:00:00+00:00,-0.0033467571953349484
2024-11-10 00:00:00+00:00,-0.011003257834562463
2024-11-11 00:00:00+00:00,-0.020797643078000916
2024-11-12 00:00:00+00:00,0.015181556622678505
2024-11-13 00:00:00+00:00,0.014307846713969008
2024-11-14 00:00:00+00:00,0.008489276242841015
2024-11-15 00:00:00+00:00,0.0002152126374990182
2024-11-16 00:00:00+00:00,-0.014209460071466617
2024-11-17 00:00:00+00:00,0.016708693760063342
2024-11-18 00:00:00+00:00,-0.029043014612335383
2024-11-19 00:00:00+00:00,0.009678908342080517
2024-11-20 00:00:00+00:00,0.010768252444828263
2024-11-21 00:00:00+00:00,0.0032161696046082433
2024-11-22 00:00:00+00:00,-0.006424852459953612
2024-11-23 00:00:00+00:00,-0.004209152371488334
2024-11-24 00:00:00+00:00,-0.019971953752932925
2024-11-25 00:00:00+00:00,0.032870934359248816
2024-11-26 00:00:00+00:00,0.00866343261625091
2024-11-27 00:00:00+00:00,-0.015856873247496184
2024-11-28 00:00:00+00:00,-0.0012841036518248528
2024-11-29 00:00:00+00:00,-0.016660925218945466
2024-11-30 00:00:00+00:00,-0.029873711990147545
2024-12-01 00:00:00+00:00,7.025796119330963e-05
2024-12-02 00:00:00+00:00,-0.025442147690246664
2024-12-03 00:00:00+00:00,-0.04521446277271601
2024-12-04 00:00:00+00:00,0.016566249414479817
2024-12-05 00:00:00+00:00,-0.002825295891530133
2024-12-06 00:00:00+00:00,0.007078511775305607
2024-12-07 00:00:00+00:00,0.007012606387837295
2024-12-08 00:00:00+00:00,0.0020772217171833862
2024-12-09 00:00:00+00:00,0.030480560164295012
2024-12-10 00:00:00+00:00,-0.0019386366765676843
2024-12-11 00:00:00+00:00,0.012401959703867815
2024-12-12 00:00:00+00:00,0.006071629914995658
2024-12-13 00:00:00+00:00,0.0011957071631525373
2024-12-14 00:00:00+00:00,-0.005176110133967349
2024-12-15 00:00:00+00:00,0.0018947188018325622
2024-12-16 00:00:00+00:00,-0.005105873910951408
2024-12-17 00:00:00+00:00,-0.003189939800322117
2024-12-18 00:00:00+00:00,-0.0057455775834438505
2024-12-19 00:00:00+00:00,0.0034405863364446176
2024-12-20 00:00:00+00:00,0.012547567072476173
2024-12-21 00:00:00+00:00,0.0001875235176684864
2024-12-22 00:00:00+00:00,0.0022086536759466924
2024-12-23 00:00:00+00:00,-0.00217955457065111
2024-12-24 00:00:00+00:00,0.0011258169011378882
2024-12-25 00:00:00+00:00,-0.0019076983623262933
2024-12-26 00:00:00+00:00,8.318698089482268e-06
2024-12-27 00:00:00+00:00,-0.0002899991938187796
2024-12-28 00:00:00+00:00,-0.025888180728493415
2024-12-29 00:00:00+00:00,0.006750419854421041
2024-12-30 00:00:00+00:00,0.0013883747336727037
2024-12-31 00:00:00+00:00,-0.0036563525698717347
2025-01-01 00:00:00+00:00,-0.002581076003467686
2025-01-02 00:00:00+00:00,-0.01079942099511666
2025-01-03 00:00:00+00:00,0.00606759132345025
2025-01-04 00:00:00+00:00,0.001483881850094182
2025-01-05 00:00:00+00:00,0.0011923550855914566
2025-01-06 00:00:00+00:00,0.004623202772962243
2025-01-07 00:00:00+00:00,0.00340312819051114
2025-01-08 00:00:00+00:00,0.002067101715814701
2025-01-09 00:00:00+00:00,0.0
2025-01-10 00:00:00+00:00,0.0
2025-01-11 00:00:00+00:00,0.0
2025-01-12 00:00:00+00:00,0.0
2025-01-13 00:00:00+00:00,0.0
2025-01-14 00:00:00+00:00,0.0
2025-01-15 00:00:00+00:00,0.0
2025-01-16 00:00:00+00:00,0.0
2025-01-17 00:00:00+00:00,0.0
2025-01-18 00:00:00+00:00,-0.01906976955047124
2025-01-19 00:00:00+00:00,-0.0060108867029396995
2025-01-20 00:00:00+00:00,-0.0003420283014121672
2025-01-21 00:00:00+00:00,0.001205444473480366
2025-01-22 00:00:00+00:00,-0.01188716386322386
2025-01-23 00:00:00+00:00,0.0011513096895170438
2025-01-24 00:00:00+00:00,-0.0033406916075331416
2025-01-25 00:00:00+00:00,-0.001085985590984162
2025-01-26 00:00:00+00:00,0.0017066540789345552
2025-01-27 00:00:00+00:00,0.0
2025-01-28 00:00:00+00:00,0.0
2025-01-29 00:00:00+00:00,0.0
2025-01-30 00:00:00+00:00,0.0
2025-01-31 00:00:00+00:00,0.0
2025-02-01 00:00:00+00:00,0.0
2025-02-02 00:00:00+00:00,0.0
2025-02-03 00:00:00+00:00,0.0
2025-02-04 00:00:00+00:00,0.0
2025-02-05 00:00:00+00:00,0.0
2025-02-06 00:00:00+00:00,0.0
2025-02-07 00:00:00+00:00,0.0
2025-02-08 00:00:00+00:00,0.0
2025-02-09 00:00:00+00:00,0.0
2025-02-10 00:00:00+00:00,0.0
2025-02-11 00:00:00+00:00,0.0
2025-02-12 00:00:00+00:00,0.0
2025-02-13 00:00:00+00:00,0.0
2025-02-14 00:00:00+00:00,0.0
2025-02-15 00:00:00+00:00,0.0
2025-02-16 00:00:00+00:00,0.0
2025-02-17 00:00:00+00:00,0.0
2025-02-18 00:00:00+00:00,0.0
2025-02-19 00:00:00+00:00,0.0
2025-02-20 00:00:00+00:00,0.0
2025-02-21 00:00:00+00:00,0.0
2025-02-22 00:00:00+00:00,0.0
2025-02-23 00:00:00+00:00,0.0
2025-02-24 00:00:00+00:00,0.0
2025-02-25 00:00:00+00:00,0.0
2025-02-26 00:00:00+00:00,-0.00026270183792775903
2025-02-27 00:00:00+00:00,-0.0014734042308721662
2025-02-28 00:00:00+00:00,-0.002544406379686226
2025-03-01 00:00:00+00:00,0.001883519252910304
2025-03-02 00:00:00+00:00,0.004061168812602212
2025-03-03 00:00:00+00:00,0.0
2025-03-04 00:00:00+00:00,0.0
2025-03-05 00:00:00+00:00,0.0
2025-03-06 00:00:00+00:00,0.0
2025-03-07 00:00:00+00:00,0.0
2025-03-08 00:00:00+00:00,0.0
2025-03-09 00:00:00+00:00,0.0
2025-03-10 00:00:00+00:00,0.0008863098922284873
2025-03-11 00:00:00+00:00,0.0018759866457649377
2025-03-12 00:00:00+00:00,0.002532949390887662
2025-03-13 00:00:00+00:00,0.0009951733197006707
2025-03-14 00:00:00+00:00,0.0
2025-03-15 00:00:00+00:00,0.0
2025-03-16 00:00:00+00:00,0.0
2025-03-17 00:00:00+00:00,0.0
2025-03-18 00:00:00+00:00,0.0
2025-03-19 00:00:00+00:00,0.0
2025-03-20 00:00:00+00:00,0.0
2025-03-21 00:00:00+00:00,0.0
2025-03-22 00:00:00+00:00,0.0
2025-03-23 00:00:00+00:00,0.0
2025-03-24 00:00:00+00:00,0.0
2025-03-25 00:00:00+00:00,0.0
2025-03-26 00:00:00+00:00,0.0
2025-03-27 00:00:00+00:00,0.0
2025-03-28 00:00:00+00:00,0.0
2025-03-29 00:00:00+00:00,0.004875432312096528
2025-03-30 00:00:00+00:00,0.0041083683877367605
2025-03-31 00:00:00+00:00,0.002668162979881261
2025-04-01 00:00:00+00:00,0.0
2025-04-02 00:00:00+00:00,0.0
2025-04-03 00:00:00+00:00,0.0036290127622631285
2025-04-04 00:00:00+00:00,0.0007541545987390652
2025-04-05 00:00:00+00:00,-0.002238861894255151
2025-04-06 00:00:00+00:00,0.0029989876124907333
2025-04-07 00:00:00+00:00,0.006815482106795834
2025-04-08 00:00:00+00:00,-0.004941805914303932
2025-04-09 00:00:00+00:00,0.0005328549506744551
2025-04-10 00:00:00+00:00,0.004097311215546462
2025-04-11 00:00:00+00:00,0.004234382952093441
2025-04-12 00:00:00+00:00,0.010346370706396213
2025-04-13 00:00:00+00:00,0.004419004143057403
2025-04-14 00:00:00+00:00,0.0030285157399934093
2025-04-15 00:00:00+00:00,0.0025409224728099034
2025-04-16 00:00:00+00:00,-0.0041781801600893065
2025-04-17 00:00:00+00:00,-0.002240222448213647
2025-04-18 00:00:00+00:00,0.004009953333332872
2025-04-19 00:00:00+00:00,-0.002655039396996961
2025-04-20 00:00:00+00:00,0.004691645023674029
2025-04-21 00:00:00+00:00,-0.0020169230690983975
2025-04-22 00:00:00+00:00,0.00988174679431264
2025-04-23 00:00:00+00:00,0.0007132007247212524
2025-04-24 00:00:00+00:00,-0.0006876173252432505
2025-04-25 00:00:00+00:00,-0.0002595745725209042
2025-04-26 00:00:00+00:00,-0.008170928372611574
2025-04-27 00:00:00+00:00,0.013495793316989468
2025-04-28 00:00:00+00:00,0.0015509802046060894
2025-04-29 00:00:00+00:00,0.003675998275006531
2025-04-30 00:00:00+00:00,0.00029642203120205934
2025-05-01 00:00:00+00:00,-0.0006514883659107795
2025-05-02 00:00:00+00:00,-0.002428115501756367
2025-05-03 00:00:00+00:00,0.005388489676931396
2025-05-04 00:00:00+00:00,-0.00027284796712589987
2025-05-05 00:00:00+00:00,-0.0004599015586667088
2025-05-06 00:00:00+00:00,0.00046797135007237145
2025-05-07 00:00:00+00:00,-0.0004575380951929997
2025-05-08 00:00:00+00:00,-0.01660622058957273
2025-05-09 00:00:00+00:00,0.00017250834514714875
2025-05-10 00:00:00+00:00,-0.01460628768785821
2025-05-11 00:00:00+00:00,-0.0021451347349423777
2025-05-12 00:00:00+00:00,0.001675447456243706
2025-05-13 00:00:00+00:00,-0.009590679325866769
2025-05-14 00:00:00+00:00,0.016959879989626447
2025-05-15 00:00:00+00:00,-0.0030454939170402318
2025-05-16 00:00:00+00:00,-0.0038004499526151925
2025-05-17 00:00:00+00:00,0.0016373222453525127
2025-05-18 00:00:00+00:00,0.007088366413651848
2025-05-19 00:00:00+00:00,0.021068172670519747
2025-05-20 00:00:00+00:00,0.0009230936356789954
2025-05-21 00:00:00+00:00,0.0035716329716521944
2025-05-22 00:00:00+00:00,0.006468386254114389
2025-05-23 00:00:00+00:00,-0.009899296235442057
2025-05-24 00:00:00+00:00,0.006881308108394268
2025-05-25 00:00:00+00:00,-0.0013541390491991212
2025-05-26 00:00:00+00:00,0.0002734163738236095
2025-05-27 00:00:00+00:00,0.002135328861237129
2025-05-28 00:00:00+00:00,-0.0017451825856598102
2025-05-29 00:00:00+00:00,-0.0035090006451178324
2025-05-30 00:00:00+00:00,-0.01983386541877985
2025-05-31 00:00:00+00:00,0.006621005311854278
2025-06-01 00:00:00+00:00,-0.004413735064813129
2025-06-02 00:00:00+00:00,0.00190479834025159
2025-06-03 00:00:00+00:00,0.0018127167272874445
2025-06-04 00:00:00+00:00,-0.0032688555517099704
2025-06-05 00:00:00+00:00,-0.007229072394075886
2025-06-06 00:00:00+00:00,0.0018388201223744627
2025-06-07 00:00:00+00:00,0.0031412093483405013
2025-06-08 00:00:00+00:00,-0.0013758103447389924
2025-06-09 00:00:00+00:00,0.002244019770033079
2025-06-10 00:00:00+00:00,0.0036200599383851007
2025-06-11 00:00:00+00:00,-0.0025461363460572706
2025-06-12 00:00:00+00:00,-0.005098597005085748
2025-06-13 00:00:00+00:00,-0.0001158176465312355
2025-06-14 00:00:00+00:00,-0.0026915756447716266
2025-06-15 00:00:00+00:00,0.007355385168143158
2025-06-16 00:00:00+00:00,0.0049410609493840685
2025-06-17 00:00:00+00:00,-0.0018281452296888823
2025-06-18 00:00:00+00:00,0.0028131256507069047
2025-06-19 00:00:00+00:00,-0.0008204245911312968
2025-06-20 00:00:00+00:00,-0.0020327173516516694
2025-06-21 00:00:00+00:00,-0.006628287260508792
2025-06-22 00:00:00+00:00,0.004497085755709618
2025-06-23 00:00:00+00:00,0.0393005803258204
2025-06-24 00:00:00+00:00,-0.0032182832867556632
2025-06-25 00:00:00+00:00,-0.012214161460521122
2025-06-26 00:00:00+00:00,-0.0024907493275998505
2025-06-27 00:00:00+00:00,0.0017604294454993674
2025-06-28 00:00:00+00:00,0.004859746532587028
2025-06-29 00:00:00+00:00,0.0008642409977750454
2025-06-30 00:00:00+00:00,0.0007182921945250165
2025-07-01 00:00:00+00:00,0.004734898550758482
2025-07-02 00:00:00+00:00,0.0077867983430874865
2025-07-03 00:00:00+00:00,-0.0005755029175504855
2025-07-04 00:00:00+00:00,0.005347322769335694
2025-07-05 00:00:00+00:00,-0.00030372583423565747
2025-07-06 00:00:00+00:00,0.00217036118275149
2025-07-07 00:00:00+00:00,-0.0012177338220028533
2025-07-08 00:00:00+00:00,0.0034412721555856507
2025-07-09 00:00:00+00:00,0.007563310036590609
2025-07-10 00:00:00+00:00,0.0
2025-07-11 00:00:00+00:00,0.00035634031209252903
2025-07-12 00:00:00+00:00,-0.000603129009191683
2025-07-13 00:00:00+00:00,-0.0047430942714807856
2025-07-14 00:00:00+00:00,0.004650518779321544
2025-07-15 00:00:00+00:00,-0.0005192616860828503
2025-07-16 00:00:00+00:00,0.013099917834259012
2025-07-17 00:00:00+00:00,0.0011480476685987728
2025-07-18 00:00:00+00:00,0.000754521091673066
2025-07-19 00:00:00+00:00,-0.0009842851191641522
2025-07-20 00:00:00+00:00,-0.0009363613865719378
2025-07-21 00:00:00+00:00,0.0023194325736164423
2025-07-22 00:00:00+00:00,-0.0004197715776552702
2025-07-23 00:00:00+00:00,0.0012437197552350732
2025-07-24 00:00:00+00:00,0.0006580531716262605
2025-07-25 00:00:00+00:00,0.0
2025-07-26 00:00:00+00:00,0.003515041126778584
2025-07-27 00:00:00+00:00,-0.0013772497971048514
2025-07-28 00:00:00+00:00,0.010942909136023582
2025-07-29 00:00:00+00:00,0.0031719230146236566
2025-07-30 00:00:00+00:00,0.0005296018414135961
2025-07-31 00:00:00+00:00,0.0
2025-08-01 00:00:00+00:00,0.0
2025-08-02 00:00:00+00:00,0.0010870776015379224
2025-08-03 00:00:00+00:00,0.0
2025-08-04 00:00:00+00:00,0.0
2025-08-05 00:00:00+00:00,0.0
2025-08-06 00:00:00+00:00,-0.015005780924058021
2025-08-07 00:00:00+00:00,0.014858783124932495
2025-08-08 00:00:00+00:00,0.0014171844199419859
2025-08-09 00:00:00+00:00,0.0008217984753897678
2025-08-10 00:00:00+00:00,0.0052713895013287715
2025-08-11 00:00:00+00:00,0.005932373427022242
2025-08-12 00:00:00+00:00,-0.004666457027795223
2025-08-13 00:00:00+00:00,0.0029609263300869326
2025-08-14 00:00:00+00:00,0.005922172175472085
2025-08-15 00:00:00+00:00,0.0006568883551278937
2025-08-16 00:00:00+00:00,0.0
2025-08-17 00:00:00+00:00,0.0
2025-08-18 00:00:00+00:00,0.0
2025-08-19 00:00:00+00:00,0.0
2025-08-20 00:00:00+00:00,0.00039898509146940597
2025-08-21 00:00:00+00:00,0.002973941127171642
2025-08-22 00:00:00+00:00,-0.0041003446191423265
2025-08-23 00:00:00+00:00,0.00041231546376074846
2025-08-24 00:00:00+00:00,0.009960815006232249
2025-08-25 00:00:00+00:00,0.004044622747519266
2025-08-26 00:00:00+00:00,4.868737397778489e-05
2025-08-27 00:00:00+00:00,0.0018058173220727447
2025-08-28 00:00:00+00:00,0.0020253641319640803
2025-08-29 00:00:00+00:00,-0.002051780727236552
2025-08-30 00:00:00+00:00,-0.0006853875188821412
2025-08-31 00:00:00+00:00,0.004211128936364217
2025-09-01 00:00:00+00:00,0.004698208598604703
2025-09-02 00:00:00+00:00,0.0006480609576082763
2025-09-03 00:00:00+00:00,-0.00027173976178707093
2025-09-04 00:00:00+00:00,0.0009506071796316906
2025-09-05 00:00:00+00:00,0.0
2025-09-06 00:00:00+00:00,0.0
2025-09-07 00:00:00+00:00,0.0
2025-09-08 00:00:00+00:00,0.0
2025-09-09 00:00:00+00:00,0.0
2025-09-10 00:00:00+00:00,0.0015303314347694386
2025-09-11 00:00:00+00:00,-0.00019590004979608278
2025-09-12 00:00:00+00:00,-0.0027454291891469973
2025-09-13 00:00:00+00:00,-0.003277277496714359
2025-09-14 00:00:00+00:00,0.004744258685842384
2025-09-15 00:00:00+00:00,0.0047519131112436774
2025-09-16 00:00:00+00:00,0.0
2025-09-17 00:00:00+00:00,0.005063878607835193
2025-09-18 00:00:00+00:00,-0.0031650288580263863
2025-09-19 00:00:00+00:00,0.0072153884444992045
2025-09-20 00:00:00+00:00,-0.003612033297166528
2025-09-21 00:00:00+00:00,0.0034914072355853865
2025-09-22 00:00:00+00:00,0.021488974352213308
2025-09-23 00:00:00+00:00,-0.0006296659561525475
2025-09-24 00:00:00+00:00,0.025217923685629806
2025-09-25 00:00:00+00:00,0.017191452529627504
2025-09-26 00:00:00+00:00,-0.0013654001309675312
2025-09-27 00:00:00+00:00,-0.004741467096395335
2025-09-28 00:00:00+00:00,0.0010326825406838935
2025-09-29 00:00:00+00:00,0.0016540626461081231
2025-09-30 00:00:00+00:00,0.0026332386532750274
2025-10-01 00:00:00+00:00,0.004274679031097461
2025-10-02 00:00:00+00:00,-0.006330510113516374
2025-10-03 00:00:00+00:00,0.0005176425294990405
2025-10-04 00:00:00+00:00,0.003937832105353589
2025-10-05 00:00:00+00:00,-0.00031867728350631896
2025-10-06 00:00:00+00:00,-0.004150519505401684
2025-10-07 00:00:00+00:00,-0.005157965303603906
2025-10-08 00:00:00+00:00,-0.0030922147196683625
2025-10-09 00:00:00+00:00,-0.014995688586769251
2025-10-10 00:00:00+00:00,0.03311466811846242
2025-10-11 00:00:00+00:00,0.021410563954967543
2025-10-12 00:00:00+00:00,0.009798722913616942
2025-10-13 00:00:00+00:00,0.017803482990361497
2025-10-14 00:00:00+00:00,-0.015432438654516045
2025-10-15 00:00:00+00:00,0.029063035967953343
2025-10-16 00:00:00+00:00,-0.02148059281352266
2025-10-17 00:00:00+00:00,0.026131016443880384
2025-10-18 00:00:00+00:00,0.0008554684437833693
2025-10-19 00:00:00+00:00,0.002852514253413263
2025-10-20 00:00:00+00:00,0.005279221965581504
2025-10-21 00:00:00+00:00,0.004715742805367018
2025-10-22 00:00:00+00:00,0.0015393360991617921
2025-10-23 00:00:00+00:00,-0.002764524941425539
2025-10-24 00:00:00+00:00,-0.0017787613640161126
2025-10-25 00:00:00+00:00,-0.0012606796986981417
2025-10-26 00:00:00+00:00,-0.0020518985730342276
2025-10-27 00:00:00+00:00,0.0005511368002439898
2025-10-28 00:00:00+00:00,0.0005694203669535103
2025-10-29 00:00:00+00:00,0.00020382902614568543
2025-10-30 00:00:00+00:00,-0.0007866148859959621
2025-10-31 00:00:00+00:00,0.0011993250405204492
2025-11-01 00:00:00+00:00,0.0008579373903121468
2025-11-02 00:00:00+00:00,-0.001258750967712552
2025-11-03 00:00:00+00:00,0.003250928130525521
2025-11-04 00:00:00+00:00,-0.001985753956415648
2025-11-05 00:00:00+00:00,0.0019428283088211984
2025-11-06 00:00:00+00:00,-0.0029856233591153414
2025-11-07 00:00:00+00:00,-0.0022179280381978694
2025-11-08 00:00:00+00:00,-0.0015739396188068078
2025-11-09 00:00:00+00:00,0.015002654898049528
2025-11-10 00:00:00+00:00,0.0012574802646592165
2025-11-11 00:00:00+00:00,-0.010957050329063356
2025-11-12 00:00:00+00:00,0.0031398103786612896
2025-11-13 00:00:00+00:00,-0.003625594506220131
2025-11-14 00:00:00+00:00,-0.0025726252661621984
2025-11-15 00:00:00+00:00,-0.006716102517922429
2025-11-16 00:00:00+00:00,0.0024573715654727657
2025-11-17 00:00:00+00:00,-0.00495315236436944
2025-11-18 00:00:00+00:00,0.009184656904438038
2025-11-19 00:00:00+00:00,0.0006696166350823596
2025-11-20 00:00:00+00:00,0.008166444846155141
2025-11-21 00:00:00+00:00,8.858711043124856e-05
2025-11-22 00:00:00+00:00,0.0013010219525424471
2025-11-23 00:00:00+00:00,0.0010313530760737155
2025-11-24 00:00:00+00:00,0.0024721713199837847
2025-11-25 00:00:00+00:00,0.0
2025-11-26 00:00:00+00:00,0.0
2025-11-27 00:00:00+00:00,0.0
2025-11-28 00:00:00+00:00,0.0
2025-11-29 00:00:00+00:00,0.0
2025-11-30 00:00:00+00:00,0.0
2025-12-01 00:00:00+00:00,0.0
2025-12-02 00:00:00+00:00,0.0
2025-12-03 00:00:00+00:00,0.0
2025-12-04 00:00:00+00:00,0.0
2025-12-05 00:00:00+00:00,0.0
2025-12-06 00:00:00+00:00,0.0
2025-12-07 00:00:00+00:00,0.0
2025-12-08 00:00:00+00:00,0.0
2025-12-09 00:00:00+00:00,0.0
2025-12-10 00:00:00+00:00,0.0
2025-12-11 00:00:00+00:00,0.0
2025-12-12 00:00:00+00:00,0.0
2025-12-13 00:00:00+00:00,0.0
2025-12-14 00:00:00+00:00,0.0
2025-12-15 00:00:00+00:00,0.0
2025-12-16 00:00:00+00:00,0.0
2025-12-17 00:00:00+00:00,0.0009038319955121388
2025-12-18 00:00:00+00:00,-0.001524886042347684
2025-12-19 00:00:00+00:00,0.002923325525410858
2025-12-20 00:00:00+00:00,0.003008173736131159
2025-12-21 00:00:00+00:00,-0.0007585924968893654
2025-12-22 00:00:00+00:00,0.000495450547623344
2025-12-23 00:00:00+00:00,0.0010598166747308735
2025-12-24 00:00:00+00:00,0.0
2025-12-25 00:00:00+00:00,0.0
2025-12-26 00:00:00+00:00,0.0
2025-12-27 00:00:00+00:00,0.0
2025-12-28 00:00:00+00:00,0.0
2025-12-29 00:00:00+00:00,0.0
2025-12-30 00:00:00+00:00,0.0
2025-12-31 00:00:00+00:00,0.0
2026-01-01 00:00:00+00:00,0.0
2026-01-02 00:00:00+00:00,0.0
2026-01-03 00:00:00+00:00,0.0
2026-01-04 00:00:00+00:00,0.0
2026-01-05 00:00:00+00:00,0.0
2026-01-06 00:00:00+00:00,0.004405997153928309
2026-01-07 00:00:00+00:00,0.0018248897320101154
2026-01-08 00:00:00+00:00,0.0015830576666973073
2026-01-09 00:00:00+00:00,0.002276066341425187
2026-01-10 00:00:00+00:00,0.0006108643185933627
2026-01-11 00:00:00+00:00,-0.0026182058562863597
2026-01-12 00:00:00+00:00,0.0008280524247024079
2026-01-13 00:00:00+00:00,0.0025688711405025266
2026-01-14 00:00:00+00:00,-0.00265393484370402
2026-01-15 00:00:00+00:00,0.0003625645953935219
2026-01-16 00:00:00+00:00,0.0005145826439287848
2026-01-17 00:00:00+00:00,0.0
2026-01-18 00:00:00+00:00,0.00032793263426955654
2026-01-19 00:00:00+00:00,-0.04213568012098157
2026-01-20 00:00:00+00:00,0.02260621756542358
2026-01-21 00:00:00+00:00,0.0031510755286923153
2026-01-22 00:00:00+00:00,0.012119363051494858
2026-01-23 00:00:00+00:00,-0.002313869703777338
2026-01-24 00:00:00+00:00,0.009082226444733
2026-01-25 00:00:00+00:00,0.005350716092345831
2026-01-26 00:00:00+00:00,0.0016533200964525818
2026-01-27 00:00:00+00:00,-0.00184266733184979
2026-01-28 00:00:00+00:00,0.0020550426730194804
2026-01-29 00:00:00+00:00,-0.008911156572074419
2026-01-30 00:00:00+00:00,0.007999675133748774
2026-01-31 00:00:00+00:00,0.004294914475691192
2026-02-01 00:00:00+00:00,0.0003890920304263634
2026-02-02 00:00:00+00:00,0.0
2026-02-03 00:00:00+00:00,0.0
2026-02-04 00:00:00+00:00,0.0
2026-02-05 00:00:00+00:00,0.0
2026-02-06 00:00:00+00:00,0.0
2026-02-07 00:00:00+00:00,0.0
2026-02-08 00:00:00+00:00,0.0
2026-02-09 00:00:00+00:00,0.0
2026-02-10 00:00:00+00:00,0.0
2026-02-11 00:00:00+00:00,0.0
2026-02-12 00:00:00+00:00,0.0
2026-02-13 00:00:00+00:00,0.0
2026-02-14 00:00:00+00:00,0.0
2026-02-15 00:00:00+00:00,0.0
2026-02-16 00:00:00+00:00,0.0
2026-02-17 00:00:00+00:00,0.0
2026-02-18 00:00:00+00:00,0.0
2026-02-19 00:00:00+00:00,0.0
2026-02-20 00:00:00+00:00,0.0
2026-02-21 00:00:00+00:00,0.0
2026-02-22 00:00:00+00:00,0.0
2026-02-23 00:00:00+00:00,0.0
2026-02-24 00:00:00+00:00,0.0
2026-02-25 00:00:00+00:00,0.0
2026-02-26 00:00:00+00:00,0.0
2026-02-27 00:00:00+00:00,0.0
2026-02-28 00:00:00+00:00,0.0
2026-03-01 00:00:00+00:00,0.0
2026-03-02 00:00:00+00:00,0.0
2026-03-03 00:00:00+00:00,0.00030759681497083413
2026-03-04 00:00:00+00:00,-0.003975503093552657
2026-03-05 00:00:00+00:00,0.004783556726865701
2026-03-06 00:00:00+00:00,0.008280538301587814
2026-03-07 00:00:00+00:00,0.002942204285465655
2026-03-08 00:00:00+00:00,0.0021424841056076893
2026-03-09 00:00:00+00:00,0.002221529825689128
2026-03-10 00:00:00+00:00,-0.0034728179764278444
2026-03-11 00:00:00+00:00,0.007194661930784774
2026-03-12 00:00:00+00:00,0.004658138059402406
2026-03-13 00:00:00+00:00,0.0005450061981548959
2026-03-14 00:00:00+00:00,0.005286075907140031
2026-03-15 00:00:00+00:00,0.0
2026-03-16 00:00:00+00:00,0.0
2026-03-17 00:00:00+00:00,-0.00048645906133570893
2026-03-18 00:00:00+00:00,0.0020416424200333516
2026-03-19 00:00:00+00:00,0.0025700395834242773
2026-03-20 00:00:00+00:00,0.001065684059808003
2026-03-21 00:00:00+00:00,0.0015719261814306495
2026-03-22 00:00:00+00:00,-0.0025792587171491466
2026-03-23 00:00:00+00:00,-0.001349866748300066
2026-03-24 00:00:00+00:00,0.0004453487998758998
2026-03-25 00:00:00+00:00,-0.00039102654690137406
2026-03-26 00:00:00+00:00,-0.0004769921707586944
2026-03-27 00:00:00+00:00,-0.0003294357977352558
2026-03-28 00:00:00+00:00,0.0006760765024065307
2026-03-29 00:00:00+00:00,-0.0019338635279954053
2026-03-30 00:00:00+00:00,0.0009494080467900012
2026-03-31 00:00:00+00:00,0.002113588532906663
2026-04-01 00:00:00+00:00,0.0
2026-04-02 00:00:00+00:00,0.003547166937696744
2026-04-03 00:00:00+00:00,0.005562124596061091
2026-04-04 00:00:00+00:00,0.0019229790891082121
2026-04-05 00:00:00+00:00,-0.0010184759651623576
2026-04-06 00:00:00+00:00,-0.0016146970937795935
2026-04-07 00:00:00+00:00,0.00023457185323483287
2026-04-08 00:00:00+00:00,0.001189269781524116
2026-04-09 00:00:00+00:00,-0.00011015398405045396
2026-04-10 00:00:00+00:00,4.783275851827362e-05
2026-04-11 00:00:00+00:00,0.0008646504547740186
2026-04-12 00:00:00+00:00,0.00025718965677890004
2026-04-13 00:00:00+00:00,0.0
2026-04-14 00:00:00+00:00,0.0
2026-04-15 00:00:00+00:00,0.0
2026-04-16 00:00:00+00:00,-0.017321567619798306
2026-04-17 00:00:00+00:00,0.014159631720709331
2026-04-18 00:00:00+00:00,0.015840532415415387
2026-04-19 00:00:00+00:00,0.003280783393024622
2026-04-20 00:00:00+00:00,-0.006970876425302364
2026-04-21 00:00:00+00:00,0.004314018558788213
2026-04-22 00:00:00+00:00,0.0012769191266137625
2026-04-23 00:00:00+00:00,-0.0027624076708325784
2026-04-24 00:00:00+00:00,-0.004253754198348725
2026-04-25 00:00:00+00:00,0.001013983541773067
2026-04-26 00:00:00+00:00,0.0010135823643910857
2026-04-27 00:00:00+00:00,-0.01584643328212365
2026-04-28 00:00:00+00:00,0.004700868779385692
2026-04-29 00:00:00+00:00,0.0025644894815282093
2026-04-30 00:00:00+00:00,0.006429534598084707
2026-05-01 00:00:00+00:00,-0.000874237682851664
2026-05-02 00:00:00+00:00,-0.0010771109715418392
2026-05-03 00:00:00+00:00,-0.0018576643879851806
2026-05-04 00:00:00+00:00,0.0019623565687620914
2026-05-05 00:00:00+00:00,0.0014906455613246106
2026-05-06 00:00:00+00:00,0.003162460121463706
2026-05-07 00:00:00+00:00,-0.006121510770695671
2026-05-08 00:00:00+00:00,-0.0007119717389494351
