triangle,target,leg1,leg2,score,adf_p,half_life,resid_std,n
SFPUSDT|BTCUSDT|BNBUSDT,SFPUSDT,BTCUSDT,BNBUSDT,-0.05223984800630304,2.0653586618295807e-11,6.268781758277934,0.11669738665618448,1288
SFPUSDT|BNBUSDT|SOLUSDT,SFPUSDT,BNBUSDT,SOLUSDT,-0.052769784768648444,5.635905820350768e-12,6.332374171561504,0.11814561261612594,1288
SFPUSDT|BTCUSDT|ETHUSDT,SFPUSDT,BTCUSDT,ETHUSDT,-0.05873092132894813,4.5247935186226836e-08,7.047705129721554,0.12774294374890072,1288
SFPUSDT|BTCUSDT|SOLUSDT,SFPUSDT,BTCUSDT,SOLUSDT,-0.0630457432016912,5.489327555258337e-07,7.565423312272281,0.13004998969938292,1288
DOGEUSDT|BNBUSDT|SOLUSDT,DOGEUSDT,BNBUSDT,SOLUSDT,-0.0682367205251417,6.162986649259966e-07,8.188332507177213,0.21747560786148204,1451
DOGEUSDT|ETHUSDT|SOLUSDT,DOGEUSDT,ETHUSDT,SOLUSDT,-0.06961066827652512,3.5658338691037526e-05,8.34900119254009,0.19643848733203823,1451
DOGEUSDT|BTCUSDT|BNBUSDT,DOGEUSDT,BTCUSDT,BNBUSDT,-0.07211717923035678,6.420033853960374e-07,8.653984467236565,0.21577555649528363,1517
DOGEUSDT|BTCUSDT|SOLUSDT,DOGEUSDT,BTCUSDT,SOLUSDT,-0.07246798521374408,1.4049642621454485e-10,8.696158208789718,0.18991514122587919,1451
SFPUSDT|ETHUSDT|BNBUSDT,SFPUSDT,ETHUSDT,BNBUSDT,-0.07472330031376888,1.5033354602871186e-11,8.966796035848263,0.15808788848243585,1288
SFPUSDT|ETHUSDT|SOLUSDT,SFPUSDT,ETHUSDT,SOLUSDT,-0.0750049571311065,2.0912607669986227e-07,9.000569760603575,0.15144343572225863,1288
DOGEUSDT|ETHUSDT|BNBUSDT,DOGEUSDT,ETHUSDT,BNBUSDT,-0.07657240257692495,0.00013441481988631275,9.172558530844636,0.23066143362727545,1517
IOTXUSDT|BNBUSDT|SOLUSDT,IOTXUSDT,BNBUSDT,SOLUSDT,-0.07828497911208598,3.5189530260285774e-09,9.394197071175954,0.11305526001838155,1119
XMRUSDT|BNBUSDT|SOLUSDT,XMRUSDT,BNBUSDT,SOLUSDT,-0.0790727223452275,5.194829553565853e-08,9.488720447631835,0.10282485347766593,1451
TRXUSDT|BTCUSDT|BNBUSDT,TRXUSDT,BTCUSDT,BNBUSDT,-0.08081988335403723,8.528928270475959e-09,9.698384979013074,0.10781340155466937,1668
XMRUSDT|BTCUSDT|BNBUSDT,XMRUSDT,BTCUSDT,BNBUSDT,-0.08108883581291128,2.020372911009272e-09,9.730660055104604,0.09981478047176322,1668
DOGEUSDT|BTCUSDT|ETHUSDT,DOGEUSDT,BTCUSDT,ETHUSDT,-0.08170971535222941,0.003955035724767427,9.33056155529544,0.21449068331718246,1517
TRXUSDT|BTCUSDT|SOLUSDT,TRXUSDT,BTCUSDT,SOLUSDT,-0.08280428882380053,1.3672760490808853e-08,9.936513018124804,0.11081729471391631,1451
IOTXUSDT|BTCUSDT|BNBUSDT,IOTXUSDT,BTCUSDT,BNBUSDT,-0.08354257492560514,2.777229325628505e-09,10.025108657805099,0.11585257103277145,1119
BANDUSDT|BTCUSDT|BNBUSDT,BANDUSDT,BTCUSDT,BNBUSDT,-0.08608914938632664,1.9200955189615148e-09,10.330697695947736,0.14752478923451476,1498
TRBUSDT|BTCUSDT|ETHUSDT,TRBUSDT,BTCUSDT,ETHUSDT,-0.08622222828828838,1.928136258067866e-06,10.346436018243637,0.24703215520840668,1462
NEARUSDT|BNBUSDT|SOLUSDT,NEARUSDT,BNBUSDT,SOLUSDT,-0.08887280796953531,2.007689907342895e-09,10.66473671542145,0.16101440189935737,1420
IOTXUSDT|ETHUSDT|BNBUSDT,IOTXUSDT,ETHUSDT,BNBUSDT,-0.08903084351419369,1.0224934100615792e-05,10.682474229611168,0.12891495574486647,1119
XTZUSDT|BNBUSDT|SOLUSDT,XTZUSDT,BNBUSDT,SOLUSDT,-0.08942801070004179,1.0890623418464465e-10,10.731361270936267,0.1191364300981076,1451
XMRUSDT|ETHUSDT|BNBUSDT,XMRUSDT,ETHUSDT,BNBUSDT,-0.08959575754270158,5.9427792491555045e-08,10.75148377378909,0.10265876294323613,1668
MASKUSDT|BNBUSDT|SOLUSDT,MASKUSDT,BNBUSDT,SOLUSDT,-0.09003175802005339,6.670853110954519e-07,10.803730912169074,0.17303942384982735,1104
BELUSDT|BTCUSDT|SOLUSDT,BELUSDT,BTCUSDT,SOLUSDT,-0.09011855923347258,4.986185525014432e-06,10.813628765753707,0.18017954418778806,1386
TRXUSDT|ETHUSDT|BNBUSDT,TRXUSDT,ETHUSDT,BNBUSDT,-0.09110608918339215,1.5078467399832477e-10,10.932730683912897,0.10875459652035278,1668
LINKUSDT|BNBUSDT|SOLUSDT,LINKUSDT,BNBUSDT,SOLUSDT,-0.09112604237350798,2.3055118878683763e-10,10.935125057154815,0.12328698818809972,1451
RSRUSDT|BTCUSDT|SOLUSDT,RSRUSDT,BTCUSDT,SOLUSDT,-0.0922319984722152,2.8450862601734807e-08,11.067836402562312,0.18881653536778234,1416
STORJUSDT|BNBUSDT|SOLUSDT,STORJUSDT,BNBUSDT,SOLUSDT,-0.09261959909502014,5.859301218091474e-09,11.11435118828627,0.18033127655379314,1449
BANDUSDT|BNBUSDT|SOLUSDT,BANDUSDT,BNBUSDT,SOLUSDT,-0.09330433225338254,1.2218089502705663e-10,11.196519855744198,0.14397174009328292,1451
BTCDOMUSDT|ETHUSDT|BNBUSDT,BTCDOMUSDT,ETHUSDT,BNBUSDT,-0.09337811895969786,1.1672227448675261e-08,11.20537287449645,0.0535022137754799,1171
GTCUSDT|BNBUSDT|SOLUSDT,GTCUSDT,BNBUSDT,SOLUSDT,-0.09360126401771891,1.6315220299012657e-08,11.232149724299834,0.16390982073036026,1181
ZENUSDT|BNBUSDT|SOLUSDT,ZENUSDT,BNBUSDT,SOLUSDT,-0.09448465336758549,1.2853757538609093e-08,11.338156861659353,0.1490311036553741,1380
ZENUSDT|BTCUSDT|SOLUSDT,ZENUSDT,BTCUSDT,SOLUSDT,-0.09582566176417437,4.0856656468639915e-09,11.499078921421045,0.14536893095391232,1380
YFIUSDT|BNBUSDT|SOLUSDT,YFIUSDT,BNBUSDT,SOLUSDT,-0.0965496955979908,8.005917832851898e-10,11.585963375687882,0.13301006130187118,1451
GTCUSDT|BTCUSDT|BNBUSDT,GTCUSDT,BTCUSDT,BNBUSDT,-0.09693189103916554,2.003403580946516e-08,11.631824520615568,0.1608484122883433,1181
BANDUSDT|BTCUSDT|SOLUSDT,BANDUSDT,BTCUSDT,SOLUSDT,-0.09721065592860198,1.537275397775843e-10,11.665278692984932,0.1379994888128054,1451
BATUSDT|BNBUSDT|SOLUSDT,BATUSDT,BNBUSDT,SOLUSDT,-0.09769225698508169,4.719940881037218e-07,11.72301419891923,0.12309863061699101,1451
XMRUSDT|BTCUSDT|SOLUSDT,XMRUSDT,BTCUSDT,SOLUSDT,-0.0977427264159339,0.0014646507264332446,11.553369082740078,0.10871790742577761,1451
ALICEUSDT|ETHUSDT|SOLUSDT,ALICEUSDT,ETHUSDT,SOLUSDT,-0.09824962049845008,9.225751173744708e-09,11.789953352723868,0.14808329941828527,1268
BELUSDT|BTCUSDT|ETHUSDT,BELUSDT,BTCUSDT,ETHUSDT,-0.09855860402232348,5.708501917104303e-06,11.826347462448766,0.19491511224740404,1386
LINKUSDT|BTCUSDT|SOLUSDT,LINKUSDT,BTCUSDT,SOLUSDT,-0.09872214070439077,1.7269587492194606e-09,11.846656677291843,0.11907563909516604,1451
TRXUSDT|BNBUSDT|SOLUSDT,TRXUSDT,BNBUSDT,SOLUSDT,-0.09875316033051887,9.027872298769575e-07,11.850270905194678,0.1098573530900599,1451
RSRUSDT|BNBUSDT|SOLUSDT,RSRUSDT,BNBUSDT,SOLUSDT,-0.0989164114814481,4.866839420175925e-07,11.86991097570073,0.18631371124010343,1416
UNIUSDT|BTCUSDT|BNBUSDT,UNIUSDT,BTCUSDT,BNBUSDT,-0.09934850081236074,2.7508588854141636e-09,11.921819767380223,0.15396119474749273,1447
BELUSDT|BTCUSDT|BNBUSDT,BELUSDT,BTCUSDT,BNBUSDT,-0.09937659762014887,1.4442824276647836e-05,11.923458575504666,0.1800985766972486,1386
MTLUSDT|BTCUSDT|BNBUSDT,MTLUSDT,BTCUSDT,BNBUSDT,-0.09970020782965944,2.1743968072436222e-08,11.964022330282964,0.14302717638512638,1253
RLCUSDT|BTCUSDT|BNBUSDT,RLCUSDT,BTCUSDT,BNBUSDT,-0.10030448297332167,4.0173512014410135e-07,12.036489748584184,0.180031667577322,1496
HOTUSDT|BTCUSDT|BNBUSDT,HOTUSDT,BTCUSDT,BNBUSDT,-0.10036594480029992,2.3645085649244034e-09,12.043913092294963,0.10988583275709139,1254
XMRUSDT|BTCUSDT|ETHUSDT,XMRUSDT,BTCUSDT,ETHUSDT,-0.10038559239106551,3.9270469221295716e-08,12.046266374471553,0.10886641025812256,1675
YFIUSDT|BTCUSDT|BNBUSDT,YFIUSDT,BTCUSDT,BNBUSDT,-0.10045658337346125,3.649832074459526e-09,12.0547895668355,0.13925332477213687,1465
GTCUSDT|ETHUSDT|BNBUSDT,GTCUSDT,ETHUSDT,BNBUSDT,-0.10062981686278051,4.4804414744671406e-08,12.075572647003892,0.16068856894114802,1181
ATOMUSDT|BNBUSDT|SOLUSDT,ATOMUSDT,BNBUSDT,SOLUSDT,-0.1009675126952384,0.00024890744492951395,12.086232630037067,0.14891161745176243,1451
LTCUSDT|BTCUSDT|SOLUSDT,LTCUSDT,BTCUSDT,SOLUSDT,-0.10098432101637958,3.7801024947769756e-07,12.118073160735612,0.09961660371103283,1451
RLCUSDT|ETHUSDT|BNBUSDT,RLCUSDT,ETHUSDT,BNBUSDT,-0.10117085171622633,2.0640924025844032e-05,12.13802529506406,0.1705963286717136,1496
LINKUSDT|BTCUSDT|BNBUSDT,LINKUSDT,BTCUSDT,BNBUSDT,-0.10138728977886978,1.1325470878875175e-08,12.166473414407868,0.14615123347844597,1668
ZRXUSDT|BNBUSDT|SOLUSDT,ZRXUSDT,BNBUSDT,SOLUSDT,-0.10139133254036486,5.790119529618423e-09,12.166959210029441,0.162713418458884,1451
1INCHUSDT|BTCUSDT|BNBUSDT,1INCHUSDT,BTCUSDT,BNBUSDT,-0.10140765541009283,4.462113897471555e-08,12.168913294674462,0.11314879881248639,1349
TRBUSDT|ETHUSDT|SOLUSDT,TRBUSDT,ETHUSDT,SOLUSDT,-0.10140986880116787,5.440917064995232e-05,12.162655155662149,0.2761866240398685,1451
XRPUSDT|BTCUSDT|SOLUSDT,XRPUSDT,BTCUSDT,SOLUSDT,-0.10166354372879217,3.5705185654688e-08,12.199620962832782,0.15316872517458713,1451
KSMUSDT|BNBUSDT|SOLUSDT,KSMUSDT,BNBUSDT,SOLUSDT,-0.10196811251441006,1.260229542622564e-10,12.236173486606452,0.15971987699084053,1421
ZECUSDT|BNBUSDT|SOLUSDT,ZECUSDT,BNBUSDT,SOLUSDT,-0.10210203980120047,2.883507358812138e-10,12.252244741541968,0.14170867602801052,1451
MTLUSDT|BTCUSDT|ETHUSDT,MTLUSDT,BTCUSDT,ETHUSDT,-0.10263003321076453,3.474218863754191e-08,12.315599816229106,0.14213414282278997,1253
NEARUSDT|BTCUSDT|SOLUSDT,NEARUSDT,BTCUSDT,SOLUSDT,-0.10265687153782936,2.4812994114371196e-08,12.31882160698023,0.16267293747222783,1420
STORJUSDT|BTCUSDT|SOLUSDT,STORJUSDT,BTCUSDT,SOLUSDT,-0.10352287935376009,2.244445366783178e-07,12.42271858910681,0.1882302311998468,1449
BATUSDT|BTCUSDT|BNBUSDT,BATUSDT,BTCUSDT,BNBUSDT,-0.1036426138809235,2.1016483705395892e-08,12.437111143732775,0.1271370609549689,1665
BELUSDT|BNBUSDT|SOLUSDT,BELUSDT,BNBUSDT,SOLUSDT,-0.10442863788531168,5.094528693213076e-05,12.525323111805546,0.20263771109218776,1386
1INCHUSDT|BNBUSDT|SOLUSDT,1INCHUSDT,BNBUSDT,SOLUSDT,-0.10466502586283336,3.192599120442e-05,12.555971984595471,0.12996389597786426,1349
XMRUSDT|ETHUSDT|SOLUSDT,XMRUSDT,ETHUSDT,SOLUSDT,-0.10466564297332187,2.1932166760445962e-06,12.559613970797498,0.11498885673500889,1451
ICXUSDT|BTCUSDT|BNBUSDT,ICXUSDT,BTCUSDT,BNBUSDT,-0.1048716168220408,6.462840184510138e-09,12.584593243104074,0.12926661097411643,1450
LTCUSDT|BTCUSDT|BNBUSDT,LTCUSDT,BTCUSDT,BNBUSDT,-0.10489979252447384,2.505792813318465e-09,12.587974802241725,0.10344636918384083,1668
MASKUSDT|BTCUSDT|SOLUSDT,MASKUSDT,BTCUSDT,SOLUSDT,-0.10502789366329233,1.0556474971288848e-07,12.603334571825114,0.17650744374241684,1104
ONTUSDT|BTCUSDT|BNBUSDT,ONTUSDT,BTCUSDT,BNBUSDT,-0.10549210583262023,9.892032748656837e-09,12.659051512870498,0.1304873173282694,1667
STORJUSDT|BTCUSDT|BNBUSDT,STORJUSDT,BTCUSDT,BNBUSDT,-0.10572509349723,3.2085222170728977e-09,12.687010834644935,0.18474697720860778,1449
DASHUSDT|BTCUSDT|BNBUSDT,DASHUSDT,BTCUSDT,BNBUSDT,-0.10585037798614817,1.1609037558132193e-09,12.70204521902933,0.11864001501595403,1668
CRVUSDT|BNBUSDT|SOLUSDT,CRVUSDT,BNBUSDT,SOLUSDT,-0.1058543858988176,6.788974214618977e-08,12.702518161089055,0.20311638636028356,1451
HOTUSDT|BNBUSDT|SOLUSDT,HOTUSDT,BNBUSDT,SOLUSDT,-0.10592882666017671,5.704792373651601e-07,12.711390741712721,0.1206246238129596,1254
ALICEUSDT|BNBUSDT|SOLUSDT,ALICEUSDT,BNBUSDT,SOLUSDT,-0.10613721790337219,7.274059172412815e-08,12.736457419533656,0.15967092689673834,1268
TRBUSDT|BTCUSDT|BNBUSDT,TRBUSDT,BTCUSDT,BNBUSDT,-0.10627429017685704,4.5352570253200294e-08,12.752909378914413,0.26688647100713986,1462
QTUMUSDT|BTCUSDT|SOLUSDT,QTUMUSDT,BTCUSDT,SOLUSDT,-0.10657480481869125,0.0003587298873368324,12.745928991762531,0.13464111640971865,1451
IOSTUSDT|BNBUSDT|SOLUSDT,IOSTUSDT,BNBUSDT,SOLUSDT,-0.10699050237671796,1.9500052513455077e-07,12.83883688514314,0.15455137603174282,1451
IOTXUSDT|BTCUSDT|ETHUSDT,IOTXUSDT,BTCUSDT,ETHUSDT,-0.10704759286260006,6.712197740763441e-07,12.845630597139117,0.14035865978171852,1119
YFIUSDT|BTCUSDT|ETHUSDT,YFIUSDT,BTCUSDT,ETHUSDT,-0.10709297514610013,1.475263557882138e-09,12.851156840500387,0.13757002745661903,1465
ZECUSDT|BTCUSDT|BNBUSDT,ZECUSDT,BTCUSDT,BNBUSDT,-0.10722284147646295,4.3407244041278835e-10,12.86674092508686,0.14023366627757428,1668
MTLUSDT|BNBUSDT|SOLUSDT,MTLUSDT,BNBUSDT,SOLUSDT,-0.10741330537260661,2.6579468936655294e-07,12.88956474935007,0.15303732811028983,1253
RLCUSDT|ETHUSDT|SOLUSDT,RLCUSDT,ETHUSDT,SOLUSDT,-0.10773920190718807,0.00011576939480035923,12.914811901486525,0.17398270467126595,1451
OGNUSDT|BNBUSDT|SOLUSDT,OGNUSDT,BNBUSDT,SOLUSDT,-0.10778140112742868,1.7887417731812766e-06,12.933553486278658,0.1682723225929186,1252
BCHUSDT|BTCUSDT|BNBUSDT,BCHUSDT,BTCUSDT,BNBUSDT,-0.10791156762584256,4.139408398458167e-06,12.948891386093292,0.12505047132189184,1668
UNIUSDT|BNBUSDT|SOLUSDT,UNIUSDT,BNBUSDT,SOLUSDT,-0.10834155316924736,5.050925287694529e-08,13.000980319199337,0.16761507301282663,1447
COMPUSDT|BNBUSDT|SOLUSDT,COMPUSDT,BNBUSDT,SOLUSDT,-0.10834714654903503,1.723556645272447e-08,13.00165551761623,0.1496759371950865,1451
RLCUSDT|BTCUSDT|ETHUSDT,RLCUSDT,BTCUSDT,ETHUSDT,-0.10888611542304799,0.00022688439548656389,13.039107723307371,0.17844512865930606,1496
QTUMUSDT|BTCUSDT|BNBUSDT,QTUMUSDT,BTCUSDT,BNBUSDT,-0.10899812118875525,1.4639158283356643e-09,13.07977436698073,0.13923263245569623,1658
GTCUSDT|BTCUSDT|SOLUSDT,GTCUSDT,BTCUSDT,SOLUSDT,-0.10917261636073543,9.69401748750996e-08,13.100702330467266,0.17918752542944527,1181
BTCDOMUSDT|ETHUSDT|SOLUSDT,BTCDOMUSDT,ETHUSDT,SOLUSDT,-0.10935781018470911,1.498953009707352e-07,13.122919234728975,0.053724144858008645,1171
CHRUSDT|ETHUSDT|BNBUSDT,CHRUSDT,ETHUSDT,BNBUSDT,-0.10936729644167285,2.02269635056387e-07,13.124051300644537,0.1779322361079602,1272
ONTUSDT|BNBUSDT|SOLUSDT,ONTUSDT,BNBUSDT,SOLUSDT,-0.1094758429524962,1.0387494925952286e-07,13.137088689305633,0.130597686969453,1451
ZRXUSDT|BTCUSDT|BNBUSDT,ZRXUSDT,BTCUSDT,BNBUSDT,-0.10954057694928453,2.7957734642049034e-09,13.144868898421327,0.16024541586482258,1533
GTCUSDT|ETHUSDT|SOLUSDT,GTCUSDT,ETHUSDT,SOLUSDT,-0.10957466003951205,2.855325256928452e-07,13.148924940838363,0.17395683628715242,1181
IOTXUSDT|BTCUSDT|SOLUSDT,IOTXUSDT,BTCUSDT,SOLUSDT,-0.10989937925798347,5.101165824315138e-07,13.187864296968124,0.1441652273906415,1119
EGLDUSDT|BNBUSDT|SOLUSDT,EGLDUSDT,BNBUSDT,SOLUSDT,-0.10999971504237337,5.744315432897272e-06,13.199276487232856,0.17833497692752806,1451
AAVEUSDT|BNBUSDT|SOLUSDT,AAVEUSDT,BNBUSDT,SOLUSDT,-0.11017110381156335,4.5742878753977927e-05,13.215043311937125,0.1740112325661371,1419
XTZUSDT|BTCUSDT|SOLUSDT,XTZUSDT,BTCUSDT,SOLUSDT,-0.1103442073340599,3.4909172340042424e-09,13.241304461177121,0.12567132357270794,1451
YFIUSDT|ETHUSDT|BNBUSDT,YFIUSDT,ETHUSDT,BNBUSDT,-0.1106128106543776,8.060658611600519e-09,13.273536311246279,0.13579601536465538,1465
MTLUSDT|BTCUSDT|SOLUSDT,MTLUSDT,BTCUSDT,SOLUSDT,-0.11072098325049091,1.5740096644674914e-05,13.284629178461548,0.14803775742533434,1253
COTIUSDT|BTCUSDT|BNBUSDT,COTIUSDT,BTCUSDT,BNBUSDT,-0.11072320828955436,8.068433100528285e-07,13.286688173549317,0.16916774720937802,1274
XTZUSDT|BTCUSDT|BNBUSDT,XTZUSDT,BTCUSDT,BNBUSDT,-0.11079172758946045,3.7269739124716105e-07,13.294962587048305,0.13267037551887187,1668
EGLDUSDT|BTCUSDT|BNBUSDT,EGLDUSDT,BTCUSDT,BNBUSDT,-0.11208008021620099,4.959276190494024e-09,13.449609030830976,0.15433466228303022,1451
LTCUSDT|BNBUSDT|SOLUSDT,LTCUSDT,BNBUSDT,SOLUSDT,-0.11231396422969585,4.748742624652575e-06,13.477105858448542,0.128076533674941,1451
ONTUSDT|BTCUSDT|SOLUSDT,ONTUSDT,BTCUSDT,SOLUSDT,-0.11234564050086765,9.867424021380105e-09,13.481475676013236,0.12924062809949421,1451
BCHUSDT|BNBUSDT|SOLUSDT,BCHUSDT,BNBUSDT,SOLUSDT,-0.11252954970488115,4.335064119801084e-06,13.503025756891361,0.13653874092079957,1451
ANKRUSDT|BTCUSDT|ETHUSDT,ANKRUSDT,BTCUSDT,ETHUSDT,-0.1125947564606296,3.7050481633156887e-07,13.511326314697593,0.14778935286887193,1317
ICXUSDT|BNBUSDT|SOLUSDT,ICXUSDT,BNBUSDT,SOLUSDT,-0.11266107534999334,6.306078610624691e-06,13.518572312565926,0.149804126378654,1450
RLCUSDT|BTCUSDT|SOLUSDT,RLCUSDT,BTCUSDT,SOLUSDT,-0.11299158733321785,3.875711225769509e-08,13.558985829132672,0.18602737684270118,1451
TRBUSDT|BNBUSDT|SOLUSDT,TRBUSDT,BNBUSDT,SOLUSDT,-0.11300894964465674,4.435997119849272e-06,13.560541637704427,0.2823518450111901,1451
ZRXUSDT|BTCUSDT|SOLUSDT,ZRXUSDT,BTCUSDT,SOLUSDT,-0.11336791848485203,2.731181577901309e-08,13.60414694076435,0.15918811795036847,1451
UNIUSDT|ETHUSDT|BNBUSDT,UNIUSDT,ETHUSDT,BNBUSDT,-0.1134842562357018,2.1091897864319353e-07,13.618085438006778,0.15478919463238766,1447
YFIUSDT|ETHUSDT|SOLUSDT,YFIUSDT,ETHUSDT,SOLUSDT,-0.1136004230642023,2.3703470879510164e-08,13.63204792328777,0.12872233902786084,1451
CHZUSDT|BTCUSDT|BNBUSDT,CHZUSDT,BTCUSDT,BNBUSDT,-0.11406271309723941,1.9918259497166205e-06,13.687286552554763,0.16312795170421884,1322
QTUMUSDT|BNBUSDT|SOLUSDT,QTUMUSDT,BNBUSDT,SOLUSDT,-0.11482998089888331,1.6221224557114907e-05,13.777651160919143,0.14054108147645789,1451
UNIUSDT|BTCUSDT|SOLUSDT,UNIUSDT,BTCUSDT,SOLUSDT,-0.11602898888051918,3.5934404095108875e-08,13.92347435353381,0.15021018968394576,1447
DASHUSDT|BNBUSDT|SOLUSDT,DASHUSDT,BNBUSDT,SOLUSDT,-0.11619876681727562,2.5783078854069897e-08,13.943848924103612,0.1313364518681764,1451
ALICEUSDT|BTCUSDT|BNBUSDT,ALICEUSDT,BTCUSDT,BNBUSDT,-0.11623404077351188,9.165241840031729e-08,13.948073894531216,0.16143331185168378,1268
SUSHIUSDT|BTCUSDT|BNBUSDT,SUSHIUSDT,BTCUSDT,BNBUSDT,-0.11644232807165078,2.160544135798568e-09,13.973079109332797,0.19065049266303705,1461
TRBUSDT|ETHUSDT|BNBUSDT,TRBUSDT,ETHUSDT,BNBUSDT,-0.11650570358422312,0.000371644492230088,13.936087091039163,0.32847029058776667,1462
RUNEUSDT|ETHUSDT|BNBUSDT,RUNEUSDT,ETHUSDT,BNBUSDT,-0.11711487330401842,1.9554751348860193e-06,14.053550139466024,0.23130501315079066,1461
KSMUSDT|BTCUSDT|BNBUSDT,KSMUSDT,BTCUSDT,BNBUSDT,-0.11744830993262016,1.928536616681347e-08,14.09379487767048,0.15824038960984163,1421
BANDUSDT|BTCUSDT|ETHUSDT,BANDUSDT,BTCUSDT,ETHUSDT,-0.11754674319682501,9.633172866012677e-09,14.105608027638256,0.16522041803416113,1498
TRXUSDT|BTCUSDT|ETHUSDT,TRXUSDT,BTCUSDT,ETHUSDT,-0.11769476393542372,1.3681683797099825e-08,14.12337003044879,0.12777055640185023,1694
COTIUSDT|BNBUSDT|SOLUSDT,COTIUSDT,BNBUSDT,SOLUSDT,-0.11773002068481755,4.560537524855813e-07,14.127547755727809,0.16713873260973722,1274
GTCUSDT|BTCUSDT|ETHUSDT,GTCUSDT,BTCUSDT,ETHUSDT,-0.11782143239363331,3.7707697258712434e-07,14.138526637999286,0.17958777427012512,1181
GRTUSDT|BTCUSDT|BNBUSDT,GRTUSDT,BTCUSDT,BNBUSDT,-0.11797525409971009,1.2588261633288655e-09,14.15703034090607,0.13928174464991494,1355
CHZUSDT|BTCUSDT|ETHUSDT,CHZUSDT,BTCUSDT,ETHUSDT,-0.11827102301617544,0.00013090865173324013,14.176813723733064,0.22034539281032695,1322
ETCUSDT|BTCUSDT|BNBUSDT,ETCUSDT,BTCUSDT,BNBUSDT,-0.11834161334938366,7.74427370932303e-06,14.20006428908092,0.16966031687285388,1668
ANKRUSDT|BTCUSDT|SOLUSDT,ANKRUSDT,BTCUSDT,SOLUSDT,-0.11852859064158988,1.6331064466901913e-07,14.223411279713424,0.14216240966099788,1317
RUNEUSDT|BNBUSDT|SOLUSDT,RUNEUSDT,BNBUSDT,SOLUSDT,-0.11867319647120855,7.34962579522355e-08,14.240774756994071,0.2188264555519194,1451
MTLUSDT|ETHUSDT|BNBUSDT,MTLUSDT,ETHUSDT,BNBUSDT,-0.11875113165111224,6.014893582586709e-07,14.250063619410478,0.15261846068414958,1253
KAVAUSDT|BNBUSDT|SOLUSDT,KAVAUSDT,BNBUSDT,SOLUSDT,-0.11883097515992531,3.879508824433399e-05,14.255061608601718,0.16178404037506794,1451
XLMUSDT|BNBUSDT|SOLUSDT,XLMUSDT,BNBUSDT,SOLUSDT,-0.11896786257584814,1.8471778646545353e-05,14.273926895664191,0.15934517916008328,1451
CHZUSDT|BNBUSDT|SOLUSDT,CHZUSDT,BNBUSDT,SOLUSDT,-0.11900955276304351,5.276817269281698e-05,14.274814150842083,0.16225000396956293,1322
IOTAUSDT|BNBUSDT|SOLUSDT,IOTAUSDT,BNBUSDT,SOLUSDT,-0.11949651590292393,9.549644992943215e-07,14.339467312610955,0.1416298989261454,1451
ALGOUSDT|BNBUSDT|SOLUSDT,ALGOUSDT,BNBUSDT,SOLUSDT,-0.11952640520716017,7.002950901247646e-06,14.34232827075107,0.1445956665620156,1451
ATOMUSDT|BTCUSDT|BNBUSDT,ATOMUSDT,BTCUSDT,BNBUSDT,-0.11970917742322669,3.298337010492898e-07,14.365061710743078,0.1713518761168948,1668
GRTUSDT|BTCUSDT|ETHUSDT,GRTUSDT,BTCUSDT,ETHUSDT,-0.11987495056611665,2.4911633045931027e-08,14.384991078538032,0.1415278583906683,1355
GRTUSDT|BTCUSDT|SOLUSDT,GRTUSDT,BTCUSDT,SOLUSDT,-0.12020770425226475,5.22913856109819e-08,14.424918235305496,0.1397931948801232,1355
RLCUSDT|BNBUSDT|SOLUSDT,RLCUSDT,BNBUSDT,SOLUSDT,-0.12026280502165314,0.00024421153315327845,14.402231218619983,0.1927542162849613,1451
MANAUSDT|BTCUSDT|BNBUSDT,MANAUSDT,BTCUSDT,BNBUSDT,-0.12038893219576596,1.5071901296920812e-06,14.446491000676353,0.1883886204213804,1269
LINKUSDT|ETHUSDT|BNBUSDT,LINKUSDT,ETHUSDT,BNBUSDT,-0.12040624760231264,9.404362318679811e-08,14.448738427042734,0.14452066753448542,1668
XRPUSDT|ETHUSDT|SOLUSDT,XRPUSDT,ETHUSDT,SOLUSDT,-0.12082162397588994,2.8943761478551263e-07,14.498560144593018,0.16378079333214568,1451
XLMUSDT|BTCUSDT|ETHUSDT,XLMUSDT,BTCUSDT,ETHUSDT,-0.12088719374132713,3.5825415244334893e-06,14.506033343976323,0.14253092549825783,1689
SUSHIUSDT|BNBUSDT|SOLUSDT,SUSHIUSDT,BNBUSDT,SOLUSDT,-0.12100471862856853,5.118123534613506e-09,14.520565621253398,0.2242281939632391,1451
HBARUSDT|BTCUSDT|SOLUSDT,HBARUSDT,BTCUSDT,SOLUSDT,-0.1210244125204084,1.4366848026969416e-07,14.522912262231376,0.14871064820677263,1267
LINKUSDT|BTCUSDT|ETHUSDT,LINKUSDT,BTCUSDT,ETHUSDT,-0.12114605255063503,3.185682459742991e-09,14.537525923794309,0.1332877207708639,1692
COTIUSDT|BTCUSDT|SOLUSDT,COTIUSDT,BTCUSDT,SOLUSDT,-0.12144248742014371,3.3436156733968655e-06,14.572697256536438,0.1652290437850089,1274
AAVEUSDT|BTCUSDT|BNBUSDT,AAVEUSDT,BTCUSDT,BNBUSDT,-0.12181908571898147,5.452965589940621e-07,14.618224850690696,0.1561561219508589,1419
CHZUSDT|ETHUSDT|SOLUSDT,CHZUSDT,ETHUSDT,SOLUSDT,-0.12184603277184833,0.00011438461444618612,14.607797778888257,0.20086739966320066,1322
COMPUSDT|BTCUSDT|BNBUSDT,COMPUSDT,BTCUSDT,BNBUSDT,-0.12192228678081392,3.360561536118308e-07,14.630634086959237,0.16909999796040834,1527
DOTUSDT|BTCUSDT|BNBUSDT,DOTUSDT,BTCUSDT,BNBUSDT,-0.12209091156064651,8.818041606569194e-09,14.650908329112589,0.13243111145605305,1474
OGNUSDT|ETHUSDT|SOLUSDT,OGNUSDT,ETHUSDT,SOLUSDT,-0.1223244580156887,5.718547901122951e-06,14.678248736134508,0.1805026918252447,1252
AVAXUSDT|BNBUSDT|SOLUSDT,AVAXUSDT,BNBUSDT,SOLUSDT,-0.12239375101051392,1.2038074934192985e-07,14.687235675571749,0.18811963041336574,1442
ALICEUSDT|ETHUSDT|BNBUSDT,ALICEUSDT,ETHUSDT,BNBUSDT,-0.12291733847670618,5.913369414217878e-09,14.75007990760041,0.16240663127907948,1268
ATOMUSDT|ETHUSDT|SOLUSDT,ATOMUSDT,ETHUSDT,SOLUSDT,-0.12303923108894818,0.0014373000380519803,14.592231726107544,0.16496869783250512,1451
LINKUSDT|ETHUSDT|SOLUSDT,LINKUSDT,ETHUSDT,SOLUSDT,-0.12316523961897144,3.789462404581834e-06,14.779374018788024,0.12372279082225529,1451
XLMUSDT|BTCUSDT|BNBUSDT,XLMUSDT,BTCUSDT,BNBUSDT,-0.12345040463337482,4.944047400033631e-07,14.813989227436178,0.14841006088614087,1668
STORJUSDT|ETHUSDT|BNBUSDT,STORJUSDT,ETHUSDT,BNBUSDT,-0.12352420838652141,9.488649683089286e-08,14.822893620002949,0.21037017158493374,1449
CRVUSDT|BTCUSDT|BNBUSDT,CRVUSDT,BTCUSDT,BNBUSDT,-0.12353734647910578,4.9448514673459014e-08,14.824475643670933,0.20961256456797278,1464
IOTXUSDT|ETHUSDT|SOLUSDT,IOTXUSDT,ETHUSDT,SOLUSDT,-0.12358083268850047,1.1061800070080795e-05,14.828372506611645,0.14250668598680508,1119
QTUMUSDT|BTCUSDT|ETHUSDT,QTUMUSDT,BTCUSDT,ETHUSDT,-0.12360167343474275,1.8947543877022435e-08,14.832198538463864,0.14927426122997514,1658
OGNUSDT|BTCUSDT|BNBUSDT,OGNUSDT,BTCUSDT,BNBUSDT,-0.12380011696074157,8.473287533865139e-07,14.855912355838582,0.17247818607816157,1252
SNXUSDT|BNBUSDT|SOLUSDT,SNXUSDT,BNBUSDT,SOLUSDT,-0.12382104576806824,3.481282546902876e-07,14.858483716777625,0.20038390495066688,1451
ZECUSDT|ETHUSDT|BNBUSDT,ZECUSDT,ETHUSDT,BNBUSDT,-0.123844270030261,2.560853934085608e-08,14.861309330606598,0.14244126894432182,1668
ZECUSDT|BTCUSDT|SOLUSDT,ZECUSDT,BTCUSDT,SOLUSDT,-0.12395582592182204,4.960585338157876e-09,14.874698515348404,0.1483271092550048,1451
OGNUSDT|BTCUSDT|SOLUSDT,OGNUSDT,BTCUSDT,SOLUSDT,-0.12456006797666415,8.854475415875138e-07,14.947101903494707,0.17119081403905975,1252
MTLUSDT|ETHUSDT|SOLUSDT,MTLUSDT,ETHUSDT,SOLUSDT,-0.1245964241791957,7.27547145431662e-07,14.951483595846032,0.1608045125185707,1253
ANKRUSDT|BNBUSDT|SOLUSDT,ANKRUSDT,BNBUSDT,SOLUSDT,-0.1246574115122955,6.632632763413859e-07,14.958809789882299,0.13290660971630985,1317
EGLDUSDT|BTCUSDT|ETHUSDT,EGLDUSDT,BTCUSDT,ETHUSDT,-0.12467210941209239,2.6260244015810637e-07,14.960621617158269,0.1642832723975669,1451
NEOUSDT|BTCUSDT|BNBUSDT,NEOUSDT,BTCUSDT,BNBUSDT,-0.1248273717635493,2.5202556543999165e-07,14.979254368558063,0.1399356234996795,1661
CHZUSDT|BTCUSDT|SOLUSDT,CHZUSDT,BTCUSDT,SOLUSDT,-0.12519134972211882,0.001486039684477464,14.844637204516962,0.20418880081565835,1322
BATUSDT|BTCUSDT|SOLUSDT,BATUSDT,BTCUSDT,SOLUSDT,-0.12573495508856003,0.0005919470831459992,15.017160960649683,0.14401715404948387,1451
XRPUSDT|BTCUSDT|BNBUSDT,XRPUSDT,BTCUSDT,BNBUSDT,-0.12575462570722368,1.9020704499376035e-10,15.090555062041995,0.17485753315493144,1668
GRTUSDT|BNBUSDT|SOLUSDT,GRTUSDT,BNBUSDT,SOLUSDT,-0.1258785070374974,7.158967223823901e-05,15.0968300838311,0.1693467880197033,1355
ICXUSDT|BTCUSDT|SOLUSDT,ICXUSDT,BTCUSDT,SOLUSDT,-0.12604413887994248,9.987267759729567e-09,15.125295467120965,0.1364345675889082,1450
ONTUSDT|BTCUSDT|ETHUSDT,ONTUSDT,BTCUSDT,ETHUSDT,-0.12637595025319248,1.6206237877780093e-08,15.165112085634552,0.1478458147919199,1667
TRXUSDT|ETHUSDT|SOLUSDT,TRXUSDT,ETHUSDT,SOLUSDT,-0.1263905727401237,0.00014633407218286342,15.1493086401529,0.13103471291347413,1451
RSRUSDT|BTCUSDT|BNBUSDT,RSRUSDT,BTCUSDT,BNBUSDT,-0.12673221449366232,1.4753117389109696e-06,15.207688701830808,0.19507150369208762,1416
YFIUSDT|BTCUSDT|SOLUSDT,YFIUSDT,BTCUSDT,SOLUSDT,-0.12681018803813596,1.1892582634641041e-07,15.217208293477153,0.14781086007510041,1451
ZENUSDT|BTCUSDT|BNBUSDT,ZENUSDT,BTCUSDT,BNBUSDT,-0.12686986711101642,2.81434129237629e-06,15.224046332366886,0.16515649387243048,1380
SNXUSDT|BTCUSDT|BNBUSDT,SNXUSDT,BTCUSDT,BNBUSDT,-0.12764448502328787,7.901761584305061e-08,15.317328720680646,0.17164178069093342,1482
KAVAUSDT|BTCUSDT|BNBUSDT,KAVAUSDT,BTCUSDT,BNBUSDT,-0.1278886257944602,9.53885352202772e-06,15.34549043291258,0.16848839228923365,1499
SUSHIUSDT|ETHUSDT|BNBUSDT,SUSHIUSDT,ETHUSDT,BNBUSDT,-0.12801643412581545,3.670969917817797e-06,15.361531578707714,0.2026630830174879,1461
RVNUSDT|BNBUSDT|SOLUSDT,RVNUSDT,BNBUSDT,SOLUSDT,-0.12804720820874607,3.4207747590284284e-08,15.365660880119819,0.15892038876388936,1289
ANKRUSDT|BTCUSDT|BNBUSDT,ANKRUSDT,BTCUSDT,BNBUSDT,-0.1282257463402761,2.4153478638075647e-07,15.387060576658762,0.12921726644511244,1317
QTUMUSDT|ETHUSDT|BNBUSDT,QTUMUSDT,ETHUSDT,BNBUSDT,-0.1284328545901566,1.4345459503750081e-08,15.41194082936365,0.1375683077250999,1658
ALICEUSDT|BTCUSDT|ETHUSDT,ALICEUSDT,BTCUSDT,ETHUSDT,-0.12848335645049425,1.54806461648503e-07,15.41798419728391,0.17113784432102477,1268
CHRUSDT|BNBUSDT|SOLUSDT,CHRUSDT,BNBUSDT,SOLUSDT,-0.12849220798922587,7.223370555020809e-07,15.418978278260443,0.18541504403438075,1272
EGLDUSDT|BTCUSDT|SOLUSDT,EGLDUSDT,BTCUSDT,SOLUSDT,-0.12851771098226036,2.5608711063486762e-08,15.422122244825916,0.14877729649907626,1451
ADAUSDT|BNBUSDT|SOLUSDT,ADAUSDT,BNBUSDT,SOLUSDT,-0.12853366401411365,7.079856683539594e-07,15.423954723413438,0.1518600779761997,1451
SUSHIUSDT|BTCUSDT|ETHUSDT,SUSHIUSDT,BTCUSDT,ETHUSDT,-0.12888360746631317,2.0508171990743065e-07,15.46600828615119,0.20444002583812854,1461
STORJUSDT|ETHUSDT|SOLUSDT,STORJUSDT,ETHUSDT,SOLUSDT,-0.1289030136547973,3.6064002465848014e-05,15.464033958279776,0.215346696723101,1449
HOTUSDT|BTCUSDT|ETHUSDT,HOTUSDT,BTCUSDT,ETHUSDT,-0.12892361926476495,7.018639280922398e-07,15.470750088100422,0.12369870409455908,1254
ATOMUSDT|ETHUSDT|BNBUSDT,ATOMUSDT,ETHUSDT,BNBUSDT,-0.12926018586569743,3.54082306594146e-06,15.510797405115778,0.17300045195534886,1668
IOTAUSDT|BTCUSDT|BNBUSDT,IOTAUSDT,BTCUSDT,BNBUSDT,-0.12927321853317567,1.3085104057235883e-08,15.512784653768595,0.145984461274478,1666
BATUSDT|ETHUSDT|BNBUSDT,BATUSDT,ETHUSDT,BNBUSDT,-0.12939531406924268,2.321309132135404e-06,15.527159131213264,0.14209192595984818,1665
BELUSDT|ETHUSDT|BNBUSDT,BELUSDT,ETHUSDT,BNBUSDT,-0.12957562023990926,1.2112645908305391e-05,15.547620911280113,0.21696893371827225,1386
XRPUSDT|BNBUSDT|SOLUSDT,XRPUSDT,BNBUSDT,SOLUSDT,-0.12959220821191017,8.242242512698454e-07,15.55096607851907,0.16374505885332666,1451
1INCHUSDT|BTCUSDT|SOLUSDT,1INCHUSDT,BTCUSDT,SOLUSDT,-0.1296702402743568,7.34225167066511e-05,15.551618130918019,0.13376347886683512,1349
NEARUSDT|BTCUSDT|BNBUSDT,NEARUSDT,BTCUSDT,BNBUSDT,-0.12968398564259115,7.885116541804481e-07,15.561983655712435,0.1960385641965646,1420
KNCUSDT|BTCUSDT|SOLUSDT,KNCUSDT,BTCUSDT,SOLUSDT,-0.12969569680218848,4.7058533974655724e-08,15.56347796923854,0.1750725850755552,1451
BTCDOMUSDT|BTCUSDT|BNBUSDT,BTCDOMUSDT,BTCUSDT,BNBUSDT,-0.12980861853794318,3.3301602431800203e-07,15.576994262630265,0.04620793155479718,1171
HOTUSDT|ETHUSDT|SOLUSDT,HOTUSDT,ETHUSDT,SOLUSDT,-0.13025636191715942,1.0519313649405997e-06,15.63063719829534,0.13493465460819087,1254
ALICEUSDT|BTCUSDT|SOLUSDT,ALICEUSDT,BTCUSDT,SOLUSDT,-0.13039828568749,6.351770228919744e-07,15.647718061256056,0.1742205658733402,1268
LTCUSDT|BTCUSDT|ETHUSDT,LTCUSDT,BTCUSDT,ETHUSDT,-0.13044523649203776,1.2452456495479764e-08,15.653426884749754,0.11043081930978614,1700
ETCUSDT|BTCUSDT|ETHUSDT,ETCUSDT,BTCUSDT,ETHUSDT,-0.13047172065926724,1.3554983592513816e-08,15.656604852514038,0.15227092705918355,1693
IOSTUSDT|BTCUSDT|BNBUSDT,IOSTUSDT,BTCUSDT,BNBUSDT,-0.13069628884285556,2.1964151036224266e-08,15.683552025444543,0.16536447419178024,1657
ZENUSDT|ETHUSDT|SOLUSDT,ZENUSDT,ETHUSDT,SOLUSDT,-0.13098886891421505,2.78629583709696e-06,15.718329914205352,0.15598087255427184,1380
DOTUSDT|BNBUSDT|SOLUSDT,DOTUSDT,BNBUSDT,SOLUSDT,-0.13109822157590278,2.0602362106520286e-09,15.731786341879989,0.14948186270325356,1451
RSRUSDT|BTCUSDT|ETHUSDT,RSRUSDT,BTCUSDT,ETHUSDT,-0.13115071045631943,1.0998338018937537e-05,15.73676545419606,0.21519200284301,1416
XRPUSDT|ETHUSDT|BNBUSDT,XRPUSDT,ETHUSDT,BNBUSDT,-0.1312472435925701,5.633169035743037e-10,15.749669163510383,0.17625273006769182,1668
HOTUSDT|BTCUSDT|SOLUSDT,HOTUSDT,BTCUSDT,SOLUSDT,-0.13131028493526833,1.3764049069821278e-06,15.757069023643362,0.1254887949492522,1254
MASKUSDT|ETHUSDT|SOLUSDT,MASKUSDT,ETHUSDT,SOLUSDT,-0.13138170461746773,2.3857494302039765e-07,15.765775925102965,0.18231590029895972,1104
BCHUSDT|BTCUSDT|ETHUSDT,BCHUSDT,BTCUSDT,ETHUSDT,-0.13142510736943633,2.0519148770113774e-08,15.771010422034506,0.13113353634597522,1708
KAVAUSDT|BTCUSDT|SOLUSDT,KAVAUSDT,BTCUSDT,SOLUSDT,-0.13148033161046221,1.8827737027514934e-07,15.777617199971033,0.1616388308723222,1451
IOSTUSDT|BTCUSDT|SOLUSDT,IOSTUSDT,BTCUSDT,SOLUSDT,-0.13171191084506553,0.0004891985450378955,15.746725476003316,0.15159648586476582,1451
BCHUSDT|ETHUSDT|BNBUSDT,BCHUSDT,ETHUSDT,BNBUSDT,-0.13215216828181556,7.443342217740225e-08,15.858251261807206,0.13006334761764302,1668
KNCUSDT|BNBUSDT|SOLUSDT,KNCUSDT,BNBUSDT,SOLUSDT,-0.13234747952464454,3.024181029188943e-07,15.881661252784994,0.1803666191054593,1451
HOTUSDT|ETHUSDT|BNBUSDT,HOTUSDT,ETHUSDT,BNBUSDT,-0.13242662936677826,2.2998566604821996e-05,15.888435696020814,0.12482542185633366,1254
MANAUSDT|BNBUSDT|SOLUSDT,MANAUSDT,BNBUSDT,SOLUSDT,-0.13281231045441938,0.01263222288154733,14.421610508744646,0.19682021144761067,1269
1INCHUSDT|ETHUSDT|BNBUSDT,1INCHUSDT,ETHUSDT,BNBUSDT,-0.1330569855394329,2.4286654974399544e-07,15.96680912074598,0.13218082870543013,1349
AAVEUSDT|BTCUSDT|SOLUSDT,AAVEUSDT,BTCUSDT,SOLUSDT,-0.13399993201582255,6.950234327560621e-05,16.071651560705636,0.16494367619138794,1419
CHRUSDT|BTCUSDT|BNBUSDT,CHRUSDT,BTCUSDT,BNBUSDT,-0.13421909766171436,1.793486448167172e-09,16.10629150418735,0.18432461196527203,1272
RUNEUSDT|BTCUSDT|BNBUSDT,RUNEUSDT,BTCUSDT,BNBUSDT,-0.13453955651909918,2.0273874299132254e-07,16.144722453642743,0.21380876848837824,1461
C98USDT|BNBUSDT|SOLUSDT,C98USDT,BNBUSDT,SOLUSDT,-0.1348488723692323,1.059487862860355e-05,16.18059329887244,0.15413012727682954,1107
IOTAUSDT|BTCUSDT|SOLUSDT,IOTAUSDT,BTCUSDT,SOLUSDT,-0.13486831716306436,3.8733432663137516e-09,16.18419759476653,0.15165365533004768,1451
CRVUSDT|BTCUSDT|SOLUSDT,CRVUSDT,BTCUSDT,SOLUSDT,-0.1349008767607825,4.2256393381131586e-07,16.188054503621842,0.21584882146222642,1451
COTIUSDT|ETHUSDT|SOLUSDT,COTIUSDT,ETHUSDT,SOLUSDT,-0.13505571762349927,6.490831343000711e-07,16.206608224843798,0.18341666722180772,1274
NEOUSDT|BTCUSDT|SOLUSDT,NEOUSDT,BTCUSDT,SOLUSDT,-0.13519861975105504,9.505136110972218e-08,16.223822963963272,0.13940338925817228,1451
ZECUSDT|ETHUSDT|SOLUSDT,ZECUSDT,ETHUSDT,SOLUSDT,-0.13542351223414886,3.264322288694773e-08,16.25081755091112,0.14900062165443337,1451
AAVEUSDT|ETHUSDT|BNBUSDT,AAVEUSDT,ETHUSDT,BNBUSDT,-0.1356004804359604,4.265102185585187e-06,16.271545840052976,0.15371362735852373,1419
COMPUSDT|BTCUSDT|SOLUSDT,COMPUSDT,BTCUSDT,SOLUSDT,-0.13612706755548756,8.131917508441557e-07,16.335150523648405,0.16453919786173843,1451
BANDUSDT|ETHUSDT|BNBUSDT,BANDUSDT,ETHUSDT,BNBUSDT,-0.13625181865239258,2.890267132099144e-06,16.34987140623126,0.1852987782534956,1498
XTZUSDT|ETHUSDT|BNBUSDT,XTZUSDT,ETHUSDT,BNBUSDT,-0.13626085448263509,0.00013443717377141506,16.33517007706364,0.13753444754175745,1668
OGNUSDT|BTCUSDT|ETHUSDT,OGNUSDT,BTCUSDT,ETHUSDT,-0.13626132021763473,2.9979603099608386e-05,16.347760873744214,0.1799604701577837,1252
UNIUSDT|ETHUSDT|SOLUSDT,UNIUSDT,ETHUSDT,SOLUSDT,-0.13627752946855812,3.37802136288176e-05,16.349249910591517,0.15761166526180162,1447
ATOMUSDT|BTCUSDT|SOLUSDT,ATOMUSDT,BTCUSDT,SOLUSDT,-0.13633379401085144,7.248521830159785e-06,16.359185458682553,0.16639232418750655,1451
SUSHIUSDT|BTCUSDT|SOLUSDT,SUSHIUSDT,BTCUSDT,SOLUSDT,-0.13640395856247922,3.300550972052129e-08,16.368471066836342,0.1859570748016629,1451
CRVUSDT|BTCUSDT|ETHUSDT,CRVUSDT,BTCUSDT,ETHUSDT,-0.13646695670473624,1.6891462764153178e-06,16.37583210701518,0.20952408099217884,1464
CELRUSDT|BNBUSDT|SOLUSDT,CELRUSDT,BNBUSDT,SOLUSDT,-0.1365456825213019,3.5445414574877666e-05,16.381228452807242,0.18215501571308718,1255
ENJUSDT|BTCUSDT|BNBUSDT,ENJUSDT,BTCUSDT,BNBUSDT,-0.13666515177508476,1.8456592377223705e-07,16.39979606509932,0.1850910620100161,1436
NEARUSDT|ETHUSDT|SOLUSDT,NEARUSDT,ETHUSDT,SOLUSDT,-0.13683420966956578,2.3879521190809348e-05,16.417239617804995,0.195514213142937,1420
ZRXUSDT|BTCUSDT|ETHUSDT,ZRXUSDT,BTCUSDT,ETHUSDT,-0.13723095265337173,2.843646818948894e-09,16.46771397716699,0.17286186381225913,1533
ZECUSDT|BTCUSDT|ETHUSDT,ZECUSDT,BTCUSDT,ETHUSDT,-0.13724907918958337,5.0907351463285165e-09,16.46988889186179,0.14942802371979622,1673
LTCUSDT|ETHUSDT|SOLUSDT,LTCUSDT,ETHUSDT,SOLUSDT,-0.137318961362008,1.1660320706874045e-05,16.476876124956135,0.11381374215409606,1451
UNIUSDT|BTCUSDT|ETHUSDT,UNIUSDT,BTCUSDT,ETHUSDT,-0.1373753680837341,5.826265158127499e-06,16.484345018229117,0.16281179283306896,1447
DOTUSDT|BTCUSDT|ETHUSDT,DOTUSDT,BTCUSDT,ETHUSDT,-0.1375006231803881,3.9825081912729144e-07,16.50002699154828,0.13533713058723207,1474
RVNUSDT|BTCUSDT|ETHUSDT,RVNUSDT,BTCUSDT,ETHUSDT,-0.13806661917669688,3.992149801957271e-07,16.567946395406004,0.15130407036829155,1289
IOTAUSDT|ETHUSDT|BNBUSDT,IOTAUSDT,ETHUSDT,BNBUSDT,-0.13818387767124263,9.424718955600347e-06,16.580934354274444,0.14458166017198973,1666
COTIUSDT|BTCUSDT|ETHUSDT,COTIUSDT,BTCUSDT,ETHUSDT,-0.13846103969325643,1.4402381324747127e-07,16.615307480333183,0.18393242031255147,1274
AAVEUSDT|BTCUSDT|ETHUSDT,AAVEUSDT,BTCUSDT,ETHUSDT,-0.13851941703359727,1.432927871640603e-07,16.622312848897213,0.1502121223514987,1419
DYDXUSDT|BNBUSDT|SOLUSDT,DYDXUSDT,BNBUSDT,SOLUSDT,-0.13857822138438142,2.3308014414854474e-05,16.62658960439599,0.19116618653912704,1090
KNCUSDT|ETHUSDT|BNBUSDT,KNCUSDT,ETHUSDT,BNBUSDT,-0.13876799153732075,0.00034529936205403413,16.610723061032004,0.1976612857559731,1535
ENJUSDT|BNBUSDT|SOLUSDT,ENJUSDT,BNBUSDT,SOLUSDT,-0.13895348314883632,4.5296180738495116e-07,16.674363622443472,0.18650569025126207,1436
THETAUSDT|BTCUSDT|BNBUSDT,THETAUSDT,BTCUSDT,BNBUSDT,-0.13953379739069616,3.0563802952211403e-06,16.743688921248115,0.17299180337520878,1561
DASHUSDT|ETHUSDT|BNBUSDT,DASHUSDT,ETHUSDT,BNBUSDT,-0.1395752156113755,2.4024617862260355e-08,16.749022990410918,0.131424951262204,1668
AAVEUSDT|ETHUSDT|SOLUSDT,AAVEUSDT,ETHUSDT,SOLUSDT,-0.1395782384717877,2.142763420740195e-06,16.749131485004035,0.14863353474108906,1419
VETUSDT|BTCUSDT|SOLUSDT,VETUSDT,BTCUSDT,SOLUSDT,-0.13959181970488932,6.261738584148317e-07,16.75094322372371,0.1474734016502853,1451
ZENUSDT|ETHUSDT|BNBUSDT,ZENUSDT,ETHUSDT,BNBUSDT,-0.1398601962109942,3.6308394725363252e-06,16.7827878445826,0.16354302191730552,1380
KAVAUSDT|ETHUSDT|SOLUSDT,KAVAUSDT,ETHUSDT,SOLUSDT,-0.14010108149475092,0.0008493376460827586,16.71020926184018,0.16945490075033,1451
HBARUSDT|ETHUSDT|SOLUSDT,HBARUSDT,ETHUSDT,SOLUSDT,-0.1401274807714651,5.97186517012355e-05,16.808131454371665,0.1542304961666356,1267
THETAUSDT|BNBUSDT|SOLUSDT,THETAUSDT,BNBUSDT,SOLUSDT,-0.14054719821199646,1.9918495203838567e-08,16.86566139522015,0.18604924245590804,1451
CRVUSDT|ETHUSDT|SOLUSDT,CRVUSDT,ETHUSDT,SOLUSDT,-0.14060892798270408,1.8400014993804872e-06,16.872850557744563,0.20577327028440026,1451
MASKUSDT|BTCUSDT|BNBUSDT,MASKUSDT,BTCUSDT,BNBUSDT,-0.1408537233194192,0.006902137816239423,16.074190260381574,0.216975171555939,1104
NEOUSDT|BNBUSDT|SOLUSDT,NEOUSDT,BNBUSDT,SOLUSDT,-0.1409176742942277,6.147695684942923e-06,16.909383191825132,0.15058433141749744,1451
EGLDUSDT|ETHUSDT|BNBUSDT,EGLDUSDT,ETHUSDT,BNBUSDT,-0.14094456510810432,2.423039675804853e-07,16.913318736496407,0.1668628048894095,1451
KNCUSDT|BTCUSDT|BNBUSDT,KNCUSDT,BTCUSDT,BNBUSDT,-0.1410015282666176,5.687900083122525e-07,16.920115137193115,0.19274380494866325,1535
COTIUSDT|ETHUSDT|BNBUSDT,COTIUSDT,ETHUSDT,BNBUSDT,-0.14102913547342644,2.628489831917252e-06,16.923180838031342,0.1892048953116131,1274
XLMUSDT|BTCUSDT|SOLUSDT,XLMUSDT,BTCUSDT,SOLUSDT,-0.1410956993778416,1.8061962762103737e-08,16.931481757905463,0.136060543283085,1451
NEOUSDT|BTCUSDT|ETHUSDT,NEOUSDT,BTCUSDT,ETHUSDT,-0.14113385318342556,2.3388265222525318e-07,16.9360343160928,0.1544086293740637,1661
MANAUSDT|ETHUSDT|BNBUSDT,MANAUSDT,ETHUSDT,BNBUSDT,-0.14141762412104927,1.2684038505871586e-05,16.968592809905207,0.21206227696268012,1269
RVNUSDT|BTCUSDT|BNBUSDT,RVNUSDT,BTCUSDT,BNBUSDT,-0.1416137285257593,7.943983580715044e-08,16.993637890310815,0.15274311057522058,1289
XTZUSDT|ETHUSDT|SOLUSDT,XTZUSDT,ETHUSDT,SOLUSDT,-0.14165785337695186,2.3822100934784785e-05,16.996083753122047,0.13922107373078793,1451
RVNUSDT|ETHUSDT|SOLUSDT,RVNUSDT,ETHUSDT,SOLUSDT,-0.14208154418172103,7.995788020355168e-05,17.040190356182098,0.17631344611727656,1289
ONTUSDT|ETHUSDT|BNBUSDT,ONTUSDT,ETHUSDT,BNBUSDT,-0.14238256043198425,5.138113187831826e-07,17.085845594479856,0.1471335249084767,1667
NEARUSDT|BTCUSDT|ETHUSDT,NEARUSDT,BTCUSDT,ETHUSDT,-0.1426242883584164,3.1912843918583142e-06,17.114531648882945,0.20552958266896498,1420
ATOMUSDT|BTCUSDT|ETHUSDT,ATOMUSDT,BTCUSDT,ETHUSDT,-0.14288994063696436,2.5492402832359396e-07,17.146762285552324,0.18105028171374798,1671
SNXUSDT|BTCUSDT|ETHUSDT,SNXUSDT,BTCUSDT,ETHUSDT,-0.14304281582303296,2.175368337941473e-07,17.1651117943439,0.17553405921429338,1482
VETUSDT|ETHUSDT|BNBUSDT,VETUSDT,ETHUSDT,BNBUSDT,-0.1431997019179773,1.866300887547191e-09,17.18396400620117,0.17213283885908676,1664
COMPUSDT|BTCUSDT|ETHUSDT,COMPUSDT,BTCUSDT,ETHUSDT,-0.143210055161105,5.651158301647423e-07,17.18513880543298,0.17202930106990744,1527
ICXUSDT|BTCUSDT|ETHUSDT,ICXUSDT,BTCUSDT,ETHUSDT,-0.14359061444773097,7.723031699590316e-08,17.230864466089677,0.15744009036330248,1450
RUNEUSDT|ETHUSDT|SOLUSDT,RUNEUSDT,ETHUSDT,SOLUSDT,-0.14364558825461274,1.3623553903543675e-06,17.237307107906684,0.2197264917901147,1451
CRVUSDT|ETHUSDT|BNBUSDT,CRVUSDT,ETHUSDT,BNBUSDT,-0.14375902994842568,1.5794063075394427e-06,17.250894065054176,0.21593839934009604,1464
AVAXUSDT|BTCUSDT|BNBUSDT,AVAXUSDT,BTCUSDT,BNBUSDT,-0.1440036068102131,2.0669092886862654e-08,17.280430336934426,0.22382262041162232,1442
DASHUSDT|BTCUSDT|SOLUSDT,DASHUSDT,BTCUSDT,SOLUSDT,-0.14404049723410167,4.7934751093351794e-09,17.284859092875188,0.13658040742900168,1451
SKLUSDT|BNBUSDT|SOLUSDT,SKLUSDT,BNBUSDT,SOLUSDT,-0.14428754424761958,1.1393982110769799e-06,17.31436858192902,0.18987372472660077,1366
RVNUSDT|BTCUSDT|SOLUSDT,RVNUSDT,BTCUSDT,SOLUSDT,-0.14452047094080137,0.00148964213073231,17.16369945720829,0.16039935635964614,1289
SKLUSDT|BTCUSDT|ETHUSDT,SKLUSDT,BTCUSDT,ETHUSDT,-0.14498702367097993,4.885659713696818e-07,17.398384212601027,0.19576383042502968,1366
IOSTUSDT|BTCUSDT|ETHUSDT,IOSTUSDT,BTCUSDT,ETHUSDT,-0.1452776722810091,4.163931961176058e-08,17.43331567700274,0.18194314318949711,1657
KSMUSDT|ETHUSDT|BNBUSDT,KSMUSDT,ETHUSDT,BNBUSDT,-0.14528342350136955,2.59510860915477e-07,17.433979678861036,0.17101653163872205,1421
DASHUSDT|BTCUSDT|ETHUSDT,DASHUSDT,BTCUSDT,ETHUSDT,-0.145367334408303,9.565598797937401e-08,17.4440686502778,0.13941377600162147,1674
XTZUSDT|BTCUSDT|ETHUSDT,XTZUSDT,BTCUSDT,ETHUSDT,-0.14557384629636333,9.096373983766139e-08,17.46885063991482,0.14322323278094198,1672
DOTUSDT|BTCUSDT|SOLUSDT,DOTUSDT,BTCUSDT,SOLUSDT,-0.1460595503493483,1.1013769665862613e-09,17.527145909756563,0.12393974295057057,1451
HBARUSDT|BNBUSDT|SOLUSDT,HBARUSDT,BNBUSDT,SOLUSDT,-0.14608688817884669,0.00013133857313691043,17.514665952685174,0.17256307885218436,1267
IOSTUSDT|ETHUSDT|BNBUSDT,IOSTUSDT,ETHUSDT,BNBUSDT,-0.14615642159987072,4.359482704075314e-06,17.538247454059995,0.17908847450562176,1657
CELRUSDT|BTCUSDT|BNBUSDT,CELRUSDT,BTCUSDT,BNBUSDT,-0.14749754697067063,8.29382036290476e-06,17.698710378036928,0.2025070910335801,1255
VETUSDT|BNBUSDT|SOLUSDT,VETUSDT,BNBUSDT,SOLUSDT,-0.14765051706994686,4.029856897107206e-06,17.71757846556597,0.1536795425552288,1451
COMPUSDT|ETHUSDT|SOLUSDT,COMPUSDT,ETHUSDT,SOLUSDT,-0.1477047295642648,4.577570085432507e-05,17.71907446360926,0.15847340417402525,1451
VETUSDT|BTCUSDT|BNBUSDT,VETUSDT,BTCUSDT,BNBUSDT,-0.14771972431386576,2.3554296310625423e-07,17.726338652508318,0.19235088232123726,1664
XLMUSDT|ETHUSDT|BNBUSDT,XLMUSDT,ETHUSDT,BNBUSDT,-0.14772518098957377,0.0001437984683134287,17.709765902551243,0.15578317209652442,1668
CHZUSDT|ETHUSDT|BNBUSDT,CHZUSDT,ETHUSDT,BNBUSDT,-0.14786333354721062,2.726661594864569e-05,17.740328031751435,0.16752902241175874,1322
QTUMUSDT|ETHUSDT|SOLUSDT,QTUMUSDT,ETHUSDT,SOLUSDT,-0.14799722787326328,1.2543065970384876e-06,17.75951682799995,0.15193054077897314,1451
ALGOUSDT|BTCUSDT|SOLUSDT,ALGOUSDT,BTCUSDT,SOLUSDT,-0.14803257240515943,6.114356561958497e-08,17.763901351391258,0.15300771796413676,1451
RUNEUSDT|BTCUSDT|SOLUSDT,RUNEUSDT,BTCUSDT,SOLUSDT,-0.14809259697516663,3.695176950679565e-06,17.770668215785914,0.21203570929148133,1451
ETCUSDT|BNBUSDT|SOLUSDT,ETCUSDT,BNBUSDT,SOLUSDT,-0.14851353060069408,6.355834078338105e-05,17.813996671189283,0.1873100943085955,1451
ALGOUSDT|ETHUSDT|SOLUSDT,ALGOUSDT,ETHUSDT,SOLUSDT,-0.1485811017425905,1.8867532664371183e-06,17.82950579871889,0.15559859581956068,1451
KNCUSDT|ETHUSDT|SOLUSDT,KNCUSDT,ETHUSDT,SOLUSDT,-0.14859823652774382,1.4868889435842258e-07,17.831770540661935,0.18326616687054947,1451
1INCHUSDT|BTCUSDT|ETHUSDT,1INCHUSDT,BTCUSDT,ETHUSDT,-0.1491511501832458,4.2397565352378566e-07,17.89808714491107,0.1322406731788793,1349
OGNUSDT|ETHUSDT|BNBUSDT,OGNUSDT,ETHUSDT,BNBUSDT,-0.14915210547818383,7.646422847304993e-05,17.889076949965293,0.19182006113462685,1252
STORJUSDT|BTCUSDT|ETHUSDT,STORJUSDT,BTCUSDT,ETHUSDT,-0.14924930170096193,3.993373286318318e-08,17.909911412067487,0.22783438659032657,1449
NEOUSDT|ETHUSDT|BNBUSDT,NEOUSDT,ETHUSDT,BNBUSDT,-0.14971013616661843,1.2657320006404785e-06,17.965064452154138,0.14558727974573213,1661
COMPUSDT|ETHUSDT|BNBUSDT,COMPUSDT,ETHUSDT,BNBUSDT,-0.14998213403203328,5.40956832507081e-06,17.997206935644986,0.17138205478863153,1527
RSRUSDT|ETHUSDT|SOLUSDT,RSRUSDT,ETHUSDT,SOLUSDT,-0.15016610898767907,9.824593604845066e-05,18.008143566195674,0.2336164790111168,1416
XRPUSDT|BTCUSDT|ETHUSDT,XRPUSDT,BTCUSDT,ETHUSDT,-0.15034194921119287,9.866184117200638e-09,18.04103272140105,0.18982215090266136,1703
KSMUSDT|BTCUSDT|SOLUSDT,KSMUSDT,BTCUSDT,SOLUSDT,-0.15037180298560016,8.793932485626028e-07,18.044510831082192,0.1699557011006068,1421
SNXUSDT|BTCUSDT|SOLUSDT,SNXUSDT,BTCUSDT,SOLUSDT,-0.15070860318199072,3.3215741128694846e-07,18.08499252294953,0.17365723053533505,1451
LTCUSDT|ETHUSDT|BNBUSDT,LTCUSDT,ETHUSDT,BNBUSDT,-0.15091382385922528,6.479288702702878e-07,18.1095811116426,0.11831495288936175,1668
SKLUSDT|BTCUSDT|SOLUSDT,SKLUSDT,BTCUSDT,SOLUSDT,-0.15193350118210802,1.7831571363982637e-06,18.231806162996595,0.18641497556670555,1366
HBARUSDT|ETHUSDT|BNBUSDT,HBARUSDT,ETHUSDT,BNBUSDT,-0.15193931469047922,0.00028228905445121726,18.19884307632336,0.16951278277153028,1267
ADAUSDT|BTCUSDT|BNBUSDT,ADAUSDT,BTCUSDT,BNBUSDT,-0.15199517883757185,1.2042000901568792e-07,18.23940701010754,0.1674630973701479,1668
SKLUSDT|BTCUSDT|BNBUSDT,SKLUSDT,BTCUSDT,BNBUSDT,-0.15203863801168777,1.5315603226724706e-06,18.24445277416381,0.18082271256173865,1366
ANKRUSDT|ETHUSDT|BNBUSDT,ANKRUSDT,ETHUSDT,BNBUSDT,-0.1526987009459224,4.105782151007473e-06,18.323351419652564,0.1429018234984867,1317
ZILUSDT|BTCUSDT|BNBUSDT,ZILUSDT,BTCUSDT,BNBUSDT,-0.1528835051595587,3.1133587689813983e-05,18.342284588624267,0.18639251754002292,1539
ALGOUSDT|ETHUSDT|BNBUSDT,ALGOUSDT,ETHUSDT,BNBUSDT,-0.15340401031914605,3.749967432477815e-05,18.403981277378552,0.16598824493631284,1541
ALGOUSDT|BTCUSDT|BNBUSDT,ALGOUSDT,BTCUSDT,BNBUSDT,-0.1534157942114475,1.5505206100067375e-07,18.40987669912638,0.17279739076733774,1541
THETAUSDT|ETHUSDT|BNBUSDT,THETAUSDT,ETHUSDT,BNBUSDT,-0.153986833496826,6.315034237422551e-07,18.47834423920827,0.184751993812271,1561
BELUSDT|ETHUSDT|SOLUSDT,BELUSDT,ETHUSDT,SOLUSDT,-0.15416195453137835,0.00028601259946244966,18.465113031829908,0.23296403468806037,1386
C98USDT|BTCUSDT|SOLUSDT,C98USDT,BTCUSDT,SOLUSDT,-0.15451208936413235,2.348919885605824e-05,18.538632019833155,0.1610405269835626,1107
MASKUSDT|ETHUSDT|BNBUSDT,MASKUSDT,ETHUSDT,BNBUSDT,-0.15508182736276263,0.0001667987508461781,18.589803433429974,0.22812703840429813,1104
AVAXUSDT|BTCUSDT|SOLUSDT,AVAXUSDT,BTCUSDT,SOLUSDT,-0.15527487903991935,4.398419095954829e-06,18.63245767449881,0.18319667896121836,1442
CHRUSDT|ETHUSDT|SOLUSDT,CHRUSDT,ETHUSDT,SOLUSDT,-0.15567886814622417,1.1658873042513487e-07,18.68145018689925,0.20536047218643347,1272
DYDXUSDT|BTCUSDT|BNBUSDT,DYDXUSDT,BTCUSDT,BNBUSDT,-0.15606047391315206,7.749488255550363e-05,18.717957483671587,0.1989027812922772,1090
MANAUSDT|BTCUSDT|ETHUSDT,MANAUSDT,BTCUSDT,ETHUSDT,-0.15682167760052815,6.328051301431185e-06,18.817841945907205,0.2369363734829736,1269
KSMUSDT|ETHUSDT|SOLUSDT,KSMUSDT,ETHUSDT,SOLUSDT,-0.15691120697106625,5.175603022082892e-06,18.8287237641653,0.1867013972718839,1421
THETAUSDT|BTCUSDT|SOLUSDT,THETAUSDT,BTCUSDT,SOLUSDT,-0.15737201577103233,2.0958593939174893e-05,18.88212686125118,0.16738376396079818,1451
ONEUSDT|BTCUSDT|BNBUSDT,ONEUSDT,BTCUSDT,BNBUSDT,-0.15778707338432316,6.854891592357521e-06,18.933626219127696,0.1879645341868272,1266
ADAUSDT|ETHUSDT|BNBUSDT,ADAUSDT,ETHUSDT,BNBUSDT,-0.1579893056283536,1.8550272529404815e-07,18.958694415075396,0.1608366975463162,1668
NEARUSDT|ETHUSDT|BNBUSDT,NEARUSDT,ETHUSDT,BNBUSDT,-0.1584765146788749,7.361694796689098e-06,19.01629835808939,0.21579328715457272,1420
KAVAUSDT|BTCUSDT|ETHUSDT,KAVAUSDT,BTCUSDT,ETHUSDT,-0.15851580326795472,2.227473206010117e-06,19.021629095369843,0.18286583984906624,1499
BTCDOMUSDT|BNBUSDT|SOLUSDT,BTCDOMUSDT,BNBUSDT,SOLUSDT,-0.15893554179192151,1.6508653275674092e-06,19.07206691119127,0.06172619726450152,1171
DYDXUSDT|ETHUSDT|BNBUSDT,DYDXUSDT,ETHUSDT,BNBUSDT,-0.15903060360949442,0.0001292243342216175,19.06816551303274,0.19729742726906468,1090
KAVAUSDT|ETHUSDT|BNBUSDT,KAVAUSDT,ETHUSDT,BNBUSDT,-0.1596300433435502,2.96767864560545e-05,19.152043986851297,0.18273083823462027,1499
HBARUSDT|BTCUSDT|BNBUSDT,HBARUSDT,BTCUSDT,BNBUSDT,-0.15966398969653617,0.00011511143939293453,19.14586539085719,0.17040979781217733,1267
XLMUSDT|ETHUSDT|SOLUSDT,XLMUSDT,ETHUSDT,SOLUSDT,-0.16023536594649734,0.00675309859468472,18.417872082217514,0.1440169167673786,1451
BTCDOMUSDT|BTCUSDT|SOLUSDT,BTCDOMUSDT,BTCUSDT,SOLUSDT,-0.1611444541723492,3.711948182396781e-05,19.332880162863027,0.059609573992271465,1171
CELRUSDT|ETHUSDT|BNBUSDT,CELRUSDT,ETHUSDT,BNBUSDT,-0.1612516277266743,0.0003222956255268973,19.31151985213769,0.20722924348079275,1255
DYDXUSDT|BTCUSDT|SOLUSDT,DYDXUSDT,BTCUSDT,SOLUSDT,-0.1617081364913892,0.00039406954108909214,19.357688034036016,0.1864674218583038,1090
RVNUSDT|ETHUSDT|BNBUSDT,RVNUSDT,ETHUSDT,BNBUSDT,-0.16213311558037907,1.0517472416391595e-07,19.45596124867859,0.18809466487973034,1289
SUSHIUSDT|ETHUSDT|SOLUSDT,SUSHIUSDT,ETHUSDT,SOLUSDT,-0.16215874280527243,1.655288848515722e-05,19.457062790014472,0.20033791933823072,1451
SANDUSDT|BTCUSDT|BNBUSDT,SANDUSDT,BTCUSDT,BNBUSDT,-0.16282566297723106,2.9307920290552503e-05,19.535562606832862,0.24119043830301892,1318
DOTUSDT|ETHUSDT|BNBUSDT,DOTUSDT,ETHUSDT,BNBUSDT,-0.16304661538493267,1.5237426223388949e-06,19.56541099707724,0.15047479862997853,1474
RSRUSDT|ETHUSDT|BNBUSDT,RSRUSDT,ETHUSDT,BNBUSDT,-0.16314856829723534,2.486268043461585e-05,19.574844674016088,0.22570796514071104,1416
ZRXUSDT|ETHUSDT|BNBUSDT,ZRXUSDT,ETHUSDT,BNBUSDT,-0.16333873296279514,2.2470812979952547e-05,19.59795145797782,0.19181033662764427,1533
ZILUSDT|BNBUSDT|SOLUSDT,ZILUSDT,BNBUSDT,SOLUSDT,-0.1633408948919696,0.0003097637577255858,19.56373573610928,0.21452626745185524,1451
ZILUSDT|BTCUSDT|ETHUSDT,ZILUSDT,BTCUSDT,ETHUSDT,-0.16354926935118377,1.406813548005756e-05,19.624224145884448,0.19781939186082528,1539
C98USDT|ETHUSDT|SOLUSDT,C98USDT,ETHUSDT,SOLUSDT,-0.16390479834690147,2.829025355278622e-05,19.665180971201842,0.17004857814950536,1107
ZRXUSDT|ETHUSDT|SOLUSDT,ZRXUSDT,ETHUSDT,SOLUSDT,-0.16453283589286047,2.509821841035207e-05,19.740928520934016,0.1915692126712936,1451
ONEUSDT|ETHUSDT|BNBUSDT,ONEUSDT,ETHUSDT,BNBUSDT,-0.16455055998899873,8.955677208129012e-06,19.74499251741487,0.20321835141349587,1266
BATUSDT|ETHUSDT|SOLUSDT,BATUSDT,ETHUSDT,SOLUSDT,-0.16499059631842786,0.000939602316611325,19.686119280217984,0.16527010392204347,1451
SNXUSDT|ETHUSDT|BNBUSDT,SNXUSDT,ETHUSDT,BNBUSDT,-0.16505783867058046,2.462963854683943e-06,19.806645084807094,0.1898835011388632,1482
FILUSDT|BTCUSDT|BNBUSDT,FILUSDT,BTCUSDT,BNBUSDT,-0.16543566298866333,3.8759425383406084e-06,19.851814445535,0.18240244640378475,1419
ZENUSDT|BTCUSDT|ETHUSDT,ZENUSDT,BTCUSDT,ETHUSDT,-0.16632722010406625,1.630546849986114e-05,19.957309756267964,0.17559280465305485,1380
CELRUSDT|BTCUSDT|SOLUSDT,CELRUSDT,BTCUSDT,SOLUSDT,-0.1666858739402567,3.286421808560035e-05,19.99836116666053,0.18861663770284515,1255
ETCUSDT|ETHUSDT|SOLUSDT,ETCUSDT,ETHUSDT,SOLUSDT,-0.1669179350116552,0.0007961211889820213,19.93461765872078,0.17777421337244687,1451
BATUSDT|BTCUSDT|ETHUSDT,BATUSDT,BTCUSDT,ETHUSDT,-0.16772726127254645,1.476378234595002e-05,20.12549969882406,0.16715176926469813,1665
ONEUSDT|BNBUSDT|SOLUSDT,ONEUSDT,BNBUSDT,SOLUSDT,-0.168017837075748,1.914888821672812e-06,20.161910662431158,0.17796397191286803,1266
BANDUSDT|ETHUSDT|SOLUSDT,BANDUSDT,ETHUSDT,SOLUSDT,-0.16839116101576446,1.0217475619484028e-06,20.206816712184303,0.17875322030907137,1451
ETCUSDT|ETHUSDT|BNBUSDT,ETCUSDT,ETHUSDT,BNBUSDT,-0.16844765443194348,0.00580245569300809,19.517423848672248,0.18387023470058775,1668
IOTAUSDT|ETHUSDT|SOLUSDT,IOTAUSDT,ETHUSDT,SOLUSDT,-0.16862974876075945,4.19685624887847e-06,20.235066228541267,0.16986378128703553,1451
C98USDT|BTCUSDT|BNBUSDT,C98USDT,BTCUSDT,BNBUSDT,-0.1694259164901968,3.215635905532129e-05,20.32725121573698,0.1576790111531302,1107
BCHUSDT|BTCUSDT|SOLUSDT,BCHUSDT,BTCUSDT,SOLUSDT,-0.1695113926716139,0.0018350903912165179,20.121156273647685,0.15827978667040365,1451
FILUSDT|BNBUSDT|SOLUSDT,FILUSDT,BNBUSDT,SOLUSDT,-0.16958623455860825,3.0137969997130748e-06,20.349986491393025,0.19193752209714854,1419
1INCHUSDT|ETHUSDT|SOLUSDT,1INCHUSDT,ETHUSDT,SOLUSDT,-0.1695864195720451,1.959399460043818e-05,20.348019069293358,0.1464613886025009,1349
RUNEUSDT|BTCUSDT|ETHUSDT,RUNEUSDT,BTCUSDT,ETHUSDT,-0.16974634357827525,1.3339775027500863e-05,20.36796045638973,0.23743789142447974,1461
DASHUSDT|ETHUSDT|SOLUSDT,DASHUSDT,ETHUSDT,SOLUSDT,-0.17059722534504873,3.150817573674535e-07,20.471629231594964,0.14954679225621081,1451
CHRUSDT|BTCUSDT|ETHUSDT,CHRUSDT,BTCUSDT,ETHUSDT,-0.1718985419930898,7.741771577308177e-08,20.627815749044885,0.2179598771334387,1272
SNXUSDT|ETHUSDT|SOLUSDT,SNXUSDT,ETHUSDT,SOLUSDT,-0.17241020159460113,1.098322522982446e-05,20.687906204324555,0.18667163167655001,1451
HBARUSDT|BTCUSDT|ETHUSDT,HBARUSDT,BTCUSDT,ETHUSDT,-0.17251845061396232,0.0020680781104014025,20.454044700427307,0.1694069780721909,1267
ADAUSDT|BTCUSDT|SOLUSDT,ADAUSDT,BTCUSDT,SOLUSDT,-0.17309122142258412,4.583775730714494e-06,20.77039651762241,0.14416227081613292,1451
IOTAUSDT|BTCUSDT|ETHUSDT,IOTAUSDT,BTCUSDT,ETHUSDT,-0.17365695453087815,3.7345169928084644e-06,20.83838640166624,0.17345920508964774,1666
ADAUSDT|ETHUSDT|SOLUSDT,ADAUSDT,ETHUSDT,SOLUSDT,-0.17375334149590485,0.00031766527594152767,20.812281146395602,0.1497236640184536,1451
GRTUSDT|ETHUSDT|BNBUSDT,GRTUSDT,ETHUSDT,BNBUSDT,-0.17403457268318331,0.0005915038224229744,20.81316826329124,0.18794020675560502,1355
AVAXUSDT|BTCUSDT|ETHUSDT,AVAXUSDT,BTCUSDT,ETHUSDT,-0.17553023151181865,1.7597718862933315e-07,21.063606664155603,0.23251681692299306,1442
EGLDUSDT|ETHUSDT|SOLUSDT,EGLDUSDT,ETHUSDT,SOLUSDT,-0.17575039984736357,0.00010715406426036664,21.077189493972384,0.17273059137862928,1451
ENJUSDT|BTCUSDT|SOLUSDT,ENJUSDT,BTCUSDT,SOLUSDT,-0.17626625187714443,1.8061746549388955e-06,21.151733484298738,0.21041991869628981,1436
ETCUSDT|BTCUSDT|SOLUSDT,ETCUSDT,BTCUSDT,SOLUSDT,-0.17643750580983747,6.178552155853989e-05,21.165086434593473,0.19583361442260053,1451
ANKRUSDT|ETHUSDT|SOLUSDT,ANKRUSDT,ETHUSDT,SOLUSDT,-0.1765067288153166,4.4708892567604814e-05,21.175442390729877,0.15906603872920755,1317
SANDUSDT|BNBUSDT|SOLUSDT,SANDUSDT,BNBUSDT,SOLUSDT,-0.17688742902628418,0.0035609602494870124,20.79917625321566,0.26823413051247685,1318
C98USDT|ETHUSDT|BNBUSDT,C98USDT,ETHUSDT,BNBUSDT,-0.17715675126836924,0.00013864301173070694,21.242172990796625,0.17259016001695066,1107
ENJUSDT|ETHUSDT|BNBUSDT,ENJUSDT,ETHUSDT,BNBUSDT,-0.17743350892632442,6.113900117407485e-05,21.284684391018043,0.20325678064308367,1436
IOSTUSDT|ETHUSDT|SOLUSDT,IOSTUSDT,ETHUSDT,SOLUSDT,-0.1780068020888128,0.00017432186448275447,21.339897626919605,0.18520291839569303,1451
MASKUSDT|BTCUSDT|ETHUSDT,MASKUSDT,BTCUSDT,ETHUSDT,-0.17870168859989538,4.79610705655649e-05,21.438447303519578,0.23556749445685413,1104
1000SHIBUSDT|ETHUSDT|BNBUSDT,1000SHIBUSDT,ETHUSDT,BNBUSDT,-0.17999001157669414,0.00015321790688649175,21.58041524037692,0.24824672823344085,1213
ONEUSDT|BTCUSDT|SOLUSDT,ONEUSDT,BTCUSDT,SOLUSDT,-0.18023610285422176,1.336903205562374e-05,21.626728058659936,0.18114579564657002,1266
TRBUSDT|BTCUSDT|SOLUSDT,TRBUSDT,BTCUSDT,SOLUSDT,-0.1807045581889697,1.593753221485215e-05,21.68263447881058,0.31652852373434776,1451
ICXUSDT|ETHUSDT|BNBUSDT,ICXUSDT,ETHUSDT,BNBUSDT,-0.18106088475246246,5.751170237028476e-06,21.726616029867053,0.17352349096016773,1450
ONTUSDT|ETHUSDT|SOLUSDT,ONTUSDT,ETHUSDT,SOLUSDT,-0.18106219453055036,5.2264967123399614e-05,21.721191547611234,0.16474844924798748,1451
VETUSDT|BTCUSDT|ETHUSDT,VETUSDT,BTCUSDT,ETHUSDT,-0.18182298909530958,1.722939195287283e-05,21.816691164402805,0.20663152911016622,1664
1000SHIBUSDT|BTCUSDT|ETHUSDT,1000SHIBUSDT,BTCUSDT,ETHUSDT,-0.18214145912602764,0.01221339172352685,20.391368088300094,0.24851972236019146,1213
KNCUSDT|BTCUSDT|ETHUSDT,KNCUSDT,BTCUSDT,ETHUSDT,-0.18240407744132706,0.0009545882438089315,21.773938703702175,0.20862607505226033,1535
SANDUSDT|ETHUSDT|BNBUSDT,SANDUSDT,ETHUSDT,BNBUSDT,-0.18331767241707403,9.189718600536379e-05,21.98709302772824,0.2776792809264517,1318
SANDUSDT|BTCUSDT|ETHUSDT,SANDUSDT,BTCUSDT,ETHUSDT,-0.18364244608247524,5.171002176622514e-05,22.03088832728508,0.2850128536044343,1318
AVAXUSDT|ETHUSDT|BNBUSDT,AVAXUSDT,ETHUSDT,BNBUSDT,-0.18594756082024244,0.00018184789023388095,22.291885551601027,0.24560339796006334,1442
BTCDOMUSDT|BTCUSDT|ETHUSDT,BTCDOMUSDT,BTCUSDT,ETHUSDT,-0.18690244849375745,2.4914359117243927e-05,22.425304096156825,0.030541030341524247,1171
CELRUSDT|ETHUSDT|SOLUSDT,CELRUSDT,ETHUSDT,SOLUSDT,-0.18802424870803577,0.0007265604303124864,22.475722593326793,0.2014696062936897,1255
AVAXUSDT|ETHUSDT|SOLUSDT,AVAXUSDT,ETHUSDT,SOLUSDT,-0.18867950369695427,0.0036159350180223274,22.207628241471834,0.20346530304847574,1442
FILUSDT|BTCUSDT|SOLUSDT,FILUSDT,BTCUSDT,SOLUSDT,-0.19005669195307923,1.2058211720303731e-05,22.80535604896307,0.2043785539435476,1419
DOTUSDT|ETHUSDT|SOLUSDT,DOTUSDT,ETHUSDT,SOLUSDT,-0.19019278189246663,9.519661784273636e-06,22.821991467681883,0.1498540053828906,1451
1000SHIBUSDT|BNBUSDT|SOLUSDT,1000SHIBUSDT,BNBUSDT,SOLUSDT,-0.19053038975252273,0.00012980996431855113,22.848069574584503,0.23091460456373497,1213
KSMUSDT|BTCUSDT|ETHUSDT,KSMUSDT,BTCUSDT,ETHUSDT,-0.19063035404533063,5.028717462167242e-05,22.869608024485075,0.20183162038298358,1421
1000SHIBUSDT|ETHUSDT|SOLUSDT,1000SHIBUSDT,ETHUSDT,SOLUSDT,-0.19072346059737755,0.00021334703324079972,22.861213627696408,0.25093060010134405,1213
VETUSDT|ETHUSDT|SOLUSDT,VETUSDT,ETHUSDT,SOLUSDT,-0.19118289755675133,2.919738134309875e-05,22.938444021048987,0.16355770222168925,1451
CELRUSDT|BTCUSDT|ETHUSDT,CELRUSDT,BTCUSDT,ETHUSDT,-0.19134281468796463,0.00023280623159437235,22.93320101476443,0.2158653512862658,1255
GRTUSDT|ETHUSDT|SOLUSDT,GRTUSDT,ETHUSDT,SOLUSDT,-0.19165453651125608,0.004734669973443479,22.43038398453751,0.19123902668907045,1355
THETAUSDT|ETHUSDT|SOLUSDT,THETAUSDT,ETHUSDT,SOLUSDT,-0.1921129368195666,5.770157317837871e-05,23.046628229566586,0.19375200790475214,1451
DYDXUSDT|ETHUSDT|SOLUSDT,DYDXUSDT,ETHUSDT,SOLUSDT,-0.19314831191010196,0.0004899727760338727,23.119000696088168,0.2022017628444539,1090
DYDXUSDT|BTCUSDT|ETHUSDT,DYDXUSDT,BTCUSDT,ETHUSDT,-0.19333311316537075,3.261068621872411e-05,23.196060297498242,0.21598440076050335,1090
SKLUSDT|ETHUSDT|BNBUSDT,SKLUSDT,ETHUSDT,BNBUSDT,-0.19384697652456556,1.2079524627892047e-05,23.26018763999252,0.198043898549527,1366
THETAUSDT|BTCUSDT|ETHUSDT,THETAUSDT,BTCUSDT,ETHUSDT,-0.19406483861155108,9.948625913480197e-06,23.286586798276513,0.21152273937977678,1561
SKLUSDT|ETHUSDT|SOLUSDT,SKLUSDT,ETHUSDT,SOLUSDT,-0.1943898773153424,0.002360539732602719,23.04352050992876,0.2133428251548438,1366
ZILUSDT|ETHUSDT|BNBUSDT,ZILUSDT,ETHUSDT,BNBUSDT,-0.19450848553611177,0.0016324295132912308,23.145126722738464,0.20910885404978447,1539
FILUSDT|ETHUSDT|BNBUSDT,FILUSDT,ETHUSDT,BNBUSDT,-0.1964218062513834,2.108818496910444e-05,23.568086167969714,0.1931083502304494,1419
ENJUSDT|ETHUSDT|SOLUSDT,ENJUSDT,ETHUSDT,SOLUSDT,-0.19682438342124248,6.39886128704533e-05,23.61124737700464,0.2235302951760243,1436
C98USDT|BTCUSDT|ETHUSDT,C98USDT,BTCUSDT,ETHUSDT,-0.19819467154825832,4.571036064887601e-05,23.777875342513134,0.17736820686821944,1107
NEOUSDT|ETHUSDT|SOLUSDT,NEOUSDT,ETHUSDT,SOLUSDT,-0.19875664467802168,2.3928828161543186e-05,23.847925901983217,0.1644307752905794,1451
ALGOUSDT|BTCUSDT|ETHUSDT,ALGOUSDT,BTCUSDT,ETHUSDT,-0.19914679984049133,7.692525821286772e-06,23.896692877760405,0.1874861000673846,1541
ONEUSDT|ETHUSDT|SOLUSDT,ONEUSDT,ETHUSDT,SOLUSDT,-0.19935256967313195,4.8390092612132626e-05,23.916501549662378,0.190871488103742,1266
ZILUSDT|BTCUSDT|SOLUSDT,ZILUSDT,BTCUSDT,SOLUSDT,-0.2013992636978482,5.6521461718345004e-05,24.161129068335583,0.20059851477839208,1451
CHRUSDT|BTCUSDT|SOLUSDT,CHRUSDT,BTCUSDT,SOLUSDT,-0.20625296155520065,0.0007464067478060375,24.660786576887354,0.23035476264054638,1272
ICXUSDT|ETHUSDT|SOLUSDT,ICXUSDT,ETHUSDT,SOLUSDT,-0.20704574886262408,3.321715432701821e-05,24.841503804995646,0.1849047650644837,1450
FILUSDT|BTCUSDT|ETHUSDT,FILUSDT,BTCUSDT,ETHUSDT,-0.20967432969688157,5.375805723654674e-05,25.154468596757404,0.24122131958220838,1419
ADAUSDT|BTCUSDT|ETHUSDT,ADAUSDT,BTCUSDT,ETHUSDT,-0.21446326437023883,1.91392004151178e-06,25.73536205402368,0.18533383663949862,1678
ONEUSDT|BTCUSDT|ETHUSDT,ONEUSDT,BTCUSDT,ETHUSDT,-0.22033511257289684,0.0002749889864466665,26.40721483037402,0.20950208568839992,1266
BCHUSDT|ETHUSDT|SOLUSDT,BCHUSDT,ETHUSDT,SOLUSDT,-0.2207156060983213,0.00033776362424589254,26.44534109688905,0.1664952586536226,1451
ZILUSDT|ETHUSDT|SOLUSDT,ZILUSDT,ETHUSDT,SOLUSDT,-0.225078815862178,0.0011185520704359376,26.87523165500905,0.22303319983080083,1451
1000SHIBUSDT|BTCUSDT|BNBUSDT,1000SHIBUSDT,BTCUSDT,BNBUSDT,-0.22635239551655284,0.037840563462142686,22.621419846529218,0.2449850398627635,1213
1000SHIBUSDT|BTCUSDT|SOLUSDT,1000SHIBUSDT,BTCUSDT,SOLUSDT,-0.23440176036865143,0.014434760858255612,26.396039941247498,0.2577323027734464,1213
FILUSDT|ETHUSDT|SOLUSDT,FILUSDT,ETHUSDT,SOLUSDT,-0.24058944577182567,0.00011922096705243501,28.856426976572788,0.22527998934659066,1419
ENJUSDT|BTCUSDT|ETHUSDT,ENJUSDT,BTCUSDT,ETHUSDT,-0.2521622048827511,0.00017329255959598402,30.238669478778615,0.2592698916650318,1436
MANAUSDT|ETHUSDT|SOLUSDT,MANAUSDT,ETHUSDT,SOLUSDT,-0.2549053585442836,0.007797474240649574,29.652946116436084,0.2659018546410981,1269
AXSUSDT|ETHUSDT|SOLUSDT,AXSUSDT,ETHUSDT,SOLUSDT,-0.2715453973689406,6.119481426192413e-05,32.57810430656144,0.3388526971148438,1384
AXSUSDT|BTCUSDT|BNBUSDT,AXSUSDT,BTCUSDT,BNBUSDT,-0.280829985187808,0.007216518129545501,32.8336160469915,0.33862706636039575,1384
AXSUSDT|BNBUSDT|SOLUSDT,AXSUSDT,BNBUSDT,SOLUSDT,-0.2854447659308557,3.3750746136096996e-06,34.25296690274905,0.32779298304651666,1384
AXSUSDT|BTCUSDT|SOLUSDT,AXSUSDT,BTCUSDT,SOLUSDT,-0.2937015648931829,0.0006497281273110385,35.166220411904625,0.348743508028077,1384
MANAUSDT|BTCUSDT|SOLUSDT,MANAUSDT,BTCUSDT,SOLUSDT,-0.29456096286130623,0.02902340693708131,31.864506710906987,0.28153295654057536,1269
SANDUSDT|ETHUSDT|SOLUSDT,SANDUSDT,ETHUSDT,SOLUSDT,-0.3172347060766143,0.006301391522217736,37.31199774652759,0.332669694495588,1318
AXSUSDT|BTCUSDT|ETHUSDT,AXSUSDT,BTCUSDT,ETHUSDT,-0.34911025730094575,0.006708926699840596,41.08815967213262,0.39661166899662587,1384
AXSUSDT|ETHUSDT|BNBUSDT,AXSUSDT,ETHUSDT,BNBUSDT,-0.3503694197866771,0.007775923331981988,41.11121957456342,0.35664267348813616,1384
SANDUSDT|BTCUSDT|SOLUSDT,SANDUSDT,BTCUSDT,SOLUSDT,-0.3504394739998474,0.025276597521057338,39.01954517745481,0.34254604758696355,1318
